우윤근,72,1814168,PRC_X1V1C1I2J1I3I1N6V5I8Y3Z4E7Q7N2,비혼 가정의 양육비 및 부양료 확보에 관한 법률안,계류,2011-12-13,"","","■ 제안이유 
  혼인관계에 있지 아니한 상태에서 자녀를 출산하여 혼자서 자녀를 양육하고 있는 비혼자 가정의 경우에는 양육부모 일방이 자녀의 양육과 생계를 책임져야 하기 때문에 경제적으로 어려운 현실에 처해있으나, 비양육부모로부터 양육비를 지급받기 위해서는 인지청구와 양육비 지급청구를 거쳐야 하기 때문에 실제로 양육비를 지급받는 것은 매우 어려운 현실임. 설령 양육비 지급판결을 받았다고 하더라고 이에 대한 집행력을 담보하기 어려운 사례가 많아 비혼자 가정의 자녀의 경우 경제적ㆍ심리적으로 안정된 생활을 하지 못하고 있는 실정임. 
  OECD 국가의 사례를 살펴보면, 독일 등 18개 국가가 양육비 대지급제도를 운영하는 등 한부모 가정의 자녀양육을 위한 양육비 이행체계를 체계적으로 갖추어 자녀의 복리 증진을 기하고 있으며, UN 아동권리협약 제27조에서는 “모든 아동은 부모의 혼인상태와 무관하게 그 신체적, 지적, 정신적, 도덕적, 사회적 발달에 적합한 생활수준을 누릴 권리를 가져야 한다”고 규정하고 있음. 
  이에 비혼자 가정의 자녀의 안정적인 생활을 위하여 비양육부모가 자녀의 양육비와 부양료를 지급하지 아니하는 경우에 국가가 우선 이를 대신 지급한 후에 비양육부모에게 구상권을 행사할 수 있도록 하고, 자녀의 인지청구와 양육비 청구에 수반되는 소송을 국가가 대행할 수 있도록 함으로써 비혼자 가정을 보호하고 자녀의 안정적인 양육을 도모하려는 것임. 
■ 주요내용 
  가. 혼인관계에 있지 아니한 상태에서 자녀를 출산ㆍ양육하고 있는 모 또는 부가 자녀를 양육하고 있지 아니하는 부모 일방으로부터 양육비 또는 부양료를 지급받지 못하고 있는 경우에 국가가 이를 대신 지급함으로써 미성년 자녀가 경제적으로 안정된 환경에서 성장할 수 있도록 하는 것을 목적으로 함(안 제1조).
  나. 비혼모 또는 비혼부는 비양육부모가 양육비 또는 부양료를 지급하지 아니하는 경우에는 여성가족부장관에게 양육비 또는 부양료를 대신하여 지급할 것을 신청할 수 있음(안 제6조).
  다. 여성가족부장관은 대지급 신청을 받은 경우 비혼모 또는 비혼부에게 비양육부모를 대신하여 양육비 또는 부양료를 지급할 수 있음(안 제7조).
  라. 여성가족부장관은 양육비 또는 부양료를 대지급한 경우에 양육비 지급의무가 있는 비양육부모에 대하여 구상권을 행사할 수 있음(안 제12조).
  마. 여성가족부장관은 비혼모 또는 비혼부의 신청이 있는 경우 자녀의 인지청구와 양육비지급청구를 대행할 수 있고, 이러한 업무를 법률구조를 목적으로 하는 비영리법인에 위탁할 수 있음(안 제13조).
  바. 거짓이나 그 밖의 부정한 방법으로 양육비 또는 부양료를 대지급 받은 사람은 1년 이하의 징역 또는 1천만원 이하의 벌금에 처함(안 제16조).","김성곤,김학재,박영선,박우순,박은수,안민석,우윤근",여성가족위원회
우윤근,72,1813915,PRC_H1J1T1U1Z2N2T1U4Z3W2F1R3N0E5G1,영산강·섬진강수계 물관리 및 주민지원 등에 관한 법률 일부개정법률안,계류,2011-11-22,"","","제안이유 및 주요내용
  현재 섬진강 하류에 위치한 광양시와 하동시는 주암댐 및 섬진강댐, 그리고 취수장의 건설로 인한 수량부족으로 농업용수 부족, 바다화 현상으로 어업손실 등 많은 피해를 입고 있음에도 불구하고 주민지원사업대상에서 제외되어 있을 뿐만 아니라 물이용 부담금의 부과대상이 되고 있음.
  이에 댐 및 취수장 건설로 인하여 강 하류에 피해가 발생하는 지역의 주민에 대한 지원방안 마련과 물이용 부담금의 부과를 면제하고자 함(안 제21조제1항제1호의3 신설 및 제30조제5항).","김성곤,노영민,노철래,박우순,박은수,박지원,우윤근",환경노동위원회
우윤근,72,1813189,PRC_M1C1U0X9E0X9G1I7N1K0G2E9A4Y4F8,군사법원법 일부개정법률안,계류,2011-09-09,"","","■ 제안이유 및 주요내용 
  현행 군판사와 검찰관의 임명은 군법무관이면 족하고 어떠한 제한도 존재하지 않으므로, 검찰관으로 업무수행 중 군판사로 임명되는 사례가 발생할 수 있어 심증이 이전되거나, 군사법원과 검찰부의 독립성에 의문이 있다는 문제점이 지적되고 있음. 따라서 군판사와 검찰관간 상호간 바로 보직을 변경할 수 없도록 ‘직접적인 상호순환보직’을 금지토록 함으로써 심증의 이전을 방지하고, 군사법원과 검찰부 사이의 독립성을 제고하며, 국민의 군사법원에 대한 신뢰를 제고하고자 함.
  둘째, 현행 군판사의 임명자격은 군법무관으로만 규정하고 있어 위관급 군법무관인 중위 및 대위인 군법무관이 군판사업무를 수행하고 있으나, 법조경력 및 군경력 부족으로 인하여 군사재판의 특수성을 정확히 이해하지 못할 수도 있다는 지적과 동시에 계급사회인 군의 특성상 군사법원의 권위를 저하시킬 수 있다는 우려가 있음. 따라서 군판사 임명자격을 영관장교 이상의 군법무관으로 계급을 상향함으로써 법조경력과 군경력을 갖춘 군판사의 업무수행으로 인하여 장병의 인권을 보장하고, 군사법원의 권위를 제고하고자 함(안 제23조제1항, 안 제41조제1항).","김재균,김학재,박은수,박준선,우윤근,이용희,이춘석",법제사법위원회
우윤근,72,1813188,PRC_K1I1L0J9T0R9N1G7X0F8Q1M2N2Y1X9,발전소주변지역 지원에 관한 법률 일부개정법률안,계류,2011-09-09,"","","■ 제안이유 및 주요내용 
  현행법은 전력사업에 대한 국민의 이해를 증진하여 전원(電源)개발을 촉진하고 발전소의 원활한 운영을 도모하기 위하여 발전소주변지역에 대한 지원사업을 시행하고 있으며, 지원대상지역은 발전기 설치 지점이나 설치될 지점으로부터 반지름 5킬로미터 이내의 육지 및 섬지역이 속하는 읍·면·동의 지역으로 한정되어 있음.
  이에 따라 발전소로부터 반지름 5킬로미터를 넘은 지역에 거주하는 주민들이 피해를 받는 경우도 있으나 지원이 제대로 이루어지지 않고 있는 실정임.
  따라서 발전소주변지역 지원대상지역을 발전기 설치지점이나 설치될 지점으로부터 반지름 10킬로미터로 확대하려는 것임(안 제2조 본문).","김재균,김학재,박은수,박준선,우윤근,이용희,이춘석",공항·발전소·액화천연가스인수기지주변대책특별위원회
우윤근,72,1813186,PRC_P1R1W0Y9I0K9Z1R7V0A6L2J8F8W4U6,조세특례제한법 일부개정법률안,계류,2011-09-09,"","","■ 제안이유 및 주요내용 
  현재 정부 및 지방자치단체 등이 공공기관 및 지방공기업 등에 출자하는 경우 등록면허세가 부과되고 있는데, 정부가 「국유재산법」에 따라 현물출자 하는 경우 등록면허세가 면제되는 것과 비교할 때 불합리한 측면이 있음.
  이에 정부 및 지방자치단체 등이 공공기관 및 지방공기업 등에 출자하는 경우 그 출자에 관한 등록면허세를 면제하려는 것임(안 제119조제4항 신설).","김재균,김학재,박은수,박준선,우윤근,이용희,이춘석",기획재정위원회
우윤근,72,1812858,PRC_B1B1E0Z8K1Z2I1S1E1U0T2Y6P7L5O9,외국인근로자의 고용 등에 관한 법률 일부개정법률안,계류,2011-08-12,"","","■ 제안이유 및 주요내용 
  현행법상 외국인근로자 도입 업종 및 규모는 국무총리 소속의 외국인력정책위원회가 심의·의결하는 사항임.
  그런데 항만배후단지 입주기업 등에서의 외국인력에 대한 잠재수요가 증가하고 있음에도 불구하고 외국인력정책위원회에서 결정된 외국인근로자 도입 업종 및 규모는 그 수요를 반영하지 못하고 있는 실정임.
  이에 외국인력정책위원회는 외국인근로자 도입 업종 및 규모를 결정하려면 해당 업종을 대표하는 사용자단체의 의견 수렴을 미리 거쳐야 하고, 도입 업종 등을 결정한 때에는 그 결과와 이유를 그 사용자단체에 알리도록 함으로써 외국인근로자 도입 업종 및 규모 결정에 기업의 의견이 반영될 수 있도록 하려는 것임(안 제4조제5항 신설).","김낙성,김성곤,김영진,김학재,박은수,우윤근,이용희",환경노동위원회
우윤근,72,1812856,PRC_H1M1W0R8T1O2V1O1T0P9D0J1F4O8F4,조세특례제한법 일부개정법률안,의결,2011-08-12,2011-12-30,대안폐기,"■ 제안이유 및 주요내용 
  경제의 지속적인 발전을 위하여 필요한 자본을 조달하기 위해서는 적극적으로 외국인투자를 유치할 필요가 있으나, 우리나라의 경우 중국·싱가포르 등 주변의 경쟁국과 비교할 때 외국인투자를 유치하기 위한 제도적인 여건이 부족하여 외국인투자 유치 실적이 저조한 상황임. 특히, 조세감면의 요건이 상대적으로 엄격하기 때문에 외국인투자 유치를 위한 유인을 제공하지 못한다는 지적이 있음.
  따라서 고도기술수반사업 및 산업지원서비스업과 자유무역지역에 입주하는 외국인 물류기업에 대한 조세감면의 요건을 완화하여 외국인투자유치를 활성화하려는 것임.
주요내용
  가. 외국인투자위원회의 심의를 거쳐 기획재정부장관이 인정하는 산업지원서비스업 및 고도기술수반사업에 대하여 법인세 등을 감면하도록 함(안 제121조의2제1항제1호).
  나. 자유무역지역에 입주하는 외국인 물류기업의 조세감면 요건인 외국인투자금액의 한도를 미화 2백만 달러로 함(제121조의2제1항제3호 신설).","김낙성,김성곤,김학재,박은수,박지원,우윤근,이용희",기획재정위원회
우윤근,72,1812855,PRC_L1J1P0H8V1K2S1Y0Z5Y7W5E7D2O6F2,경제자유구역의 지정 및 운영에 관한 특별법 일부개정법률안,계류,2011-08-12,"","","제안이유 및 주요내용
  현행법은 경제자유구역에 입주하는 외국인투자기업의 경영환경 개선을 위하여 국내기업에 일반적으로 적용되는 의무적 고용이나 파견업종 및 파견기간 등의 적용을 배제하는 특례를 둠으로써 외국인투자기업의 노무환경 개선을 통한 투자 유치를 지원하고 있음.
  그러나 외국인투자기업이 국내 노동환경에 대한 이해가 부족하고 이를 지원하기 위한 전문적인 지원기구가 없어 외국인투자기업이 노사부문에 대한 상담이나 노무관리 등에 어려움을 호소하고 있는 실정임.
  이에 따라 시·도지사로 하여금 경제자유구역내 외국인투자기업의 노무환경 개선을 위한 상담·안내·홍보·조사 및 노사협력을 위한 설명회나 토론회 등의 개최를 지원하고 노무부문에 대한 지원업무를 종합적으로 수행하기 위한 지원센터를 경제자유구역청 소속으로 운영하도록 하여 외국인투자기업의 노무환경개선을 도모하려는 것임(안 제19조의2 신설).","김낙성,김성곤,김영진,김학재,박은수,우윤근,이용희",지식경제위원회
우윤근,72,1811789,PRC_I1K1E0Q5V1F2H1O6A1U1F4N1U2V5P6,군사법원법 일부개정법률안,계류,2011-05-12,"","","■ 제안이유 및 주요내용 
  필요적 보석의 제외 사유를 현행 「형사소송법」은 사형, 무기 또는 장기 ‘10년이 넘는’ 징역이나 금고에 해당하는 죄를 범한 때로 규정하고 있는 반면, 이 법에서는 사형, 무기 또는 장기 ‘10년 이상의’ 징역이나 금고에 해당하는 죄를 범한 경우로 규정하고 있음. 일반법원의 피고인과 달리 군사법원의 피고인에 대해서만 필요적 보석사유를 달리 정할 합리적 이유는 없고, 양 법의 제정 시에 동일하게 규정되었던 것이 「형사소송법」과 「군사법원법」이 각각 개정되는 과정에서 일치하지 않게 된 것이므로 이 법의 필요적 보석 제외 사유를 「형사소송법」과 동일하게 하려는 것임(안 제135조제1호).","김학재,박영선,박우순,박은수,박준선,우윤근,이용희",법제사법위원회
우윤근,72,1811478,PRC_J1V1K0R4U1T2B1B7A4U3Z2J9Z4K2J6,항만법 일부개정법률안,계류,2011-04-12,"","","제안이유 및 주요내용
  항만과 연계되는 도로의 설치는 물류비 개선과 물류산업의 발전을 촉진하고 나아가 물류비 절감으로 인하여 국가경쟁력 제고에 이바지하고 있음.
  그러나 국토해양부장관이 항만과 연계되는 도로를 건설한 이후 해당 지방자치단체에 도로의 유지ㆍ관리를 이관함으로써, 해당 지방자치단체는 도로 파손으로 인한 유지ㆍ보수비용으로 인하여 열악한 지방자치단체의 재정에 큰 부담을 주고 있음.
  이에 국토해양부장관이 항만공사와 관련하여 도로를 설치함에 따라 해당 지방자치단체가 도로의 관리청이 되는 경우 국가는 해당 도로의 유지ㆍ관리(용역비 포함) 비용을 우선적으로 지원하도록 함으로써 지방자치단체의 재정적 부담을 완화하려는 것임(안 제67조제3항 신설).","박영선,박우순,박은수,박준선,신낙균,우윤근,이춘석",국토해양위원회
우윤근,72,1810711,PRC_I1K1X0Z1H2O8O1H6D0N9E4Q7A2F5H2,국회법 일부개정법률안,계류,2011-01-28,"","","■ 제안이유 
  ？헌법재판소법？에 따르면 법률이 헌법에의 위반 여부를 결정하기 위하여 법원이 위헌법률심판을 헌법재판소에 제청하고, 헌법재판소는 제청된 법률 또는 법률 조항의 위헌여부만을 결정하도록 하고 있음. 법률의 위헌결정은 법원 및 국가기관 등을 기속하고, 위헌으로 결정된 법률 또는 법률의 조항은 그 결정이 있는 날로부터 효력을 상실하게 됨.
  이 때 효력이 상실된 법률은 제정이나 개정을 통하여 위헌 부분을 바로 개선해야 함에도 불구하고, 이들 법률에 대한 제·개정안이 해당 상임위원회에서 심사가 적시에 이루어지지 않아 미 개정 상태로 오랫동안 방치됨으로써 입법공백을 초래하거나 부당한 권리침해 상태가 지속되는 사례가 많이 발생하고 있음.
  이에 헌법재판소로부터 위헌결정이 난 법률의 경우 법제사법위원회의 소관 사항으로 하고, 법제사법위원회에서 위원회안으로 그 제정안·폐지안 또는 개정안을 제안할 수 있도록 함으로써 법적 안정성을 통한 국민의 권리를 보호하고자 함.
■ 주요내용 
  가. 헌법재판소에서 위헌결정을 받은 법률의 제정·폐지 또는 개정에 관한 사항을 법제사법위원회의 소관사항으로 함(안 제37조제1항제2호아목 신설).
  나. 헌법재판소에서 위헌결정을 받은 법률의 경우 위헌결정 당시 제정·폐지 또는 개정 기한이 명시되지 않은 경우 위헌결정일부터 6개월 이내에, 제정·폐지 또는 개정 기한을 명시한 경우 그 시한 이전 30일 이내에 그 법률의 제정안·폐지안 또는 개정안을 제출할 수 있도록 함(안 제51조의2 신설).","김성곤,박영선,박우순,박은수,박준선,박지원,우윤근",국회운영위원회
우윤근,72,1810132,PRC_Q1J0K1W2A0M3R1S6G5N4X3U0A5O0A3,국민건강보험법 일부개정법률안,계류,2010-12-03,"","","제안이유
  현행법에 따르면 교정시설 수용자는 건강보험료 납입의무가 면제되는 대신 보험급여를 받을 수 없는 급여정지 대상자로 편입되도록 규정되어 있음. 수용자에 대한 건강보험 적용은 법무부장관이 매년 사용될 비용(공단부담금)을 예상하여 국민건강보험공단에 예탁하고, 이 범위에서 요양급여가 이루어도록 하는 방식으로, 예산의 범위에서 제한적으로 이루어지고 있음. 
  2008년 구금시설 수용자 1인당 연간의료비 예산은 21만원인데 이는 2008년 국민 1인당 의료비인 137만 2,000원의 15.3%에 지나지 않아 수용자의 의료서비스 수준은 일반 시민에 비해 열악한 수준임. 
  이렇게 수용자의 보험급여를 일반인과 달리 규정한 것은 구금시설에 수용된 자의 의료보장 체계를 일원화하여 수용자에 대한 의료보장제도를 합리적으로 운영하기 위한 정책적 판단에 기인함. 그러나 형벌이 확정되어 그 집행을 받는 기결수와 헌법상 무죄추정의 원칙을 적용받는 미결수를 구분하지 않고 일괄적으로 보험적용을 제한하는 것은 불합리한 규정이라 볼 가능성이 있음. 
  특히 「형사소송법」에서 미결수의 보건의료에 관한 권리를 규정하고 있는 점, 미결수의 경우에는 교정시설에 비교적 단기간 구금될 수 있어 기결수의 의료처우와 같은 중장기적 질병치료계획을 적용하기 어렵다는 점 등을 고려하면 미결수의 경우 사회에서 받던 의료의 연속선상에서 기결수와는 다른 달리 건강보험 급여를 유지하여야 할 필요가 있음.
  이에 무죄추정의 원칙을 적용받는 미결수에 대하여는 건강보험 적용에 제한을 두지 않도록 하여 이들의 의료처우를 개선하고자 하려는 것임.
주요내용
  건강보험급여의 지급 정지 대상에서 미결수용자를 제외함(안 제49조제4호).","김상희,김성곤,박영선,박우순,박은수,박준선,우윤근",보건복지위원회
우윤근,72,1810109,PRC_Q1Z0A1V2V0J2I1U7F3U7E1K2L5R9S9,아동·청소년의 성보호에 관한 법률 일부개정법률안,의결,2010-12-02,2011-08-23,대안폐기,"제안이유
  2010년 4월 15일 「아동·청소년의 성보호에 관한 법률」 제33조제3항을 개정하면서 신상정보 등록대상자의 신상정보 제출 의무 등 고지사항을 ‘여성가족부장관’에게만 송달하고 ‘등록대상자’에게는 송달하지 아니하도록 하였음. 물론, 제33조제2항에 따라 법원은 등록대상자에게 등록대상자라는 사실과 신상정보 제출 의무가 있음을 알려주도록 하고 있음.
  그러나 제34조제1항은 등록대상자가 법 개정으로 송달 대상에서 제외되었음에도 불구하고, “등록대상자는 제33조제3항에 따른 송달을 받은 날부터 30일 이내에” 자신의 신상정보를 관할 경찰관서의 장에게 제출하도록 규정함으로써 다른 항을 인용하는 모순이 발생함. 
  이러한 모순을 해결하기 위하여 「성폭력범죄의 처벌 등에 관한 특례법」 제33조와 같이 “등록대상자는 판결이 확정된 날부터 60일 이내에” 신상정보를 제출하도록 개정하려는 것임.
주요내용
  신상정보 등록대상자는 판결이 확정된 날부터 60일 이내에 신상정보를 제출하도록 함(안 제34조제1항).","김상희,김성곤,박영선,박우순,박은수,박준선,우윤근",여성가족위원회
우윤근,72,1810107,PRC_V1E0Y1J2T0R2M1W7I0Z2J0K8Z4H9H3,민사조정법 일부개정법률안,의결,2010-12-02,2011-12-29,원안가결,"제안이유 및 주요내용
  민사조정(民事調停)제도는 민사에 관한 분쟁을 신속하고 간이한 절차에 따라 소송에 비하여 낮은 비용으로 당사자 사이의 상호 양해를 통하여 원만하게 해결함을 목적으로 하는 소송외 분쟁해결제도로서 엄격한 소송절차에 따른 분쟁해결의 단점을 보완하는 긍정적 효과가 인정되고 있으므로 제도의 적정한 활용을 위한 다양한 방안을 강구하여야 할 것임.
  그러나 현행의 독촉절차는 채권자가 신청하여 법원이 발령한 지급명령에 대하여 채무자가 적법한 이의신청을 하면 지급명령이 그 범위안에서 효력을 상실하고 지급명령을 신청한 때에 소가 제기된 것으로 보아 곧바로 소송으로 이행되도록 되어 있으므로, 비록 소송 계속(係屬) 중에 수소법원(受訴法院)의 회부결정이나 당사자의 조정신청에 따라 조정사건으로 처리될 수 있는 여지는 있으나, 당사자가 소제기 이전 단계에서 조정을 통하여 분쟁을 해결할 수 있도록 절차 선택권을 보장함에 있어 미흡한 측면이 있고, 절차적·비용적으로도 소송경제에 반하는 측면이 있음.
  이에 법원이 발령한 지급명령에 대하여 채무자가 적법한 이의신청을 한 경우에 채권자의 의사에 따라서 독촉절차가 소송 뿐 아니라 조정으로도 이행될 수 있도록 제도적 장치를 마련하려는 것임(안 제5조의2 및 제5조의3 신설).","김상희,김성곤,박영선,박우순,박은수,박준선,우윤근",법제사법위원회
우윤근,72,1809796,PRC_Q1U0P1R1Q0G3T1X7Y2A1V1G9U9Y0I7,정보화마을의 조성 및 육성에 관한 법률안,계류,2010-11-03,"","","제안이유
  현재 행정안전부에서 담당하는 정보화마을의 조성 및 육성사업은 그 성과를 높이 인정받고 있음에도 불구하고 법적 근거가 미약하여 이를 체계적으로 추진하기 어려운 측면이 있음.
  따라서 이를 법제화하여 정보화마을의 조성 및 육성을 지속적이고 체계적으로 추진할 수 있게 함으로써 지역 간 정보격차를 해소하고 지역경제를 활성화하며 주민의 삶의 질을 높이고 지역 간 균형 발전을 도모하려는 것임.
주요내용
가. 행정안전부장관은 정보화마을의 조성 및 육성을 촉진하기 위하여 5년마다 시·도지사와 협의하여 정보화 기반시설의 설치·운영에 관한 사항, 재원의 조달 및 운용에 관한 사항 등이 포함된 정보화마을 기본계획을 수립하도록 함(안 제4조).
나. 시ㆍ도지사는 기본계획에 따라 시장ㆍ군수·구청장과의 협의를 거쳐 매년 정보화마을시행계획을 수립하여 이를 행정안전부장관에게 제출하고, 행정안전부장관은 제출받은 시·도별 정보화마을시행계획을 종합·조정하여 해당 연도 정보화마을종합시행계획을 수립하도록 함(안 제5조).
다. 정보화마을의 조성 및 육성에 관한 주요 정책을 심의하기 위하여 행정안전부장관 소속으로 정보화마을심의위원회를 두도록 함(안 제6조).
라. 정보화마을의 지정 신청은 시ㆍ도지사가 시장·군수·구청장과의 협의를 거쳐 정보화마을의 범위를 정하여 행정안전부장관에게 신청하게 하고, 행정안전부장관은 해당 지역의 가구 및 인구 규모, 지방자치단체의 정보화마을 지원계획, 해당 지역의 정보화 수준 등을 고려하여 신청 받은 지역을 정보화마을로 지정할 수 있도록 함(안 제7조).
마. 행정안전부장관은 지정된 정보화마을의 조성 및 육성을 위하여 마을정보센터의 설치, 정보통신기기의 보급, 정보화마을 홈페이지 및 전자상거래 시스템 개발 및 운영 등의 업무를 하도록 함(안 제9조제1항).
바. 정보화마을의 효율적인 운영과 관리를 위하여 정보화마을별로 마을정보센터의 관리·운영, 정보화마을 간 정보교류 등의 업무를 하는 해당 마을 주민으로 구성된 정보화마을운영위원회를 두도록 함(안 제9조제2항부터 제4항까지).
사. 정보화마을 상호 간의 협력증진 및 공동이익의 추진과 공동사업의 수행 등을 하기 위하여 정보화마을의 조성 및 육성을 위한 정책개발 및 건의, 정보화마을에 대한 홍보 등의 업무를 하는 정보화마을중앙협회를 설립하도록 함(안 제12조).","김낙성,김성곤,노영민,박우순,박은수,안민석,우윤근",행정안전위원회
우윤근,72,1809218,PRC_L1S0J0Q8F3X1I1W3P4E4U5S9F7C3T7,상법 일부개정법률안,의결,2010-08-31,2011-03-11,대안폐기,"제안이유
  현행 「상법」 제542조의10은 구증권거래법의 폐지에 따라 상장회사에 대한 특례로서 「상법」에 수용된 규정으로서 일정 규모 이상(자산규모 1천억원 이상)인 상장회사의 감사의 독립성 및 투명성을 확보하기 위해 이 조의 적용대상인 상장회사는 상근감사를 의무적으로 설치하거나 상근감사를 대신하는 감사위원회를 설치하도록 규정하고 있는데, 상근감사를 대신하여 감사위원회를 설치하는 경우에 「상법」 제393조의2 및 제415조의2에 따른 일반 회사에 적용되는 감사위원회를 설치해야 하는지 상장회사의 특례로서 「상법」 제542조의11 및 제542조의12에 따른 감사위원회를 설치해야 하는지에 대해 해석상 혼란이 있으므로 이를 분명히 하도록 개선하려는 것임.
주요내용
  자산규모 1천억원 이상인 상장회사가 상근감사를 대신하여 감사위원회를 설치하는 경우에는 「상법」 제3편제13절의 감사위원회 규정을 적용받도록 문언을 명확히 함(안 제542조의10제1항 단서).","김동철,노영민,박영선,박우순,박은수,안민석,우윤근",법제사법위원회
우윤근,72,1809217,PRC_O1K0L0F8S3B1D1Y3D4P1Q2P5S5R8R0,소득세법 일부개정법률안,의결,2010-08-31,2010-12-08,대안폐기,"제안이유
  현행 소득세법 제52조제6항에 의하면 기부금 특별공제로 법정기부금, 지정기부금 등으로 나누고 있으며, 공제대상 기부금으로 노인복지시설, 가정폭력상담소, 사회복지관 등과 같이 사회복지법에 의한 사회복지시설에 대한 기부금은 법정 기부금으로 정해져 기부금 전액을 공제받고 있음(소득세법 제34조제2항 참조).
  이에 반해, 법률구조 법인으로서 법률복지서비스를 제공하고 있는 경우 지정기부금의 적용을 받아 근로소득 금액에서 법정기부금을 공제한 소득액의 20% 한도 내에서만 공제를 받고 있음. 이는 가정폭력 방지 등 유사한 업무를 수행하고 있는 기관과의 형평성에도 어긋날 뿐만 아니라, 법률구조를 사회복지 개념으로 보고 있는 세계적 추세와도 맞지 않는 일임. 따라서 급증하는 법률구조의 수요에 적극 대응하고 법률복지의 증진을 기하기 위해 법률구조법인에 기부하는 기부금 전액에 대해서 공제가 이루어지도록 소득세법 개정이 필요함.
주요내용
  1. 법정기부금 적용단체를 추가함(안 제34조제2항제11호 신설).
   법률구조사업의 활성화를 위해 기부금을 소득금액의 100퍼센트까지 필요경비에 산입할 수 있는 법정기부금 적용단체에 법률구조사업을 수행하는 법률구조법인을 추가함.","김동철,노영민,박영선,박우순,박은수,안민석,우윤근",기획재정위원회
우윤근,72,1808117,PRC_O1L0V0F4I0D7Y1V8A2R2X4G7Q6F0A6,법학전문대학원에의 법관·검사 및 일반직 공무원의 파견에 관한 법률안,계류,2010-04-07,"","","제안이유
  공무원을 법학전문대학원의 교원으로 파견함에 있어 「국가공무원법」 등에 따라 현재 인정되고 있는 파견방식으로는 법률개방시대와 국민의 사법서비스 요구 증가에 맞춰 경쟁력 있는 법조인을 양성한다는 법학전문대학원의 취지에 적합한 파견목적을 달성하기 어려운 측면이 있음.
  따라서 법관·검사 및 일반직 공무원과 같은 법률 관련 업무를 수행하고 있는 다양한 경력자를 법학전문대학원의 교원으로 파견하도록 하는 근거규정을 둠으로써 법학전문대학원의 실무교육을 강화하고 내실화하려는 것임. 
주요내용
  가. 국가기관의 장은 법학전문대학원의 설립·경영자의 요청이 있는 때에 일반직공무원 중 대통령령으로 정하는 공무원과 법관 및 검사 등을 당사자의 동의를 받아 해당 법학전문대학원에 교원으로 파견근무하게 할 수 있도록 함(안 제2조부터 제4조까지).
  나. 파견기간은 3년을 초과하지 아니하는 범위에서 해당 기관의 장이 정하도록 하되, 기간 연장을 요청받는 경우 파견공무원의 동의를 얻어 최대 2년까지 연장할 수 있도록 함(안 제7조).
  다. 파견공무원의 소속기관의 장은 법학전문대학원의 설립·경영자와 계약하여 파견공무원이 전임교원 또는 겸임교원으로서 법조교원의 업무를 수행할 수 있도록 함(안 제8조).
  라. 파견공무원은 파견을 이유로 인사·보수 등 신분상의 불이익한 대우를 받지 아니함(안 제9조제1항).
  마. 법학전문대학의 설립·경영자는 파견공무원이 법조교원의 업무를 수행하는 경우 그 대가에 상응하는 금액을 국고에 납입하도록 함(안 제9조제3항).","김동철,노영민,박기춘,박영선,박주선,박지원,양승조",교육과학기술위원회
우윤근,72,1808056,PRC_D1F0M0D4T0O2T1V5N0J0E2Q6E7A0V6,민사소송 등 인지법 일부개정법률안,의결,2010-04-02,2011-02-18,수정가결,"제안이유 및 주요내용
  민사소송절차 등 각종 소송절차에서 소장(訴狀) 등에 인지를 붙이거나 인지액에 해당하는 현금을 납부하도록 하고 있으나, 소송 당사자의 납부편의를 위하여 인지액에 해당하는 금액을 신용카드·직불카드 등으로 납부할 수 있도록 하려는 것임(안 제1조 및 제13조).","노영민,박기춘,박영선,박은수,안민석,양승조,우윤근",법제사법위원회
우윤근,72,1808055,PRC_E1Q0U0B4W0A2C1J4U5F5B3L5B0S5D6,민사소송법 일부개정법률안,계류,2010-04-02,"","","제안이유 
  현행 민사소송법 제208조제1항에서는 판결서의 기재사항을 규정하면서 판결서에 당사자의 법정대리인, 주문, 청구의 취지 및 상소의 취지, 이유, 변론을 종결한 날짜, 법원을 기재하도록 하고 있음. 그러나 현행 판결서의 기재사항만으로는 재판의 결과에 대하여 재판당사자를 이해시키거나 설득시키는데 한계가 있다고 지적되고 있음. 
  무엇보다 법조비리, 오판(심리미진·채증법칙위반·사실오인 등)의 핵심원인은 판결서의 내용이 부실하기 때문임. 따라서 재판당사자가 재판의 결과를 이해하고 승복할 수 있도록 하기 위하여 판결서에 ‘사실과 쟁점’을 반드시 기재하도록 할 필요가 있음.
주요내용
  판결서에 사실과 쟁점을 필수적으로 기재할 수 있도록 하려는 것임(안 제208조제1항제4호 신설).","노영민,박기춘,박영선,박은수,안민석,양승조,우윤근",법제사법위원회
우윤근,72,1807880,PRC_A1F0T0T3A1C7Z1K4F5Y4C2F5T1E9H4,형사보상법 일부개정법률안,계류,2010-03-17,"","","제안이유 
  외국에 도망한 범죄인을 인도청구하고, 해당 외국에서 인도를 하기 위하여 범죄인을 구금한 경우에 무죄판결을 받으면 형사보상을 청구할 수 있도록 인정할 필요가 있음. 그러나 현행 「형사보상법」에서는 이에 대하여 규정하지 않고 있음. 
  따라서 대한민국이 외국에 대해 도망 범죄인의 인도를 청구한 때에는 해당 외국이 범죄인의 인도를 위해 구금한 때에 「형사소송법」상 구금으로 보아 형사보상을 청구할 수 있도록 인정할 필요가 있음. 
주요내용
  대한민국이 외국에 대하여 도망 범죄인의 인도를 청구한 때에는 해당 외국이 범죄인의 인도를 위하여 구금한 때에 「형사소송법」상 구금으로 봄(안 제29조 신설).","강창일,김영진,박기춘,박영선,양승조,우윤근,이춘석",법제사법위원회
우윤근,72,1806792,PRC_V0G9V1A2B0I1K1O4P1D7I2R5M3T6F9,공익제보자 보호에 관한 법률안,의결,2009-12-01,2011-03-11,대안폐기,"제안이유
  최근 선진국에서는 기업체 내부의 공익제보제도의 도입을 통하여 부패 및 불법행위 등을 자생적으로 해결하려는 움직임이 가속화 되고 있음. 우리나라도 근로자의 인권 및 환경과 소비자권리 등 시민적 자각을 바탕으로 기업에 대한 내부고발의 필요성이 현실적으로 논의되고 있는 실정임.
  기업 내에서 근로자가 내부비리 및 불법행위 등을 발견하고 이를 제보하는 경우 조직에 대한 배신자의 낙인과 함께 불이익 처분을 당하는 등 피해를 보는 사례가 발생하고 있으며, 이를 보호하기 위한 제도적 장치 등의 미비로 기업 내부에서 발생하는 부조리와 불법행위에 대한 구조적 문제를 자생적으로 해결하는 노력이 요원한 상태라 할 것임.
  이에 사회공공의 이익과 사회자정을 위하여 기업내부의 조직적 비리·불법행위를 시정하고 예방하기 위하여 공익제보에 대하여 취하여야 할 조치를 정하고 공익제보자를 보호함으로써 국민의 생활안정과 투명하고 청렴한 사회풍토를 확립하기 위하여 이 법을 제정하려는 것임.
주요내용
  가. 공익제보를 제보대상사실이 발생하거나 발생할 우려가 있을 때 수사기관 등에 제보하는 것으로 정의함(안 제2조제1호).
  나. 공익제보의 대상이 되는 제보대상사실을 국민의 생명·신체의 보호, 소비자의 이익보호, 환경보전, 공정한 경쟁의 확보 등을 위하여 「형법」·「식품위생법」, 그 밖의 환경관련법 등에 금지되어 있는 사항으로 정의함(안 제2조제3호).
  다. 공익제보를 하지 못하도록 하는 계약조항은 법적 효력을 가지지 못하도록 함으로써 공익제보자를 보호하고자 함(제8조제2항).
  라. 위원회는 접수된 제보사항에 대하여 조사를 실시한 후 조치가 필요한 경우 수사기관에 이첩하여야 함(안 제9조제2항).
  마. 공익제보자가 제보대상사실이 발생하거나 발생할 것으로 믿고 행한 공익제보 등을 한 것을 이유로 행한 해고는 무효로 함(안 제10조제1항).
  바. 공익위반행위를 신고하였다는 이유로 강등·감봉, 그 밖의 불이익한 처분을 하지 못하도록 함(안 제11조제1항).
  사. 공익제보자는 공익제보를 한 이유로 불이익한 처분을 받은 경우 위원회에 당해 불이익 처분의 원상회복 등 신분보장조치를 요구할 수 있도록 함(안 제12조제1항).
  아. 공익제보를 받거나 제보사항을 넘겨받은 기관의 종사자는 성명·주소·나이 등 공익제보자의 신분을 밝히거나 공익제보자임을 알 수 있는 사실을 다른 사람에게 알려주거나 공개하지 못하도록 함(안 제13조제1항).
  자. 공익제보를 함으로써 그와 관련된 자신의 범죄가 발견된 경우 그 공익제보자에 대하여는 형을 감경 또는 면제할 수 있도록 하고, 공익제보로 인하여 손해가 발생한 경우에도 피제보자는 공익제보자에게 손해배상을 청구할 수 없도록 함(안 제16조제1항 및 제2항). 
  차. 공익제보자가 전직 또는 전출·전입, 파견근무 등의 인사에 관한 조치를 요구하는 경우 피제보자는 그 요구내용이 타당하다고 인정할 때에는 이를 우선적으로 고려하도록 함(안 제17조).
  카. 공익제보로 인하여 현저히 공공의 재산상 이익을 가져오거나 손실을 방지하는 등 공익의 증진을 가져온 경우 공익제보를 한 자에 대하여 포상금을 지급할 수 있도록 함(안 제20조제1항).
  타. 공익제보자가 보복을 당할 우려가 있는 경우로서 공익제보로 인하여 중대한 경제적 손실 또는 정신적 고통을 받았거나 이사·전직 등으로 비용을 지출하였거나 지출할 필요가 있을 때에는 공익제보자의 신청에 의하여 구조금을 지급할 수 있도록 함(안 제21조제1항).","강창일,김낙성,김유정,김효석,노영민,박영선,박은수",정무위원회
우윤근,72,1806369,PRC_T0R9Q1T0B2V8G1X5K5G2C5L7M2V4B8,소년법 일부개정법률안,계류,2009-10-28,"","","◎ 제안이유
  점점 감소하던 소년범은 ’06년부터 다시 증가 추세를 보이고 있으며, 범행 내용도 흉포화·집단화되고 재범률도 높아 다양한 관점에서 대책이 필요함.
  아울러, 소년보호처분 집행 시 발생하는 법률상 혹은 실무상 불합리한 사항을 바로잡아 효율적이고 합리적인 소년보호를 도모하고자 함.
  그간 사문화되어 실효성이 없을 뿐만 아니라 우리나라의 소년사법체계에 배치되고, 낙인효과 방지를 위한 실질적 소년보호에 역행할 우려가 있는 학교장 등의 통고제도를 폐지하고자 함.
  또한, 수강명령이나 사회봉사명령은 보호관찰관의 고유한 업무이므로 보호관찰관이 책임을 지고 소년에 대한 수강명령이나 사회봉사명령을 집행하도록 처분명을 개정함.
  현행법은 제32조제1항제5호 처분(보호관찰관의 장기 보호관찰)과 제32조제1항제8호 처분(1개월 이내의 소년원 송치)은 병합할 수 있도록 규정하고 있음에도, 제32조제1항제4호 처분(보호관찰관의 단기 보호관찰)과 제32조제1항제8호 처분의 병합에 대한 규정은 없어 보호처분의 실효성 강화를 위해 병합 규정을 신설하고자 함.
  또한, 소년 등이 법원의 처분에 대해 항고하였음에도 보호처분의 집행이 정지되지 않아 소년에게 돌이킬 수 없는 불이익이 발생될 우려가 있으므로, 소년의 항고에 합리적인 이유가 있을 경우에는 원심 소년부 또는 항고법원이 결정으로 보호처분의 집행을 정지할 수 있도록 함.
◎ 주요내용
  가. 보호대상 소년을 발견한 보호자 또는 학교·사회복리시설·보호관찰소의 장이 관할 소년부에 통고할 수 있는 제도(통고제도)를 폐지함(제4조제3항 삭제).
  나. 보호처분 중 ‘수강명령’과 ‘사회봉사명령’의 명칭을 ‘「보호관찰 등에 관한 법률」에 따른 수강명령’과 ‘「보호관찰 등에 관한 법률」에 따른 사회봉사명령’으로 개정함(안 제32조제1항제2호 및 제3호).
  다. 제32조제1항제4호 처분(보호관찰관의 단기 보호관찰)과 제32조제1항제8호 처분(1개월 이내의 소년원 송치)을 병합할 수 있도록 함(안 제32조제2항).
  라. 소년 등의 항고에 합리적 이유가 있을 경우 원심 소년부 또는 항고법원은 결정으로 보호처분 집행을 정지할 수 있도록 개정함(안 제46조).","강창일,김영록,김효석,노영민,백재현,양승조,우윤근",법제사법위원회
우윤근,72,1806046,PRC_J0P9V0Z9B1D6C1P6X3B0L2A2W4H3E8,한국컨테이너부두공단법 폐지법률안,의결,2009-09-16,2011-04-29,수정가결,"제안이유 
  컨테이너부두 개발·운영을 목적으로 지난 1990년 설립된 한국컨테이너부두공단이 부산, 인천 및 울산항만공사 설립으로 그 기능과 역할이 축소되어 이를 폐지하는 한편, 「한국컨테이너부두공단법」폐지에 따라 한국컨테이너부두공단의 재산 및 권리·의무를 항만공사에 승계하는 등 관련 법률관계를 명확히 하려는 것임.
주요내용
  가. 국토해양부장관은 이 법에 따라 폐지되는 한국컨테이너부두공단의 업무를 계속 수행하기 위하여 「항만공사법」에 따라 여수항과 광양항을 관할하는 항만공사를 2010년 3월 2일까지 설립하도록 함(안 부칙 제2조).
  나. 한국컨테이너부두공단의 재산과 권리·의무는 여수·광양항에 설립되는 공사가 이를 포괄 승계하되, 한국컨테이너부두공단의 채무는 국가와 공사가 이를 나누어 인수하도록 함(안 부칙 제3조, 제4조 및 제5조).
 다. 이 법 시행 당시 한국컨테이너부두공단의 임원은 이 법 시행과 동시에 그 임기가 종료된 것으로 봄. 또한 이 법 시행 당시 공단의 직원은 「항만공사법」 부칙 제5조에도 불구하고 공사에 임용된 것으로 봄(안 부칙 제6조).","노영민,박영선,박은수,안민석,양승조,우윤근,우제창",국토해양위원회
우윤근,72,1806007,PRC_B0Z9W0Z9I1Y1E1O8R3H9T5P2G6W9O0,한국컨테이너부두공단법 폐지법률안,의결,2009-09-11,2009-09-16,철회,"제안이유 
  컨테이너부두 개발·운영을 목적으로 지난 1990년 설립된 한국컨테이너부두공단이 부산, 인천 및 울산항만공사 설립으로 그 기능과 역할이 축소되어 이를 폐지하는 한편, 「한국컨테이너부두공단법」폐지에 따라 한국컨테이너부두공단의 재산 및 권리·의무를 항만공사에 승계하는 등 관련 법률관계를 명확히 하려는 것임.
주요내용
  가. 국토해양부장관은 이 법에 따라 폐지되는 한국컨테이너부두공단의 업무를 계속 수행하기 위하여 「항만공사법」에 따라 여수항과 광양항을 관할하는 항만공사를 2010년 3월 2일까지 설립하도록 함(안 부칙 제2조).
  나. 한국컨테이너부두공단의 재산과 권리·의무는 여수·광양항에 설립되는 공사가 이를 포괄 승계하되, 한국컨테이너부두공단의 채무는 국가와 공사가 이를 나누어 인수하도록 함(안 부칙 제3조, 제4조 및 제5조).
  다. 이 법 시행 당시 한국컨테이너부두공단의 임원은 이 법 시행과 동시에 그 임기가 종료된 것으로 봄. 다만, 상임이사의 경우 잔여임기와 그 업무수행 능력을 감안하여 종전의 직위에 상응하는 직무를 부여할 수 있음. 또한 이 법 시행 당시 공단의 직원은 공사가 전원 승계함(안 부칙 제6조).","노영민,박영선,박은수,안민석,양승조,우윤근,우제창",국토해양위원회
우윤근,72,1805842,PRC_G0G9L0W9B0W2B1U4A4S6D0H7V3S0P9,소액사건심판법 일부개정법률안,계류,2009-09-02,"","","◎ 제안이유 
  현행 소액사건심판법에서는 구술에 의한 소의 제기를 규정하고 있지만 거의 이용되지 않고 있음. 법원 공무원에게 소장 작성을 위한 도움을 요청하여도 법원에 비치된 소장 작성의 예시문을 참고하라고 하기 때문에 실질적으로는 법무사나 변호사의 도움을 받아야 하는 경우가 많음. 실제로 소액사건심판임에도 불구하고 변호사를 선임하는 비율이 꾸준히 증가하고 있음. 따라서 소액사건심판을 제기하고 진행함에 있어 법원 공무원의 조력을 받을 수 있도록 명문으로 규정할 필요가 있음. 
◎ 주요내용
  법원은 당사자가 소장을 작성하고 소송절차를 용이하게 진행할 수 있도록 도와주어야 함(안 제3조의2 신설).","강창일,김낙성,김영록,노영민,박기춘,송민순,양승조",법제사법위원회
우윤근,72,1805841,PRC_Y0O9U0L9Y0Y2V1D4P3F9E5O5P7G0Z2,보증인 보호를 위한 특별법 일부개정법률안,의결,2009-09-02,2010-02-26,대안폐기,"◎ 제안이유 
  현행 「보증인 보호를 위한 특별법」 제5조에서는 채권자의 통지의무를 규정하고 있음. 채권자는 주채무자가 원본, 이자 그 밖의 채무를 3개월 이상 이행하지 아니하는 경우 또는 주채무자가 이행기에 이행할 수 없음을 미리 안 경우에는 지체 없이 보증인에게 그 사실을 알려야 하며, 채권자로서 보증계약을 체결한 금융기관은 주채무자가 원본, 이자 그 밖의 채무를 1개월 이상 이행하지 아니하는 경우에는 지체 없이 그 사실을 보증인에게 알려야 함. 또한 채권자는 보증인의 청구가 있으면 주채무의 내용 및 그 이행 여부를 보증인에게 알리도록 하고 있음. 그러나 알리지 않음으로써 보증인에게 발생할 수 있는 손해를 어떻게 할 것인지에 대해서는 규정하지 않고 있는 바 채권자가 제5조의 통지의무를 위반한 경우에는 보증인은 그로 인하여 손해를 입은 한도에서 채무를 면하도록 하는 것이 타당함. 
◎ 주요내용
  채권자가 제5조제1항부터 제3항까지의 규정에 따른 의무를 위반한 경우에는 보증인은 그로 인하여 손해를 입은 한도에서 채무를 면하도록 함(안 제5조제4항 신설).","강창일,김낙성,김영록,노영민,박기춘,송민순,양승조",법제사법위원회
우윤근,72,1805377,PRC_G0A9N0W7T0T6S1N0Y3S0C1Z9C9B4N1,유실물법 일부개정법률안,의결,2009-07-06,2011-04-29,대안폐기,"제안이유
  유실물법상 유실물을 습득한 자는 유실자 또는 소유자 기타 물건회복청구권을 가진 자에게 반환하거나 경찰서에 제출하도록 규정하고 있음. 그러나 법률상 소유 또는 소지가 금지된 물건이나 범행에 사용된 물건에 대해서는 명확한 규정이 없어 이러한 물건도 유실자 또는 소유자 기타 물건회복의 청구권을 가진 자에게 반환하여야 하는지 문제가 됨. 따라서 이러한 물건에 대해서는 제출의무를 부과하도록 개정할 필요가 있음. 또한 선박이나 항공기 등에서 습득물을 제출받은 관리자로 하여금 그 물건이 반환되기까지 선량한 관리자의 주의를 가지고 보관할 수 있도록 개정할 필요가 있음. 
주요내용
  가. 법률상 소유 또는 소지가 금지된 물건이나 범행에 사용된 물건을 습득한 자는 경찰서에 제출할 수 있도록 함(안 제1조제1항).
  나. 선박이나 항공기 등에서 습득물을 제출받은 관리자로 하여금 그 물건이 반환되기까지 선량한 관리자의 주의를 가지고 보관할 수 있도록 함(안 제10조).","강창일,김낙성,김부겸,박은수,양승조,우윤근,이춘석",행정안전위원회
우윤근,72,1805376,PRC_E0G9D0J7L0L6H1E0Q2C7V3P0J7M9O1,국세기본법 일부개정법률안,의결,2009-07-06,2009-12-31,대안폐기,"제안이유
  현행 국세기본법 제6조제1항에서는 천재지변 등 불가항력적인 사유로 세법이 규정하는 신고·신청·기타 서류의 통지·납부나 징수를 정하여진 기간 내에 할 수 없는 경우에 기한연장을 할 수 있도록 하고 있음.
  이를 근거로 같은 법 시행령 제4조제1항에서는 기한연장승인신청에 대하여 승인여부를 통지하도록 하고 있으나, 승인통지를 하지 아니하는 경우의 효력에 대하여는 별도의 규정이 없어 통지가 없으면 어떻게 되는지 불명확함.
  따라서 통지 없이 7일이 경과하면 승인된 것으로 보는 것으로 개정할 필요가 있음. 
주요내용
  납세자의 신청이 있은 후 7일 이내에 승인통지를 하지 아니하면 기한을 연장한 것으로 봄(안 제6조제3항 신설).","강창일,김낙성,김부겸,박은수,양승조,우윤근,이춘석",기획재정위원회
우윤근,72,1805242,PRC_A0B9M0W6U2Y3T1P4J4J2D3F5W5H7V0,즉결심판에관한절차법 일부개정법률안,의결,2009-06-23,2009-12-07,수정가결,"제안이유 
  즉결심판은 범죄라고 인정할만한 명백한 증거가 있는 경미한 범죄를 신속하고 적정하게 심판하기 위한 절차이며, 매년 약 5만 여건 정도 처리되고 있음. 그러나 일반인의 입장에서는 즉결심판절차에 대하여 제대로 이해하지 못하고 있을 뿐만 아니라 즉결심판을 청구하는 경찰에서도 설명을 제대로 하지 않고 있는 것이 현실임. 따라서 즉결심판을 청구할 때에는 피고인에게 즉결심판의 절차를 이해하는데 필요한 사항을 설명하도록 규정할 필요가 있음.  
주요내용
  즉결심판을 청구할 때에는 피고인에게 즉결심판의 절차를 이해하는데 필요한 사항을 설명하도록 함(안 제3조제3항 신설).
수정이유 및 수정주요내용
개정안은 즉결심판의 절차를 이해하는데 필요한 사항을 피고인에게 설명하도록 하고 있으나 ‘설명’이라는 것은 ‘구두’로 하는 것을 전제하는 개념이므로 구두 외에 ‘서면’방식으로도 설명할 수 있도록 하고, 피고인의 방어권을 보호하고자 하는 개정안의 취지에 부합하도록 즉결심판 청구 이전에 피고인에게 알리도록 ‘사전에’라는 요건을 추가하려는 것임(안 제3조제3항).","강창일,김낙성,김영록,김영진,박기춘,박영선,양승조",법제사법위원회
우윤근,72,1805241,PRC_H0I9R0J6A2M3T1P4S4J1T4Y5B4M7Y7,벤처기업육성에 관한 특별조치법 일부개정법률안,의결,2009-06-23,2009-12-29,대안폐기,"제안이유 
  현행 「벤처기업육성에 관한 특별조치법」에서는 대학이나 연구기관에서 설치·운영 중인 창업보육센터에 입주한 벤처기업에 대해서는 도시형공장을 설치할 수 있도록 하고 있음. 그러나 지방자치단체에서 설치·운영 중인 창업보육센터의 벤처기업에는 적용되지 않기 때문에 지방자치단체가 막대한 예산을 투입하여 설치·운영 중인 창업보육센터에 입주한 벤처기업은 공장을 등록할 수 없는 문제가 있음. 따라서 지방자치단체에서 설치·운영 중인 창업보육센터 안의 벤처기업도 도시형공장을 설치할 수 있도록 개정할 필요가 있음. 
주요내용
  대학이나 연구기관뿐만 아니라 지방자치단체에서 설치·운영 중인 창업보육센터의 벤처기업도 도시형 공장을 설치할 수 있도록 함(안 제18조의3제1항 및 제3항).","강창일,김낙성,김영록,김영진,박기춘,박영선,양승조",지식경제위원회
우윤근,72,1805240,PRC_M0C9M0L6C2U3P1J4U4X0W5J1R8K0T5,공탁법 일부개정법률안,의결,2009-06-23,2009-12-08,수정가결,"제안이유 
  현행 「공탁법」상에는 공탁원금 및 이자에 대한 출급청구권 및 회수청구권에 대한 소멸시효 규정이 없기 때문에 실무상 「민법」상 일반채권의 소멸시효인 10년을 적용하고 있음. 그러나 「공탁법」에는 「민법」상 소멸시효규정에 대한 준용규정이 없기 때문에 「민법」상 소멸시효를 적용하여야 하는지에 대한 해석상 문제가 있을 뿐만 아니라 일반인의 입장에서 볼 때는 소멸시효 기간을 전혀 알 수가 없음. 
  따라서 공탁원금 또는 이자의 출급, 회수에 대한 권리는 행사할 수 있는 때로부터 10년간 행사하지 않은 때에는 시효로 인하여 소멸한다고 규정할 필요가 있음.  
주요내용
  제1항 및 제2항의 공탁원금 또는 이자의 출급, 회수에 대한 권리는 행사할 수 있는 때로부터 10년간 행사하지 않은 때에는 시효로 인하여 소멸함(안 제9조제3항 신설).
  수정이유 및 수정주요내용
   개정안은 공탁금에 대하여 10년의 소멸시효기간을 명문화하려는 것으로 당초 금전을 공탁하지 않는 경우에도 매각 등을 통하여 금전공탁으로 변경되는 경우에는 소멸시효가 적용되도록 함.(안 제9조제3항).","강창일,김낙성,김영록,김영진,박기춘,박영선,양승조",법제사법위원회
우윤근,72,1804533,PRC_M0E9A0P4H1Q3M1X4H0N4A2F1W8E5H5,도로교통법 일부개정법률안,의결,2009-04-13,2010-06-29,대안폐기,"제안이유 
  현행 「도로교통법」에서는 술에 취한 상태에서 자동차등을 운전한 사람을 3년 이하의 징역이나 1천만원 이하의 벌금에 처하도록 하고 있음. 반면 약물에 취해 정상적으로 운전하지 못할 우려가 있는 상태에서 운전한 경우에는 2년 이하의 징역이나 500만원 이하의 벌금에 처하도록 규정하고 있음.
  약물운전이 음주운전에 비해 위험성이 떨어진다고 보기 어렵고, 사고발생시 폐해도 음주운전에 비해 결코 작을 것이라고 할 수 없음에도 불구하고 처벌수위를 달리하는 것은 죄형법정주의 원칙상 비례의 원칙에 반할 수 있음. 따라서 음주운전과 동일하게 형을 맞출 필요가 있음.
주요내용
  제45조를 위반하여 약물로 인하여 정상적으로 운전하지 못할 우려가 있는 상태에서 자동차를 운전한 사람에게 3년 이하의 징역 또는 1천만원 이하의 벌금에 처하도록 함(안 제148조의2제3호 신설).","강기정,강창일,김영록,송민순,우윤근,우제창,이윤석",행정안전위원회
우윤근,72,1804116,PRC_R0W9U0E3J1X0G1G5E4Y1C3R4U9D4F4,헌법재판소법 일부개정법률안,의결,2009-03-10,2009-12-08,대안폐기,"제안이유 및 주요내용
  헌법재판소의 업무부담이 감당하기 힘들만큼 산적하게 되면 사건을 제대로 숙고할 수 있는 시간이 상대적으로 충분치 않을 수 있는바 헌법재판소의 업무부담을 경감할 필요가 있음. 현재 헌법재판소가 기본권침해 주장의 불비나 흠결의 경우에 스스로 보정하여 판단하고 있음. 그러나 이를 스스로 보정하는 것은 헌법연구관의 업무부담이 될 수밖에 없음. 따라서 소송대리인에게 적극적으로 보정을 요구하도록 할 필요가 있음. 
  이를 위해 현재 헌법재판소 재판장만 보정을 요구하도록 규정되어 있는 것을 주심재판관에도 보정요구권을 발할 수 있도록 개정할 필요가 있음(안제28조제1항).","강기정,강창일,박주선,백재현,송민순,양승조,우윤근",법제사법위원회
우윤근,72,1803527,PRC_P0R9N0X1X1P3W1J4T2N9U1B6K9Y2U9,채권양도등기에 관한 특별법안,계류,2009-01-13,"","","■ 제안이유 
  채권양도를 통하여 기업은 자신이 가지고 있는 다수의 채권을 유동화 함으로써 기업의 자금을 조달하고, 신용사회 발전에 부응할 수 있기 때문에 채권유동화의 요청이 높은 것이 현실임. 
현재 우리나라에서는 민법에서 채권양도에 관하여 일반적으로 규정하고 공시방법으로 대항요건에 대해서 규정하고 있지만 민법의 규정만으로는 채권유동화를 활성화시키는 데는 그 한계가 많음. 채권유동화에서 가장 중요하다고 볼 수 있는 대항요건이 간이하지 못하고 효율적이지 못하기 때문에 기업의 입장에서 본다면 채권양도를 통하여 자금조달을 원만하게 한다는 것은 쉽지가 않은 실정임. 이러한 문제점 때문에 근래 채권양도의 대항요건을 간이하고 효율적으로 할 수 있도록 제도를 개선해야 한다는 논의가 활발하게 진행되고 있음.  
물론 자산유동화에 관한 법률에서 극히 제한된 범위 내에서 채권유동화가 시행되고 있기는 하지만 자산을 유동화할 수 있는 자산 소유자가 엄격히 제한되고 있는 등의 한계가 있기 때문에 적용대상을 모든 법인으로 확대하거나 자연인에게까지 확대할 필요가 발생하게 된 것임. 
따라서 채권양도시 등기를 함으로써 대항요건의 편의성 및 채권양도의 투명성을 보장하고, 자산유동화를 확대하려고 하는 것임.  
■ 주요내용 
 가. 채권을 양도하는 경우에는 이 법에 따라 양도등기를 할 수 있도록 함(안 제3조 1항). 
 나. 특정되지 아니한 장래채권이라도 채권의 종류·발생원인·발생연월일, 채권의 시기(始期) 및 종기(終期), 기타 상당한 방법으로 그 채권을 특정할 수 있는 경우에는 이 법에 따라 양도하고 양도등기를 할 수 있도록 함(안 제3조 2항).
 다. 채권양도등기를 한 때에는 양도채권의 채무자 이외의 제3자에 대      하여 민법 제450조에 따른 대항요건을 인정함(안 제4조).
 라. 채권양도등기부에 기재할 수 있는 사항을 규정함(안 제5조).
 마. 양도등기 존속기간은 다음 10년을 넘길 수 없도록 하고 특별한        사정이 있는 경우에는 예외를 인정함(안 제6조). 
 바. 대법원장이 지정·고시하는 등기소에서 이 법에서의 등기 등에 관       한 사무를 취급하도록 함(안 제10조).
 사. 서면, 전산정보처리조직, 내용증명우편 등으로 등기신청을 할 수        있도록 함(안 제15조).  
 아. 등기관의 결정 또는 처분에 이의가 있는 자는 관할지방법원에         이의를 신청할 수 있도록 함(안 제18조~제22조).","강창일,김낙성,박영선,백재현,우윤근,이윤석,이춘석",법제사법위원회
우윤근,72,1803464,PRC_N0T9W0E1M0H9F1X1R3K9W5E4I9Z6V6,국가인권위원회법 일부개정법률안,계류,2009-01-09,"","","제안이유 및 주요내용
  인권침해와 차별을 방지하여 인간의 존엄과 가치가 존중될 수 있는 사회를 구현하기 위하여 인권교육을 적극적으로 실시할 필요가 있음. 
따라서 국가, 지방자치단체, 초ㆍ중ㆍ고등학교 및 구금ㆍ보호시설 등의 장은 소속 공무원 또는 직원에 대하여 인권교육을 실시하도록 함.
  또한 인권교육이 촉진되도록 국가 및 지방자치단체는 인권교육 관련 기관이나 단체 등에 필요한 경비를 지원을 할 수 있도록 함(안 제26조의2 및 제26조의3 신설).","강창일,김낙성,김영진,박은수,백재현,우윤근,이윤석",국회운영위원회
우윤근,72,1803420,PRC_D0V9R0S1Y0M7V1A1O3S9N1D6Y8Z3K2,소비자생활협동조합법 일부개정법률안,의결,2009-01-07,2010-02-26,대안폐기,"■ 제안이유 및 주요내용 
  소비자생활협동조합은 소비자들이 스스로 소비자의 권리를 행사하기 위하여 자발적으로 결성한 조합으로 사업을 수행하는 과정에서 국가나 지방자치단체의 지원을 필요로 할 때가 많음. 그럼에도 불구하고 다른 협동조합법과 달리 국가 및 지방자치단체 등이 지원할 수 있는 근거를 두고 있지 않음. 
  따라서 국가나 공공단체로 하여금 소지자생활협동조합에 협조하고 지원할 수 있도록 규정함(안 제19조).","강창일,김유정,김재균,백재현,양승조,우윤근,이윤석",정무위원회
우윤근,72,1803419,PRC_X0B9I0M1J0D7B1Y1N3D7H5J7X5O8B8,군형법 일부개정법률안,계류,2009-01-07,"","","■ 제안이유 및 주요내용 
  현행 군형법 제53조 제1항에서는 상관을 살해한 자에 대해서는 형벌로써 사형만 규정하고 있으나 헌법재판소에서는 전시와 평시를 불문하고 사형만 규정한 것은 범죄의 중대성 정도에 비해 균형에 맞지 않는다고 하여 위헌결정을 하였음. 따라서 헌법재판소 결정취지에 맞도록 전시 상관살해의 경우에는 사형 및 무기징역에 처하도록 하고, 평시의 경우에는 사형, 무기징역, 또는 10년 이상의 징역에 처하도록 할 필요가 있음.","강창일,김재균,박기춘,백재현,송민순,양승조,우윤근",법제사법위원회
우윤근,72,1803411,PRC_D0S9Q0L1F0A6V1S1P4T5T0S7J9L8A7,국가배상법 일부개정법률안,의결,2009-01-06,2009-09-29,수정가결,"■ 제안이유 및 주요내용 
  현행 국가배상법은 공무원의 위법행위에 의하여 손해가 발생한 경우에 국가나 지방자치단체가 손해를 배상할 수 있도록 하고 있음. 공무를 위탁받은 사인에 대해서는 규정하고 있지 않고 있지만 학설과 판례에서는 공무를 위탁받은 사인도 공무원에 포함시키고 있음.  
  따라서 명문의 규정으로 위탁받은 사인도 공무원에 포함될 수 있도록 규정기로 함(안 제2조 제1항).
수정이유 및 수정주요내용 
     국가배상법에는 제2조제1항 외에도 공무원에 공무수탁사인이 포함되는 것으로 해석되는 규정들이 다수 있어 개정안의 반대해석상 해당 규정들에서는 공무수탁사인이 배제되는 것으로 해석될 우려가 있으므로 ‘공무원 또는 공무를 위탁받은 사인’을 ‘공무원 또는 공무를 위탁받은 사인(이하 “공무원”이라 한다)’으로 수정함.","김낙성,김성곤,김영진,백재현,우윤근,이용섭,이윤석",법제사법위원회
우윤근,72,1803410,PRC_A0B9D0J1W0J6H1N1V4R3L5C1O0R2X8,지방자치법 일부개정법률안,의결,2009-01-06,2009-01-16,철회,"■ 제안이유 및 주요내용 
  현행법상으로는 지방의회의원들을 견제하는 장치가 불충분하기 때문에 그들의 전횡을 방지할 제도적 안전망을 확충할 필요가 있음.
  따라서 지방자치법을 개정하여 지방의회에 윤리특별위원회와 윤리심사자문위원회를 필수적으로 두게 하고 지방의회의원의 징계사유를 확대하고 지방자치단체의 장과 일정수 이상의 주민들에게도 지방의회의원에 대한 징계요구권을 부여하는 개정이 필요함.","강창일,김유정,박기춘,백재현,송민순,양승조,우윤근",행정안전위원회
우윤근,72,1803019,PRC_U0F8C1U2L1D2S1L6O1F5D3Q7I0S3L6,지방행정체제 개편을 위한 특별법안,의결,2008-12-12,2010-09-16,대안폐기,"제안이유
  지금의 지방행정체제는 100여 년 전에 형성된 것으로 세계화·사이버 시대에는 맞지 않을 뿐만 아니라 전국이 이미 오래전에 반나절 생활권으로 좁혀진 우리의 현실에도 부합하지 않는 체제인 바, 미래지향적이고 우리의 현실에 맞는 지방행정체제로 개편하여 국가경쟁력과 지방행정의 효율성을 제고하고 지역 간 화합과 지방의 균형발전을 꾀할 필요가 있음.
  이에 대해서는 많은 국민들이 공감하고 있는바, 이를 위해 행정계층을 단순화하고 행정구역을 광역화하고자 하는 것임.
주요내용
  가. 국가는 지방행정체제 개편을 위한 제도적 기반을 구축하여야 하며, 지방자치단체는 지방행정체제 개편에 적극 협조하도록 함(안 제3조).
  나. 지방자치단체는 특별시, 광역시, 통합시, 특별자치시로 구분하고, 각 지방자치단체는 대통령령으로 정하는 바에 따라 행정군·구 또는 출장소를 설치할 수 있도록 하며, 2 이상의 지방자치단체는 공동으로 사무를 처리하게 하기 위하여 대통령령으로 정하는 바에 따라 특별지방자치단체를 구성할 수 있도록 함(안 제5조).
  다. 서울특별시 및 광역시는 종전과 같이 지방자치단체로 하되, 관할구역 안에 두고 있는 자치구 및 자치군·구는 통폐합하여 행정구 및 행정군·구로 함(안 제6조).
  라. 도의 관할 구역 안에 있는 시·군은 인접 지방자치단체를 통폐합해서 자치행정을 수행하는 “통합시”로 개편하고, 통합시에 행정군·구 또는 출장소를 설치할 수 있도록 함(안 제7조제1항 및 제2항).
  마. 도는 폐지하되, 도의 사무는 특별한 사유가 없는 한 통합시로 이관하도록 함(안 제7조제3항)
  바. 「지방자치법」에 의해 설치되는 읍·면·동은 주민자치기구로 하되, 대통령령으로 정하는 바에 따라 조례로 설치 운영하도록 함(안 제8조).
  사. 중앙정부는 국가위임사무와 특별지방행정기관 이관 사무 처리 및 지방자치단체 지원을 위하여 국가광역행정기관을 두도록 함(안 제9조).
  아. 지방행정체제 개편을 추진하기 위하여 9인의 위원으로 구성된 독립된 기관인 ‘지방행정체제개편 추진위원회(이하 “추진위원회”라 한다)’를 설치하도록 함(안 제10조).
  자. 추진위원회는 국회의 소관 위원회에 지방행정체제 개편 관련 활동경과를 보고하여야 하며, 특별한 사유가 없는 한 1년 이내에 최종 보고서를 제출하도록 함(안 제19조).
  차. 국회가 지방행정체제 개편 관련 법률을 처리함에 있어서는 추진위원회의 의견을 존중하도록 함(안 제19조).","강기정,강창일,김영진,김유정,김충조,김희철,노영민",지방행정체제개편특별위원회
우윤근,72,1802151,PRC_L0X8H1E1J2N1E1A5U4R6J2R6E0I9U8,가사소송법 일부개정법률안,의결,2008-11-21,2009-04-17,대안폐기,"■ 제안이유 
   현행 양육비 이행 확보제도는 절차의 번거로움, 기간의 과다 소요, 장래 양육비의 지급 불확실성 등 때문에 실효성에 한계가 있는 점을 감안하여, 양육비지급의무자가 급여소득자인 경우에는 그 급여에서 양육자 등에게 직접 양육비가 지급되도록 하고, 양육비를 정기금으로 지급하도록 할 경우에는 담보를 제공하도록 하며, 양육비 등 청구사건에 있어서 재산명시 및 재산조회제도를 신설하는 등의 효율적인 양육비 확보 방안을 도입하려는 것임 
■ 주요내용 
  가. 재산분할·부양료·양육비 청구사건에 있어서 재산명시 및 재산조회(안 제48조의2, 제48조의3, 제67조의2, 제67조의3, 제73조 신설)
    (1) 이혼소송과 결합된 재산분할 및 별거 등에 따른 부양료 청구사건, 양육비 청구사건에 있어서 상대방의 재산 파악은 심리(審理)의 가장 중요한 요소임에도 상대방의 자발적인 협조 없이는 재산 파악이 곤란한 문제가 있음 
    (2) 가정법원은 양육비 등 청구사건의 해결을 위하여 필요한 경우 직권 또는 청구인의 신청에 의하여 상대방에게 재산목록 제출을 명령할 수 있고, 재산명시절차에 제출된 재산목록만으로는 사건 해결이 곤란할 경우에는 상대방의 재산을 조회할 수 있도록 하며, 재산목록 제출을 거부한 상대방, 거짓 자료를 제출한 기관의 장 등에게 과태료를 부과하고, 재산조회 결과를 강제집행 외의 목적으로 사용한 사람을 형사처벌하도록 함
    (3) 일방 배우자가 이혼에 대비하여 재산을 숨기거나 자신의 보유 재산을 스스로 밝히지 아니하더라도 상대방의 재산파악을 용이하게 함으로써 효율적인 심리 및 적정한 심판이 이루어질 것으로 기대됨 
  나. 양육비지급의무자의 급여로부터의 양육비 직접 지급(안 제63조의2 신설)
    (1) 대부분 소액·정기금 형태인 양육비 채권은 각 소액 정기금의 변제기한이 도래할 때마다 강제집행을 신청하여야 하므로 양육비 채권자의 절차적 부담이 과중함과 아울러 장래 양육비의 이행 여부가 불확실한 문제가 있음 
    (2) 가정법원은 양육비를 정기적으로 지급하게 하는 경우에  직권이나 양육자등의 신청에 의하여 양육비지급의무자의 채무자인 소득세원천징수의무자로 하여금 일정기간 계속하여 양육비지급의무자의 급여에서 양육비를 공제하여 자녀나 양육자등에게 직접 지급하도록 함 
    (3) 양육비 직접 지급명령 신청에 의하여 양육자등은 간이·신속하게 양육비를 확보할 수 있고 소액 정기금 채권인 양육비가 장래에도 안정적으로 지급될 수 있을 것으로 기대됨 
  다. 양육비 확보를 위한 담보제공 및 일시금 지급 명령(안 제63조의3 신설)
    (1) 양육비지급의무자가 급여소득자가 아닌 경우에는 양육비를 급여에서 직접 공제하여 양육자등에게 지급하는 제도는 의미가 없음 
    (2) 가정법원은 양육비를 정기금으로 지급하게 하는 경우 양육비 채무자에게 상당한 담보를 제공하도록 명할 수 있고, 양육비 채무자가 담보를 제공하지 아니하는 경우에는 양육비의 전부 또는 일부를 일시금으로 지급하게 할 수 있도록 함 
    (3) 양육비지급의무자가 정기적인 급여를 받는 근로자가 아닌 자영업자인 경우 양육자등의 양육비 확보에 효과를 거둘 수 있을 것으로 기대됨 
  라. 과태료 상한금액 인상(안 제67조)
    (1) 현행법상 인정되는 사전처분(事前處分) 및 이행명령의 경우 그 불이행에 대한 과태료 상한금액이 100만원에 불과하여 그 실효성을 확보하기 어렵다는 문제가 있고, 양육비 직접지급명령, 담보제공명령 등 새롭게 도입되는 명령의 경우에도 이를 강제할 방법을 마련할 필요가 있음 
    (2) 판결이나 조정 등에 대한 이행명령, 양육비 직접 지급명령, 담보제공명령 등의 실효성을 확보하기 위하여 과태료 상한액을 1천만원으로 인상함 
    (3) 사실상 양육비 지급이 간접강제될 것으로 기대됨 
  바. 일시금 지급 명령 불이행자에 대한 감치(안 제68조)
    (1) 가정법원이 양육비지급의무자에게 담보제공명령을 하였음에도 의무자가 이를 이행하지 아니하는 경우 가정법원은 일시금 지급명령을 할 수 있으나 의무자가 일시금 지급명령까지 이행하지 아니하는 경우가 있을 수 있음 
    (2) 가정법원이 의무자에게 양육비의 일시금 지급 명령을 하였음에도 명령을 받은 자가 30일 이내에 정당한 이유 없이 그 의무를 이행하지 아니한 때에는 가정법원이 권리자의 신청에 의하여 결정으로 30일의 범위내에서 그 의무이행이 있을 때까지 의무자를 감치에 처할 수 있도록 함 
    (3) 가정법원의 일시금 지급명령에도 불구하고 양육비 지급의무를 이행하지 아니하는 의무자에 대하여 신체적 자유를 제한하는 감치를 할 수 있도록 함으로써 사실상 양육비 지급이 간접강제될 것으로 기대됨","김낙성,김성곤,김영록,김영진,박기춘,양승조,우윤근",법제사법위원회
우윤근,72,1801701,PRC_D0P8V1Y1C0L3E1E7L1F7R3A8B8O0E7,집단소송법안,계류,2008-11-03,"","","■ 제안이유 
  급속한 산업화와 사회환경의 복잡화로 인하여 소비자분쟁, 공해분쟁 등 집단적인 피해를 수반하면서도 피해의 입증이 용이하지 않은 현대적 분쟁이 빈발하고 있음. 그러나 현행의 소송구조로는 그 권리실현에 어려움이 있고, 다수의 중복소송으로 인해 경제성 및 효율성도 떨어지게 됨. 현재 우선 증권 분야에 한정하여 집단소송법을 시행할 예정에 있지만, 최근 빈번하게 발생하는 식품안전사고에서 보듯이 사실 집단소송법은 증권 분야보다는 식품안전 등 다른 분야에서 더욱 도입이 필요한 법률임. 따라서 이러한 분쟁에서 보다 용이하게 피해구제를 받을 수 있고 소송경제를 도모하기 위하여 구성원이 다수이고 구성원의 각 청구가 법률상 또는 사실상 주요한 쟁점을 공통으로 하는 사건에 대하여는 대표당사자에 의한 집단소송을 허용하도록 하고자 함.
■ 주요내용 
가. 이 법은 집단소송을 제기하여 수행함으로써 다수인의 집단적인 분쟁을 효율적으로 처리하기 위하여 민사소송법에 대한 특례를 규정함을 목적으로 함(안 제1조).
나. 집단소송의 소송대리인은 변호사강제주의를 채택함(안 제5조). 
다. 대표당사자가 되기 위하여 집단소송의 소를 제기하는 자는 이 법이 정하는 방식에 의한 소장과 소송허가신청서(이하 “허가신청서”라 한다)를 법원에 제출하여야 함(안 제6조). 
라. 집단소송을 하고자 하는 대표당사자 및 원고측 소송대리인은 총원의 이익을 공정하고 적절히 대표하거나 대리하여야 함(안 제10조).
마. 법원은 피해자가 50인 이상이고 구성원의 각 청구가 법률상 또는 사실상 주요한 쟁점을 공통으로 하고, 집단소송이 총원의 권리실현이나 이익보호에 적합하고 효율적인 수단이라고 인정할 때 집단소송으로 해결할 것을 허가하도록 함(안 제11조). 
바. 법원은 사건의 대소, 대표당사자의 자력 등을 감안하여 필요한 경우 소송비용 및 민사집행법 제280조의 담보제공의 예납을 유예할 수 있고, 대표당사자가 소송비용의 부담의 재판을 받을 경우에는 유예된 소송비용의 전부 또는 일부의 지급을 면제할 수 있음(안 제15조제2항·제4항).
 사. 법원이 집단소송을 허가하는 경우 구성원 모두에게 주지시킬 수 있는 방법으로 피해 집단에게 집단소송의 제기사실을 고지하여 개별피해자들이 소송에 참가하거나 별도로 소송을 제기할 수 있도록 함(안 제17조).
아. 법원은 대표당사자가 총원의 이익을 적절히 대표하고 있지 못하거나 기타 중대한 사유가 있을 때에는 직권 또는 다른 대표당사자의 신청에 의하여 그 대표당사자에 대한 소송수행을 결정으로 금지할 수 있음(안 제20조).
자. 구성원은 제외신고기간내에 서면으로 법원에 제외신고를 할 수 있고, 제외신고기간전이나 기간내에 집단소송의 목적으로 된 권리와 동일한 권리에 대하여 개별소송을 제기한 자는 제1항의 제외신고를 한 것으로 봄(안 제27조제1항 및 제2항).
차. 대표당사자는 청구원인사실에 관하여 스스로 조사하여 밝힐 수 있는 한도내에서 개략적으로 주장할 수 있고, 상대방은 구체적으로 답변·해명하도록 하며, 법원은 상대방이 그 답변·해명을 하지 아니하거나 그 답변·해명이 불충분하다고 인정되는 경우 석명을 명할 수 있고, 상대방이 석명 등에 응할 수 없는 정당한 이유가 있는 경우를 제외하고 석명 등에 응하지 아니하는 경우 석명을 구한 사실에 관한 대표당사자의 주장을 진실한 것으로 인정할 수 있도록 함(안 제28조 및 제29조).
카. 법원은 필요하다고 인정하는 때에는 직권으로 증거조사를 할 수 있고, 당사자가 주장하지 아니한 사실에 대하여도 판단할 수 있음(안 제30조).
타. 법원은 필요하다고 인정하는 때에는 소송과 관련된 문서 소지자에게 그 문서의 제출을 명하거나 문서의 송부를 촉탁할 수 있고, 문서제출명령이나 문서송부촉탁을 받은 자는 정당한 이유 없이 그 제출이나 송부를 거부할 수 없음(안 제32조).
파. 법원은 증거조사에 의하여도 정확한 손해액의 산정이 곤란한 경우 제반 사정을 고려하여 표본적·평균적·통계적 방법 그 밖의 합리적 방법으로 이를 정할 수 있음(안 제35조).
하. 구성원은 분배관리인에 대하여 분배계획에 따라 권리신고기간내에 권리를 신고하여야 하고, 구성원이 책임없는 사유로 권리신고기간내에 신고를 하지 못한 경우에는 그 사유가 종료된 후 1월내에 한하여 그 신고의 추완을 할 수 있으며, 분배관리인은 권리신고를 한 자에 대하여 상당한 방법으로 권리확인의 결과를 통지하여야 함(안 제51조).
거. 대표당사자, 소송대리인 또는 분배관리인이 그 직무에 관하여 부정한 청탁을 받고 금품 또는 재산상의 이익을 수수·요구 또는 약속하거나 제3자에게 금품 또는 재산상의 이익을 공여하게 하거나 공여하게 할 것을 요구 또는 약속한 때에는 7년 이하의 징역 또는 1억원 이하의 벌금에 처함(안 제61조).
너. 제61조의 금품 또는 재산상의 이익을 약속·공여한 자, 공여의 의사를 표시한 자, 제3자에게 금품을 교부한 자 또는 그 정을 알면서 교부받은 자는 7년 이하의 징역 또는 1억원 이하의 벌금에 처함(안 제62조).","김영록,김유정,김효석,박기춘,박영선,양승조,우윤근",법제사법위원회
우윤근,72,1800673,PRC_H0J8U0G8Y2E0M1P3R2J0U0U5H8V1A0,사면법 일부개정법률안,계류,2008-08-20,"","","제안이유 
？？？？？？？？？？？？
  삼권분립의 원칙에서 사법권의 독립을 고려하여 매우 제한적으로 행사되어야 할 대통령의 사면권이 사법권의 독립성을 침해할 정도로 정치적으로 오·남용되고 있음. 
  따라서 법률이 정하는 바에 따라 사면·감형 또는 복권을 명하도록 하는 헌법 제79조의 취지에 따라 대통령이 일반사면을 비롯한 특별사면, 특정한 자에 대한 감형·복권을 행하는 때에는 그 대상자의 명단·죄명 및 형기 등을 1주일 전에 국회에 통보하여 그 의견을 듣도록 하고, 특정범죄에 대해서는 대통령의 특별사면권 등을 제한할 수 있도록 할 필요가 있음. 또한 특별사면, 특정한 자에 대한 감형 및 복권 상신의 적정성을 심사하기 위하여 대통령, 국회, 대법원장이 각각 3인씩 추천하여 구성되는 대통령 소속의 사면심사위원회를 두기로 함.
주요내용
？？？？？？？？？？？？
  가. 대통령이 특별사면, 특정한 자에 대한 감형·복권을 행하는 때에는 그 대상자의 명단·죄명 및 형기 등을 1주일 전에 국회에 통보하여 그 의견을 들어야 함(안 제9조제2항 신설).
  나. 특별사면, 특정한 자에 대한 감형 및 복권 상신의 적정성을 심사하기 위하여 대통령 소속으로 사면심사위원회를 두며, 위원은 대통령이 3인, 국회가 3인, 대법원장이 3인을 추천함(안 제10조의2제2항).
  다. 형기의 3분의 1이 경과하지 아니한 자, 벌금 또는 과료를 납부하지 아니한 자. 헌정질서 파괴범죄의 공소시효 등에 관한 특례법 제2조의 헌정질서파괴범죄 또는 형법 제250조의 죄로서 집단살해죄의 처벌에 관한 협약에 규정된 집단살해에 해당하는 범죄를 저지른 자, 단살해죄의 방지와 처벌에 관한 협약」에 규정된 집단살해 범죄를 저지른 자, 「특정범죄가중처벌 등에 관한 법률」 제2조부터 제4조까지, 제5조의2 또는 제5조의4의 범죄를 저지른 자, 「특정경제범죄 가중처벌 등에 관한 법률」 제3조부터 제5조까지의 범죄를 저지른 자, 민간인 학살, 인신매매, 민간 항공기·선박 납치 등 반인륜범죄 또는 반인도주의적 범죄를 저지른 자에 대해서는 특별사면을 할 수 없도록 함(안 제10조의3).","강창일,김영록,김영진,박기춘,백재현,송민순,안민석",법제사법위원회
우윤근,72,1800590,PRC_C0F8X0Y8U1J2J1M0O1D3S0M9P7U0B6,지적법 일부개정법률안,의결,2008-08-12,2009-07-01,폐기,"제안이유 및 주요내용
  현재는 합병 대상 토지 중 한쪽 토지에만 저당권이 설정되어 있어 권리관계가 복잡하지 않은 사안 등에서 토지소유자가 토지합병의 필요성이 있어 합병되는 토지 전부에 등기가 되는 것을 감수하고 토지를 합병하려고 해도 「지적법」 제20조제3항에 따라 토지합병 신청이 되지 아니하는 실정임.
   따라서 소유권, 지상권, 전세권, 임차권 및 승역지에 관하여 하는 지역권처럼 저당권에 대해서도 토지합병 신청이 가능하도록 현행법을 개정하고자 하는 것임(안 제20조제3항).","강창일,김영록,김영진,박기춘,박영선,송민순,우윤근",국토해양위원회
우윤근,72,1800589,PRC_O0R8F0D8T1F2F1T0V1W1M0D3O0V0A9,공증인법 일부개정법률안,의결,2008-08-12,2008-12-02,원안가결,"제안이유 및 주요내용
  공증사무는 법무부장관이 임명하는 임명공증인과 변호사가 행하고 있으며 임명공증인은 해석상 공무원의 지위에 있기 때문에 「형법」이나 「국가배상법」에서도 역시 공무원으로서의 책임이 발생함.
  그러나 변호사가 공증사무를 하는 경우에는 공무원으로서의 책임이 발생하지 않음. 임명공증인이나 변호사 모두 공증인으로서의 직무를 수행하는바 형평의 원칙에 맞지 않음. 따라서 동일한 업무를 하는 양자를 동일하게 규율하도록 법을 개정할 필요가 있음. 해석상으로 공증인의 공무원 지위가 인정되는 임명공증인에 대해서는 명문의 규정으로 이를 인정하고 공무사무를 수행하는 변호사의 경우에도 이에 준하도록 개정하는 것이 타당함.
  따라서 동일한 업무를 하는 양자가 동일하게 규율될 수 있도록 「공증인법」 제2조를 좀더 명확하게 개정하여, 제2조를 준용하고 있는 「변호사법」에서 명시하고 있는 공증인 역시 공무원으로서의 엄격한 책임을 지게 함으로써 국가사무인 공증사무를 책임 있게 수행하도록 하고자 함(안 제2조 후단 신설).","강창일,김낙성,김영록,김충조,박기춘,박영선,송민순",법제사법위원회
우윤근,72,1800582,PRC_C0O8V0I8Q1C1E1I4H0N8B0Q9I4Y2D3,형법 일부개정법률안,계류,2008-08-11,"","","■ 제안이유 및 주요내용 
  「형법」 제304조의 혼인빙자간음죄를 살펴보면 “혼인을 빙자하거나 기타 위계로써 음행의 상습없는 부녀를 기망하여 간음한 자”라고 규정하여 남성만이 이 죄의 대상이 되도록 하였음.
  그러나 시대의 변화에 따라 여성뿐만 아니라 남성의 성적 자기결정의 자유 역시 이 죄의 보호법익으로 지켜져야 하기 때문에 “음행의 상습없는 부녀”를 “음행의 상습없는 자”로 개정하고자 하는 것임(안 제304조).","김낙성,김성곤,김영진,김종률,송민순,우윤근,이낙연",법제사법위원회
우윤근,72,1800572,PRC_Y0H8Y0Q8D0V8J1G1F0G9N1L8H9P2H5,발전소주변지역 지원에 관한 법률 일부개정법률안,의결,2008-08-08,2011-03-10,대안폐기,"■ 제안이유 및 주요내용
  현행법은 발전소 주변지역에 대하여 소득증대사업·공공시설사업·주민복지지원사업 등을 실시할 수 있도록 규정하고 있음.
  하지만 발전소 주변지역은 발전소로 인한 교통의 복잡화 등의 개연성이 충분하기에 교통편의를 위한 지원사업이 반드시 필요한 실정임.
  따라서 교통불편을 해소하고, 주민의 복지증진을 위하여 교통편의를 위한 지원사업을 할 수 있도록 명시적으로 규정하려는 것임(안 제10조제1항제1호).","강창일,김낙성,김영진,김충조,박기춘,박선영,우윤근",지식경제위원회
우윤근,72,1800412,PRC_G0O8Y0I7P2Z4R1I5E3I0R3P2W3M0E7,산업입지 및 개발에 관한 법률 일부개정법률안,의결,2008-07-24,2008-12-05,대안폐기,"제안이유 및 주요내용
  현행 법률에 따르면, 산업단지지정권자는 지정된 산업단지의 면적 또는 미분양 비율이 산업단지의 종류별로 대통령령으로 정하는 면적 또는 미분양 비율에 해당하는 지방자치단체의 경우에는 산업단지를 지정하여서는 아니 되는 산업단지지정의 제한을 시행하고 있음.
  이는 산업단지의 원활한 분양을 기하고 미분양단지의 분양을 촉진하며 중복투자와 산업단지 지정 및 개발의 남용을 방지하기 위하여 도입되었으나, 그 동안 지방자치단체의 지역개발의 수요와 산업구조의 첨단화·다양화 등 제반여건의 변화에 부응하지 못하고, 시·도 내 일부 시·군에 미분양이 된 산업단지가 있는 경우 입지수요가 많은 다른 시·군까지 산업단지의 지정이 제한되는 등의 문제가 있음. 
  또한, 전국 산업단지의 미분양율이 매년 현저히 줄어들고 있어 본 산업단지지정 제한조항의 입법취지가 상당히 희석되었다고 여겨짐.  
  따라서 현행 산업단지지정의 제한을 폐지함으로써 각 지방자치단체의 산업단지 지정 및 개발 수요에 적절히 대응하며, 지방의 수요에 맞추어 신축적인 산업단지의 공급을 확대할 수 있도록 하여 지역발전과  산업단지 활성화에 기여하려는 것임(제8조의2 삭제).","강창일,김동성,김우남,박기춘,신학용,우윤근,유성엽",국토해양위원회
우윤근,72,1800411,PRC_E0I8V0G7M2N4H1M5M2V8I1F5H2I7U4,지방세법 일부개정법률안,의결,2008-07-24,2011-03-11,대안폐기,"제안이유
  지역개발세는 현재 지역의 균형개발 및 수질개선과 수자원보호 등에 소요되는 재원을 확보하기 위하여 발전용수·지하수·원자력발전 등을 과세대상으로 하고 있으며, 특히 수력발전 및 원자력발전은 발전소가 설치된 주변 지역의 환경 위해요인으로 인한 지역 주민들의 경제적 손실 보전 등을 위하여 과세하고 있음.
  그러나 국내발전량의 절반 이상을 차지하고 있는 화력발전은 수력발전이나 원자력발전에 비하여 대기 및 수질오염 등 환경 위해요인이 더 많음에도 지역개발세의 과세대상에서 제외되고 있음. 따라서, 화력발전을 지역개발세의 과세대상에 포함함으로써 공평과세를 도모하고 나아가 지방자치단체의 재원을 확충하는데 기여하려는 것임.
주요내용
  지역개발세의 과세대상에 화력발전을 포함하고, 화력발전량 1킬로와트시당 0.5원의 세율을 적용함(안 제253조, 제254조, 제256조 및 제257조).","강창일,김우남,김충조,박은수,우윤근,이윤석,이진삼",행정안전위원회
우윤근,72,1800294,PRC_Q0F8W0Z7A1D6B1A1M0M2O4X6X5S0D0,거창사건관련자의 배상 등에 관한 특별조치법안,계류,2008-07-16,"","","제안이유
  거창사건은 1951년 2월 9일부터 1951년 2월 11일까지 경상남도 거창군 신원면 일원에서 국군병력이 공비토벌을 이유로 주민들을 희생시킨 사건으로, 1996년 1월 5일 「거창사건 등 관련자의 명예회복에 관한 특별조치법」의 시행으로 관련자의 명예는 어느 정도 회복되었음.
  그러나 거창사건은 다른 사건과는 달리 주민들을 즉결처분하도록 명령을 하달한 명령권자와 그 명령을 수행한 자에 대하여 전장도의를 소홀하여 인권을 유린한 죄를 적용하여 1951년 12월 16일 대구고등법원 중앙고등군법회의에서 무기징역과 유기징역에 각각 처한 사건으로서 국군의 위법행위를 인정한 사건인 바, 억울하게 희생당한 자와 그 유족에게 배상하는 것은 당연하다 할 것이므로 사망하거나 상이를 입은 자와 그 유족에 대하여 국가가 배상금을 지급함으로써 거창사건  관련자 및 그 유족들의 생활안정과 복지향상을 도모하며, 나아가 민주발전에 이바지하기 위한 것임.
주요내용
  가. 관련자 및 유족에 대한 배상과 그 밖의 지원에 관한 사항을 심의·결정하기 위하여 국무총리를 위원장으로 하고 15인 이내 위원으로 구성하는 거창사건관련자배상심의위원회를 두고, 동 배상심의위원회에서 위임받은 사항 등을 처리하기 위하여 위원회에 거창사건관련자배상심의실무위원회를 둠(안 제3조 및 제4조).
  나. 사망자 및 유족과 상처를 입은 자에 대하여는 배상금 및 의료지원금을 지급하도록 하고, 그 외에 생활의 보조를 위한 지원금을 지급할 수 있도록 함(안 제7조부터 제9조까지).
  다. 배상금은 거창사건관련자배상심의위원회가 정하는 바에 따라 지불하되, 실질 배상이 되도록 함(안 제11조).
  라. 상처를 입은 자 중에서 계속 치료가 필요한 자 등에게 치료, 개호 및 보장구 구입에 실질적으로 소요되는 비용을 의료지원금으로 지불하도록 함(안 제8조).
  마. 생활지원금은 기부된 성금으로 지원할 수 있도록 함(안 제9조).
  바. 배상심의위원회의 결정에 불복하는 자는 배상심의위원회에 재심의를 신청할 수 있도록 함(안 제13조).","김낙성,김동철,김성곤,김성순,김영선,김영진,김우남",법제사법위원회
우윤근,72,178325,PRC_Q0R8Z0L4O1U8R1K7U5V4G2W8B1W4L4,농산물품질관리법 일부개정법률안,의결,2008-04-18,2008-05-22,원안가결,"■ 제안이유 
  최근 FTA협상 등으로 농축산물 시장 개방이 가속화됨에 따라 국내 생산자 보호 및 소비자 알 권리 확보 등을 위한 원산지표시제도의 철저한 집행 등 농·축산물 유통질서 확립을 요구하는 각계각층의 욕구가 증대되고 있으나, 원산지표시 관리는 음식점에 사용되기 전까지는 
「농산물품질관리법」에서 관장하고, 음식점에서 조리·판매되는 경우는 「식품위생법」에서 관리하고 있어 음식점 전·후 단계에서 원산지표시 관리가 단절되므로 효율적인 단속이 이루어지지 않고 있음.
  따라서 농·축산물의 생산(수입)부터 최종소비처(식품접객업 영업장)까지 일관되고 체계적인 원산지표시 관리·단속이 이루어 질 수 있도록 원산지 판정의 전문성을 보유하고 있는 농림수산식품부(국립농산물품질관리원)에서도 음식점을 대상으로 한 원산지표시 관리를 하도록 하여 동제도의 실효성을 제고함은 물론 한·미 FTA 등으로 위기를 맞고 있는 우리 농업과 국내시장을 동시에 보호하고자 하려는 것임.
■ 주요내용 
  가. 식품접객업 영업장의 원산지표시제도 신설(안 제15조의2 신설)
    농·축산물의 유통질서를 확립하고 소비자에게 올바른 구매정보를 제공할 수 있도록 하기 위하여 「식품위생법」의 식품접객업 중 대통령령으로 정하는 영업을 영위하는 자가 조리하여 판매하고자 하는 쌀, 김치류 및 육류의 원산지 등 표시에 대한 관리의 근거를 신설하려는 것임.
  나. 식품접객업 영업장 원산지표시제도 신설에 따른 관련조항 개정(안 제17조, 제18조, 제34조의2, 제35조, 제38조)
    식품접객업 원산지표시와 관련한 허위표시 등의 금지, 벌칙 및 과태료 등의 관련 조항을 개정하려는 것임.
  다. 식품접객업의 영업신고 취소요청 조항 신설(안 제18조의3 신설)
    식품접객업 영업장에서 원산지를 표시하지 아니하거나 허위표시 금지 등을 위반한 경우 관계 중앙행정기관의 장에게 위반사항을 통보하여 행정처분 조치를 취하도록 하는 조항을 신설하려는 것임.","강기갑,김낙순,김영덕,노영민,류근찬,박영선,신중식",농림해양수산위원회
우윤근,72,178071,PRC_J0Z8X0E1G1G4Y1U4A3S4B2N3G6S8T0,유해화학물질관리법 일부개정법률안,의결,2008-01-14,2008-02-19,원안가결,"제안이유  
  현행 법령에 대한 집행의 실효성을 확보하기 위하여 하위법령에서 규정하고 있는 등록·허가의 취소, 영업의 정지 등 행정처분의 근거를 법률에 구체적으로 규정하여 재량행위를 투명하게 하는 등 현행 제도의 운영과정에서 나타난 일부 미비점을 개선·보완하려는 것임.
주요내용
  가. 환경부장관이 유독물영업자의 등록을 취소하거나 영업의 전부 또는 일부의 정지를 명할 수 있도록 현행 하위법령에서 정하고 있는 구체적인 사유를 법률에 명시함(안 제27조제2항제7호부터 제21호까지 신설).
  나. 환경부장관이 취급제한·금지물질영업자의 허가를 취소하거나 영업의 전부 또는 일부의 정지를 명할 수 있도록 현행 하위법령에서 정하고 있는 구체적인 사유를 법률에 명시함(안 제36조제2항제7호부터 제21호까지 신설).","강창일,김덕규,김홍업,노영민,문병호,박영선,신중식",환경노동위원회
우윤근,72,177938,PRC_X0S7S1A1K2T3Y1Z6M0B7H0B2E7N5Y0,저작권법 일부개정법률안,의결,2007-11-23,2008-05-29,임기만료폐기,"제안이유
  저작권 신탁을 설정한 후에는 저작권이 위탁자로부터 수탁자(신탁관리업자)에게 준물권적으로 이전되므로 위탁자인 원저작자는 신탁저작권을 제3자에게 처분하거나 이용허락 할 수 없지만, 저작물이 무형이고, 신탁의 법리에 대한 무지로 인하여 빈번한 처분이나 이용허락이 발생하여 권리자에 대한 혼란이 발생하고 있음.
  현행 저작권법 제54조(권리변동 등의 등록 효력)에서 저작권의 권리변동 등록을 하여야 제3자에 대한 대항력이 있는 것으로 규정하고 있으나, 저작권신탁제도는 대부분 포괄신탁방식에 의존하고 있고, 저작권등록은 물적편성주의를 취하고 있어서, 개별 저작권에 대한 신탁 등록이 1건도 이루어지지 않고 있는 현실이고, 현실적으로도 신탁등록 자체가 불가능한 상황임.
  위와 같이 저작권자에 대한 공시 기능을 가지고 있는 저작권 등록제도가 저작권 신탁관리에 대한 현실성을 담보하지 못하여, 많은 혼란을 야기하고 있으므로, 신탁관리업자가 관리하고 있는 저작물에 대해서 사전에 확인하지 않은 자에게 불이익을 주어 그 권리관계를 명확히 할 필요가 있음. 부동산의 이중양도는 형사처벌까지 하고 있는데, 저작권의 이중양도에 대해서는 그 권리관계를 명확히 하자는 것임.
주요내용
  가. 저작권위탁관리업자와 신탁계약을 체결한 저작자의 저작물도 제1항의 변동등록 효력이 있는 것으로 하고자 함(안 제54조제2항).
  나. 신탁관리업자가 회원명부를 책자로 배포하거나 또는 홈페이지 등 일반 공증이 접근 가능한 방법으로 공개한 경우에는 침해자의 과실이 있는 것으로 추정함(안 제125조제5항).","강기갑,김낙성,김홍업,노영민,노웅래,신중식,우원식",문화관광위원회
우윤근,72,176634,PRC_D0Y7H0T5H2R2P1V6P4D3J2L2T8I4Q5,산지관리법 일부개정법률안,의결,2007-05-21,2007-11-22,수정가결,"■ 제안이유 
산지전용제한지역 및 보전산지안에서 전용할 수 있는 행위를 「산지관리법」 제10조 및 제12조에서 정하여 공용·공공용시설, 산림보호· 산림경영 또는 산림공익을 위한 시설, 농림어업인을 위한 시설 등의 설치를 제한적으로 인정하고 있고, 
  위와 같은 시설을 설치하기 위해 산지의 형질을 변경하는 경우 「문화재보호법」 제55조의 규정에 따라 사전에 매장문화재 발굴허가를 받도록 되어있으나, 산지전용제한지역 및 보전산지안에서 매장문화재 발굴을 위한 산지의 전용행위를 제한하고 있어 매장문화재의 발굴을 실시하지 못하고 산지전용제한지역 및 보전산지안에서 허용되는 전용행위를 하기 위한 산지전용허가를 받은 이후 실시하고 있어 산지를 전용하고자 하는 자의 시간적·경제적 부담으로 작용하고 있어 매장문화재의 발굴을 산지전용제한지역 및 보전산지안에서 허용할 필요가 있으며,
  경제자유구역내에서 지구단위계획이 수립되는 지역은 산지전용범위와 세부기준을 지구단위계획수립지침에 따르도록 함. 
■ 주요내용 
  가. 산지전용제한지역 및 보전산지안에서 매장문화재의 발굴을 허용하고자 함(안 제10조제6호).
  나. 경제자유구역내에서 「국토의 계획 및 이용에 관한 법률」 제52조에 따라 지구단위계획이 수립되는 지역은 산지전용허가기준의 적용범위와 세부기준을 지구단위계획수립지침에 따르도록 함(안 제18조제4항).
■ 위원회 수정사항 
  □ 수정이유 및 수정주요내용 
경제자유구역내에서 산지개발시 산지전용허가기준을 배제하고 지구단위계획수립지침을 따를 경우, 토사의 붕괴나 산림훼손 최소화 등을 위한 점검 장치가 없어지게 되므로 산림훼손 남발 및 재해발생 우려가 예상되고,
경제자유구역에 관한 사항을 관련 법률인 「경제자유구역의 지정 및 운영에 관한 법률」에서 규정하지 않고 「산지관리법」에서 규정하는 것은 법체계에 부합하지 않은 측면이 있으므로, 관련 조항을 삭제하려는 것임.","김낙성,김낙순,김영덕,김춘진,노영민,신중식,우윤근",농림해양수산위원회
우윤근,72,175164,037412,임대주택법 일부개정법률안,의결,2006-10-18,2008-05-29,임기만료폐기,"■ 제안이유
임대사업자에게 부도가 발생한 경우 임차인에게 재산상 피해가 발생하지 않도록 임대보증금에 대한 보증 제도를 도입하고, 이를 의무화하였으나, 이를 위반한 경우 현행 1년 이하의 징역 또는 1천만원 이하에 벌금에 처하도록 하는 등 그 제재수단이 미약하여 실효성에 한계를 드러내고 있음.
  이에 임대보증금에 관한 보증에 가입하지 아니한 자에 대해 현행 상한제 형식으로 정해진 징역의 부과방식을 하한제 형식으로 전환함과 동시에 벌금형을 폐지함으로써 임대사업자의 임대보증금에 대한 보증가입 의무의 이행을 확보하려는 것임.
  한편 임대보증금에 대한 보증 가입시 소요되는 비용은 현행 각각 임대사업자 75퍼센트, 임차인 25%의 비율로 부담하고 있으나, 앞으로는 임대사업자 95%, 임차인 5퍼센트의 비율로 변경하여 임대사업자의 부담비율을 높임으로써 임차인의 재산권에 대한 임대사업자의 책임을 강화시켜 서민의 주거생활 안정을 도모하려는 것임.
■ 주요내용
  가. 임대보증금에 관한 보증의 부담비율을 종전 임대사업자 75퍼센트, 임차인 25퍼센트에서 임대사업자 95퍼센트, 임차인 5퍼센트로 조정함(안 제12조제2항).
  나. 임대보증금에 관한 보증의 의무를 이행하지 아니한 사업자에 대하여 1년 이상의 유기징역에 처하도록 함(안 제21조의2 신설).","김낙순,노영민,배일도,서갑원,우원식,우윤근,우제항",건설교통위원회
우윤근,72,174833,036638,기반시설부담금에 관한 법률 일부개정법률안,의결,2006-09-01,2007-09-20,대안폐기,"■ 제안이유
현행 「기반시설부담금에 관한 법률」은 「국토의 계획 및 이용에 관한 법률」 제67조에 의하여 개발행위가 집중되는 지역에 건축물의 건축행위로 유발되는 도로·공원·녹지·수도·하수도·학교·폐기물 처리시설 등 기반시설의 설치·정비 또는 개량행위에 필요한 재원을 확보하기 위하여 기반시설부담금을 부과하고 있음.
  그런데 공공기관 청사 등의 공공업무시설, 「택지개발촉진법」의 규정에 의한 택지개발 예정지구, 「산업입지 및 개발에 관한 법률」의 규정에 의한 산업단지, 「도시개발법」의 규정에 의한 도시개발지역 등에서의 건축행위는 실질적으로 기반시설을 유발함에도 불구하고 기반시설부담금 부과대상에서 제외하거나 20년간 부과하지 아니하고 있는 반면에 축사, 축산폐수처리시설, 버섯재배사, 미곡종합처리장(RPC) 등 농작물 경작 및 농림업을 영위하기 위해 설치가 불가피한 시설은 도로·공원·수도·학교 등 교통유발 및 인구집중을 요하는 기반시설을 유발하지 않는 시설임에도 기반시설 유발에 따른 부담금을 부과하는 것은 법 제정 취지에 맞지 않으므로 동법의 시행과정에서 나타난 일부 미비점을 보완·개선하고자 하는 것임.
■ 주요내용
  기반시설부담금의 부과제외 대상에 축사 등 농림업을 영위하기 위한 건축물을 추가함(안 제8조제1항제5호 내지 제16호 신설).","김낙순,노영민,선병렬,신중식,우원식,우윤근,우제항",건설교통위원회
우윤근,72,174089,034501,화물유통촉진법 일부개정법률안,의결,2006-03-23,2008-05-29,임기만료폐기,"■ 제안이유
중국의 경제성장과 더불어 동북아 지역의 물동량이 크게 증가함에 따라 동북아 국가간 물류허브 선점 경쟁은 날로 치열해지고 있고, 우리 정부도 이를 위해 동북아 물류·비지니스 추진 로드맵을 발표하고 경제자유구역 등을 조성·운영하며, 부산·광양항을 동북아 물류중심항만으로 육성하려는 방안을 갖고 있음.
  대량화물유통기지사업은 물류사업의 일종으로서 이러한 동북아 물류 허브 구축에 부합하는 사업이고 광양만 경제자유구역 안에 이루어지고 있으나 이를 포괄해줄 수 있는 사업 개념이 현재의 법령체계에 없어 사업의 허가 또는 등록과 조세감면 혜택에 있어 곤란을 겪고 있음.
  따라서 이 법에 대량화물유통기지사업을 실시할 수 있는 근거를 마련하여 경제자유구역 안에서의 물류사업 활성화를 도모하고 동북아 물류 허브 구축에 이바지하고자 함.
■ 주요내용
  가. 새로운 업종인 대량화물유통기지사업의 정의와 등록기준 등을 마련함(안 제2조제8호의4 및 제38조의2 신설).
  나. 대량화물유통기지사업에 대한 등록취소·영업정지 등의 기준을 마련함(안 제38조의3 신설).
  다. 등록하지 아니하고 대량화물유통기지사업을 경영하는 자에 대한 벌칙규정을 마련함(안 제55조제3호 신설).
  라. 이 법 시행 당시 대량화물유통기지사업에 해당되는 사업을 영위하던 자는 이 법 시행 후 3월 이내에 대량화물유통기지사업에 대한 등록을 신청하도록 함(안 부칙 제3항).","김낙순,선병렬,신중식,우원식,우윤근,유선호,이시종",건설교통위원회
우윤근,72,173256,032540,가정폭력범죄의처벌등에관한특례법 일부개정법률안,의결,2005-11-07,2007-07-03,대안폐기,"■ 제안이유
오늘날 가정폭력에는 성적 폭력이 수반되고 있는 현실임에도 불구하고 피해 당사자가 외부노출을 꺼려 대다수가 은폐되고 있는 현실이며 가정폭력 피해자중에는 동거하지 않는 가정구성원도 다수 존재하고 있고, 가해자와 피해자간에 발생되는 폭력행위로 인해 많은 그 미성년 자녀들이 정신적 충격과 폭력의 위협에서 자유롭지 못해 간접적인 피해를 당하고 있음. 또한 가정폭력 행위가 이루어지는 현장에 사법경찰관이 출동했다 하더라도 철저하고 신속한 조치가 이루어지지 않고 있으며 일부 조사과정에서는 인권 침해 사례가 발생하고 있는 것이 현실임. 따라서 이와 같은 문제점을 이를 시정하고, 가정폭력이 일부 우발적으로 발생되는 경우에는 처벌보다 교정치료와 상담이 더욱 효과적이라는 점을 감안하여 이를 보완하기 위한 제도적 장치를 마련하려는 것임. 
■ 주요내용
  가. 119 구급대원, 사회복지사업법 제14조제3항의 사회복지 전담 공무원에게 가정폭력신고의무를 부여함(안 제4조제2항제4호 신설).
  나. 가정폭력범죄에 제319조(주거침입·퇴거불응), 제321조(주거·신체 수색)의 죄를 추가함(안 제2조제3호바목).
  다. 사법경찰관은 가정폭력범죄를 신속히 수사하여 사건을 20일 이내에 검사에게 송치하여야 함(안 제7조).
  라. 사법경찰관은 범죄수사가 개시된 가정폭력범죄사건에 한하여 피해자의 명시한 반대가 없으면 제29조제1항제1호 및 제2호의 임시조치를 하여야 함(안 제8조제1항).
  마. 검사는 가정폭력사건을 수사한 결과 행위자의 성행교정을 위한 상담조건부 기소유예를 할 수 있음(안 제9조의2제2항 신설).
  바. 판사는 조사관으로 하여금 임시조치 이행상태 및 그 결과를 조사·보고하게 하여야 하고, 조사결과 임시조치가 이행되지 아니할 경우 판사는 기존의 임시조치를 취소하고 처분을 변경하거나 검사 또는 법원에 송치하여야 함(안 제29조제9항 및 제10항 신설).
  사. 수사기관이 피해자를 조사하는 경우에는 피해자의 신청에 의하여 피해자가 지정하는 자를 동석하게 할 수 있음(안 제33조의2제1항 신설).
  아. 피해자 또는 그 법정대리인은 피해자가 심리기일에 출석하여 증언하는 것이 현저히 곤란한 사정이 있는 때에는 그 사유를 소명하여 당해 가정폭력범죄를 수사하는 검사에게「형사소송법」제184조제1항의 규정에 따른 증거보전의 청구를 할 것을 요청할 수 있음(안 제34조의2 신설).
  자. 피해자가 13세 미만이거나 신체장애 또는 정신상의 장애로 사물을 변별하거나 의사를 결정할 능력이 미약한 때에는 피해자의 진술내용과 조사과정을 비디오녹화기 등 영상물 녹화장치에 의하여 촬영·보존하여야 함(안 제34조의2제2항 신설).
  차. 제34조의2제2항의 규정에 따라 촬영한 영상물에 수록된 피해자의 진술은 공판준비 또는 공판기일에서 피해자 또는 조사과정에 동석하였던 신뢰관계에 있는 자의 진술에 의하여 그 성립의 진정함이 인정된 때에는 이를 증거로 할 수 있음(안 제34조의2제3항 신설).
  카. 판사는 가정폭력범죄사건을 심리한 결과 보호처분이 필요하다고 인정한 때에는 피해자 또는 가족구성원의 주거로부터 퇴거 및 직장에 접근하는 행위의 제한할 수 있음(안 제40조제1항제1호).
  타. 행위자가 기초생활수급권자 및 국민기초생활보장법에서 정한 개별가구 소득평가액의 2배 이하인 자인 경우 행위자는 국가 또는 지방자치단체가 시설위탁 또는 보호처분에 필요한 경비를 부담하도록 함(제48조제1항 단서신설).
  파. 정당한 사유 없이 제5조의 규정에 따른 응급조치 업무를 소홀히 한 자는 100만원 이하의 과태료에 처함(안 제65조제3호).","김낙순,노영민,박명광,신중식,안민석,양형일,우윤근",법제사법위원회
우윤근,72,172909,032121,가정폭력방지및피해자보호등에관한법률 일부개정법률안,의결,2005-10-12,2006-04-06,대안폐기,"■ 제안이유
산업화가 진전될수록 가정의 소중함과 의미가 퇴색하고 있는 가운데 가정 내 폭력이 빈번해 지고 있어 일부 피해자들에 대한 보호와 지원을 위한 국가의 역할과 의무가 증대해지고 있는 실정임.
  특히 배우자간에 발생되고 있는 폭력행위로 인해 미성년의 어린자녀들이 받는 정신적 충격과 위해 등 간접피해도 매우 심각한 상황에 이르고 있음.
  무엇보다 가정폭력은 가족구성원간에 발생되고 있어 그 피해상황이 외부에 알려지기 보다는 은폐되는 경우가 많아 그 대책을 마련하는데 많은 한계가 있음.
  이에 가족 구성원의 인권을 보호하고 민주적이고 평등한 가정을 구현하기 위하여 간접 피해를 입고 있는 미성년 자녀에 대하여도 지원을 하는 등 가정폭력피해자에 대한 국가의 보호 및 지원을 확대하는 한편, 가정폭력에 대한 실태조사 및 가정폭력 예방교육을 실시하도록 하려는 것임.
■ 주요내용
  가. 이 법의 목적을 건전한 가정의 육성에서 가정폭력의 피해자에 대한 보호 및 지원을 통한 민주적이고 평등한 가정의 구현으로 변경함(안 제1조).
  나. 피해자에 가정폭력으로 인하여 직접적으로 피해를 입은 자 외에  그 가정폭력으로부터 보호와 지원이 필요한 아동을 추가함(안 제2조제3호).
  다. 여성가족부장관은 가정폭력의 실태조사를 5년마다 실시하고, 그 결과를 가정폭력의 예방을 위한 정책수립에 기초자료로 활용하도록 함(안 제4조의2 신설).
  라. 국가기관 및 지방자치단체의 장, 초ㆍ중·고등학교의 장, 그 밖에 공공단체 등 대통령령이 정하는 사업장의 사업주는 가정폭력의 방지를 위하여 가정폭력 예방교육을 실시하도록 함(안 제4조의3 신설).
  마. 가정폭력피해자보호시설의 종류를 단기보호시설, 중장기보호시설,  장애인보호시설, 외국인여성보호시설로 구분함(안 제6조의2 신설).
  바. 가정폭력피해자보호시설의 업무를 보다 구체화하여 숙식의 제공 등으로 일부 변경함(안 제8조제1항).","김낙순,노영민,신중식,안병엽,우원식,우윤근,이영호",여성가족위원회
우윤근,72,172851,032005,법원조직법 일부개정법률안,의결,2005-09-30,2005-12-01,수정가결,"■ 제안이유
최근 법정이나 법원청사 내에서 비정상적이고 극단적인 방법으로 행동하는 재판당사자들과 민원인이 증가함에 따라, 증인 그 밖에 일반 국민들의 신변에 대한 안전문제가 심각하게 위협받는 사례가 종종 발생하고 있고, 이로 인해 법원을 출입하는 선량한 국민들을 안전하게 보호하는 적극적인 대책이 수립되어야 한다는 국민들의 목소리가 높아지고 있음
  현행 「법원조직법」 제57조는 법정에서의 질서유지에 필요한 법정경찰권의 발동근거에 관하여 규정하고 있으나, 이 규정만으로는 법정보다 광의의 개념인 법원청사 내에서 발생하는 타인의 생명·신체·재산에 대한 가해행위 등을 법원직원 등이 즉각적으로 제지하여 선량한 국민의 신변이나 재산을 보호하는 조치를 취하는데 충분한 법률적 근거가 되지 못한다는 문제점이 있음
  따라서 법정의 존엄과 질서유지 및 청사방호를 위하여 대법원과 각급 법원에 ‘법원경비대’라는 명칭의 조직을 두고, 이들로 하여금 법원청사 내에서의 구체적이고도 급박한 위해행위를 직접적으로 제지할 수 있는 법적 근거와 그 한계를 명확히 규정함으로써, 엄정한 사법권의 행사와 법원청사 내에서의 안전보호조치가 보다 적정·신속하게 이루어지도록 할 필요성이 절실하다 할 것임
■ 주요내용
  가. 법정의 존엄과 질서유지 및 법원청사의 방호를 위하여 대법원 및 각급 법원에 법원경비대를 둠(안 제55조의2제1항 신설).
  나. 법원경비대의 대원은, 법원 청사 내에 있는 사람이 다른 사람의 생명·신체·재산 등에 위해를 가하거나 가하려고 하는 등 긴급한 위해행위가 발생할 경우 이를 제지하기 위하여 필요한 최소한도 내에서 신체적인 유형력을 행사하거나 보안장비를 사용할 수 있도록 함(안 제55조의2제2항 신설).
  다. 법원경비대의 대원이 신체적인 유형력 등을 행사함에 있어서는 미리 경고하도록 하는 등 직무상 주의의무를 부과함(안 제55조의 2제4항 신설).
■ 위원회 수정사항
□ 수정이유 및 수정주요내용
법정이나 청사내부에 대한 경비를 주 업무로 하는 조직에 대하여  경비대라는 명칭을 사용하는 것이 부적절하다고 보아 ‘법원경비대’를 ‘법원경비관리대’ 로 수정하고, 법원경비대 구성원인 민간경비요원에 대하여는 국민의 인권침해와 직접적으로 연결될 수 있는 신체적인 유형력을 행사하거나 보안장비를 사용할 수 있도록 하는 것이 부당하다고 보아 대법원규칙에서 이들을 제외하기로 함.","김선미,안병엽,양승조,양형일,우윤근,우제항,이상열",법제사법위원회
우윤근,72,172524,031590,농작물재해보험법 일부개정법률안,의결,2005-08-30,2006-12-22,대안폐기,"■ 제안이유
쌀시장 개방, DDA 농업협상, 농산물 수입개방 등으로 인해 농업경영에 대한 농업인들의 불안 심리가 가중되고 있는 가운데 농작물재해보험은 해마다 빈번하게 발생하고 있는 재해로부터 농가의 경제적 손실을 보전할 뿐만 아니라 소득증대에 기여하고 있는 제도임.
  농작물재해보험에 대한 농가의 수요가 매년 증대하고 있는 현실에서 재해보험에서 보상하는 자연재해의 범위가 매우 제한되어 있어 예기치 못한 자연재해로 인한 농업인의 피해에 효과적인 대응을 하지 못하고 있는 실정임.
  따라서 시행령에 위임되어 있는 재해보험에서 보상하는 보험대상 농작물과 자연재해의 범위를 모법에서 규정하는 한편, 보험대상 농작물은 단감을 감으로 개정하고 자연재해의 범위에 이상고온을 추가함으로써 농업인들이 재해를 극복하고 안정적으로 영농에 종사할 수 있도록 하고자 하려는 것임.
■ 주요내용
  가. 재해보험 대상농작물을 사과·배·포도·감·감귤·복숭아 등으로 규정함(안 제4조제1항).
  나. 재해보험에서 자연재해의 종류를 태풍피해ㆍ우박피해ㆍ동상해 ㆍ호우피해 및 이상고온피해로 규정함(안 제4조제2항).","김낙순,김선미,김성곤,김태홍,노영민,서갑원,신중식",농림해양수산위원회
우윤근,72,172521,031587,농어업재해대책법 일부개정법률안,의결,2005-08-30,2008-05-29,임기만료폐기,"■ 제안이유 및 주요내용
농어업은 자연의존도가 매우 높은 산업으로 자연재해가 발생할 경우 농어가의 경제적 손실이 매우 막대함에도 불구하고 정부의 지원수준은 아직도 미흡한 실정임.
  특히 농수산물 수입개방 자유화로 인해 우리농어업의 기반이 잠식되고, 농어가 경제에 막대한 타격이 예상되는 상황에서 WTO체제에서도 인정하고 있는 농어업재해에 대한 지원은 농어가의 경영과 소득안정을 위한 필수적 조치임.
  또한 환경오염으로 인해 기상재해가 매년 빈번하고 다양하게 발생되고 있는 가운데 우리나라의 온대성 기후가 점차 아열대 기후로 변화되고 있어 이상고온으로 인한 농작물의 피해가 증가하고 있는 현실임.
  이에 농업재해의 범위에 이상고온을 포함시킴으로써 여타 다른 자연재해와 형평성을 유지하고 농어업에 지속적으로 종사할 수 있도록 하려는 것임(안 제2조2항).","김낙순,김선미,김성곤,김태홍,노영민,서갑원,신중식",농림해양수산위원회
우윤근,72,172338,031363,정부투자기관관리기본법 일부개정법률안,의결,2005-07-29,2006-09-08,수정가결,"■ 제안이유
  「정부투자기관 관리기본법」 중 정부투자기관이 계약을 체결함에 있어 공정한 경쟁 또는 계약의 적정한 이행을 해칠 것이 명백하다고 판단되는 자에 대해 일정기간 입찰자격을 제한하는 제20조제2항의 규정이 포괄위임금지에 해당하여 헌법재판소에 의해 헌법불합치 결정을 받음(헌재2005.4.28. 2003헌바40).
  이에 따라 동법 제20조제2항 중 “일정기간”을 “3년  내의 범위에서 대통령령이 정하는 일정기간”이라고 명확히 규정하여 위헌결정의 취지를 반영하고자 함.
■ 주요내용
  정부투자기관이 계약을 체결함에 있어 공정한 경쟁 또는 계약의 적정한 이행을 해칠 것이 명백하다고 판단되는 자에 대해 3년 이내의 범위에서 대통령령이 정하는 일정기간 입찰자격을 제한함(안 제20조 제2항).
■ 위원회 수정사항
□ 수정이유
「정부투자기관관리기본법」 중 정부투자기관이 계약을 체결함에 있어 공정한 경쟁 또는 계약의 적정한 이행을 해칠 것이 명백하다고 판단되는 자에 대하여 일정기간 입찰자격을 제한하는 제20조제2항의 규정이 포괄위임금지에 해당하여 헌법재판소에 의하여 헌법불합치 결정(헌재2005.4.28. 2003헌바40)을 받은 바, 이에 따라 개정안의 입찰참가자격 제한기간의 상한을 합리적으로 조정하고, 헌법재판소가 동법 제20조제2항의 효력의 지속기한을 2006년 4월 30일까지로 하고 있으므로 개정안 부칙의 시행시기인 ‘2006년 1월 1일’을 ‘공포한 날’로 수정하고자 함.
□ 수정주요내용
  가. 정부투자기관이 계약을 체결함에 있어 공정한 경쟁 또는 계약의 적정한 이행을 해칠 것이 명백하다고 판단되는 자에 대해 2년 이내의 범위에서 일정기간 입찰자격을 제한함.(안 제2조제2항)
  나. 시행시기를 공포한 날로 함.(안 부칙)","김낙순,김명자,김성곤,김태홍,노영민,신중식,안민석",국회운영위원회
우윤근,72,172337,031362,국가를당사자로하는계약에관한법률 일부개정법률안,의결,2005-07-29,2005-11-23,대안폐기,"■ 제안이유
  「국가를 당사자로 하는 계약에 관한 법률」 중 부정당업자에 대한 입찰참가자격을 제한하는 제27조제1항의 규정에서 기간을 한정하지 아니하고 대통령령에 포괄적으로 위임하는 부분이 헌법재판소에 의해 위헌 결정을 받음(헌재2005.6.30. 2005헌가1).
  이에 따라 동법 제27조제1항 중 “일정기간”을 “3년 이내의 범위에서”라고 명확히 규정하여 위헌결정의 취지를 반영하고자 함.
■ 주요내용
  부정당업자의 입찰참가자격을 제한하는 기간을 3년 이내의 범위에서 대통령령에 위임함(안 제27조제1항).","김낙순,김명자,김태홍,노영민,신중식,안민석,우상호",재정경제위원회
우윤근,72,172210,031187,쌀소득 등의 보전에 관한 법률 일부개정법률안,의결,2005-07-06,2008-05-29,임기만료폐기,"■ 제안이유
  갈수록 진전되고 있는 농축수산물의 개방화로 인해 농업경영이 매우 어려운 현실 속에서 지난 2004년 타결된 쌀 재협상으로 외국산 수입쌀의 수입량이 더욱 확대되고 시중 판매까지 가능하여 우리의 식탁까지 오르는 현실이 되었음.
  특히 쌀 산업은 전체 농업소득의 52%를 차지고 있으며 농민의 70%가 종사하고 있는 대표적 작목으로 우리농업의 근간을 이루고 있어 쌀 산업에 대한 피해는 우리 농업인들의 농가경영을 매우 어렵게 하는 요인으로 작용할 수밖에 없는 현실임.
  현실이 이러함에도 농업인들에게 지급하는 쌀 소득보전기금의 목표가격 기준에 대한 적용시점이 가격이 가장 낮은 시기인 수확기로 되어 있어 농민들에게 많은 손실이 우려되고 있음. 
  따라서 목표가격 기준 적용시점을 단경기로 변경함으로써 농민들에게 실질적인 소득보전에 기여하고자 하는 것임.
■ 주요내용
  가. 목표가격은 쌀의 평균 단경기 가격 등을 감안하여 농림부장관이 정하여 고시하는 기준가격을 말함(안 제2조제3호).
  나. 변경되는 목표가격은 쌀의 평균 단경기 가격변동을 감안하여 정하도록 함(안 제10조제3항).","김낙순,김선미,김성곤,김태홍,김효석,노영민,안민석",농림해양수산위원회
우윤근,72,171610,030383,영유아보육법 일부개정법률안,의결,2005-04-08,2008-05-29,임기만료폐기,"■ 제안이유
   여성의 경제활동은 꾸준히 증가하고 있는 가운데 소득 1만불 진입 이후 지난 10년간 1.4% 증가에 머물고 있는 여성경제활동 참가율을 53.5%로 확대하기 위해 보육서비스 도약기반 구축사업의 역점적인 추진이 요청되고 있는 상황임.
  2005년 현재 총 360만명의 영유아(0~5세) 중 80만명(25%)이 25,319개소에서 보육되고 있음. 보육서비스 질적 수준향상을 위한 정부의 노력에도 불구하고, 일부 영유아들은 성추행, 폭행을 포함한 아동학대, 관리소홀로 인한 사건ㆍ사고, 부실한 간식 등 많은 위험에 거의 무방비 상태로 노출되어 있음.  
  따라서, 국ㆍ공립 어린이집에는 CCTV를 그 밖의 어린이집에는 CCTV 또는 웹켐 설치를 의무화 하여 자기의사 표현력 및 사실전달력이 부족한 영유아와 연관된 각종 사건ㆍ사고의 예방 및 명확한 사실관계 확인을 통한 영유아의 권리 및 복지를 실질적으로 보장하고자 함. 또한, 이는 실질적인 보육서비스의 질적 수준 향상을 통한 여성인력의 사회활동에 큰 기여를 할 것으로 예상됨
■ 주요내용
  국ㆍ공립 어린이집에는 CCTV를 그 밖의 어린이집에는 CCTV 또는 웹켐 설치를 의무화 하도록 함(안 제15조).","김낙순,김명자,김선미,김성곤,김태홍,김효석,노영민",여성가족위원회
우윤근,72,171314,029885,거창사건관련자의 배상 등에 관한 특별조치법안,의결,2005-01-31,2008-03-10,폐기,"■ 제안이유
  거창사건은 1951년 2월 9일부터 1951년 2월 11일까지 경상남도 거창군 신원면 일원에서 국군병력이 공비토벌을 이유로 주민들을 희생시킨 사건으로 1996년 1월 5일 「거창사건 등 관련자의 명예회복에 관한 특별조치법」의 시행으로 관련자의 명예는 어느 정도 회복되었음.
  그러나 거창사건은 다른 사건과는 달리 주민들을 즉결처분하도록 명령을 하달한 명령권자와 그 명령을 수행한 자에 대하여 전장도의를 소홀하여 인권을 유린한 죄를 적용하여 1951년 12월 16일 대구고등법원 중앙고등군법회의에서 무기징역과 유기징역에 각각 처한 사건으로서 국군의 위법행위를 인정한 사건인 바, 억울하게 희생당한 자와 그 유족에게 배상하는 것은 당연하다 할 것이므로 사망하거나 상이를 입은 자와 그 유족에 대하여 국가가 배상금을 지급함으로써 거창사건  관련자 및 그 유족들의 생활안정과 복지향상을 도모하며, 나아가 민주발전에 이바지하기 위한 것임. 
■ 주요내용
  가. 관련자 및 유족에 대한 배상 기타 지원에 관한 사항을 심의, 결정하기 위하여 국무총리를 위원장으로 하고 15인 이내 위원으로 구성하는 거창사건관련자배상심의위원회를 두고, 동 배상심의위원회에서 위임받은 사항 등을 처리하기 위하여 위원회에 거창사건관련자배상심의실무위원회를 둠(안 제3조, 제4조).
  나. 사망자 및 유족과 상처를 입은 자에 대하여는 배상금 및 의료지원금을 지급하도록 하고, 그 외에 생활의 보조를 위한 지원금을 지급할 수 있도록 함(안 제7조 내지 제9조).
  다. 배상금은 거창사건관련자배상심의위원회가 정하는 바에 따라 지불하되, 실질 배상이 되도록 함(안 제11조).
  라. 상처를 입은 자 중에서 계속 치료가 필요한 자 등에게 치료, 개호 및 보장구 구입에 실질적으로 소요되는 비용을 의료지원금으로 지불하도록 함(안 제8조).
  마. 생활지원금은 기부된 성금으로 지원할 수 있도록 함(안 제9조).
  바. 배상심의위원회의 결정에 불복하는 자는 배상심의위원회에 재심의를 신청할 수 있도록 함(안 제13조).","강기정,강창일,권선택,김기석,김부겸,김선미,김성곤",행정자치위원회
우윤근,72,171175,029556,지역경제활성화를위한공탁금및보관금을지방은행으로의지정촉구건의안,의결,2004-12-17,2005-04-26,수정가결,"","강길부,강성종,강재섭,강창일,고경화,공성진,곽성문",법제사법위원회
우윤근,72,170711,028982,발전소주변지역지원에관한법률중개정법률안,의결,2004-11-03,2005-06-29,대안폐기,"■ 제안이유
   발전소주변지역에 대한 지원사업은 발전사업자의 발전기가 설치되어 있거나 설치될 지점으로부터 반경 5킬로미터 이내의 지역을 대상으로 실시하고 있으나, 현행 동법 제2조에서 위임받은 시행령은 전기판매사업자(한국전력주식회사)에게 전기를 공급하는 자의 발전소를 제외하고 있음에 따라 동법의 근본취지와는 다르게 그 발전소주변지역 지원사업이 배제되는 불합리한 결과를 초래하고 있는 실정임.
  따라서 법률에 발전소지원사업이 배제되는 대상을 명확하게 발전소의 시설용량이 소규모인 전기사업자에 해당하는 경우에만 국한함으로써 발전소 지원사업의 형평성을 도모하려는 것임.
■ 주요내용
  발전소주변지역 지원이 제외되는 대상으로 대통령령이 정하는 시설용량 이하의 발전소로 한정하여 규정함(안 제2조제1호가목).","김용갑,박재완,염동연,오영식,우윤근,이상경,이상열",산업자원위원회
우윤근,72,170269,028304,형의실효등에관한법률중개정법률안,의결,2004-08-10,2005-06-29,수정가결,"■ 제안이유
   경찰청이 보존·관리하고 있는 수사자료표는 피의자의 지문, 인적사항 및 죄명 등이 기재된 것으로서 범죄수사와 재판의 목적 그 밖에 이와 관련된 부분에 한하여 최소한의 범위안에서 그 조회나 회보가 이루어져야 하나, 신원조회 등 국가기관에서 공무수행이라는 이름하에서 그 남용이 이루어져 피의자가 사회활동을 하는데 부정적인 영향을 주고 인권을 침해하는 사례도 있음.
   이를 방지하기 위하여 수사자료표의 범죄경력조회 및 수사경력조회와 그 회보를 할 수 있는 경우 중 공무수행을 위하여 불가피한 경우를 법률에서 구체적으로 명시하고, 그 외에 수사경력자료의 삭제와 관련하여 검사로부터 혐의없음·공소권없음·죄가안됨의 처분이 있는 경우에는 기소유예 처분과 달리 국민의 인권보장을 위하여 이를 지체없이 삭제하도록 함으로써 국민의 인권신장에 이바지 하려는 것임.
■ 주요내용
  가. 수사자료표의 범죄경력조회 및 수사경력조회와 그 회보를 할 수 있는 경우 중 공무수행을 위하여 불가피하다고 인정되는 경우를 구체적으로 규정함(안 제6조제1항제5호 내지 제8호 신설).
  나. 검사로부터 혐의없음·공소권없음 또는 죄가안됨의 불기소처분이 있는 경우 수사경력자료의 해당 사항을 5년이 경과한 때에 삭제하도록 하는 것을 지체없이 삭제하도록 함(안 제8조제3항 신설).
■ 위원회 수정사항
□ 수정이유
  공무원임명의 결격사유 등에 대하여도 범죄경력조회 및 수사경력조회와 그 회보가 가능하도록 하고, 불기소처분에 대한 수사경력자료를 일괄적으로 삭제하기 보다는 법정형의 경중을 기준으로 수사경력자료의 보존기간을 합리적으로 조정함으로써 경미한 범죄에 대한 불기소처분의 수사경력자료는 즉시 삭제하도록 하는 한편, 범죄경력조회 업무 등을 담당하는 기관에 대한 감독규정을 명시하는 등 조회자료 유출을 최대한 방지할 수 있도록 관련 규정의 미비점을 보완함.  
□ 수정주요내용
  가. 다른 법률에서 규정하고 있는 공무원임용, 인·허가, 서훈, 표창 등의 결격사유 등을 확인하기 위하여 필요한 경우 범죄경력·수사경력 조회 및 그 회보가 가능하도록 함(안 제6조제1항제9호 신설).
  나. 수형인명부 및 수형인명표의 정리에 관한 내용만을 제8조에서 규율하도록 함(안 제8조).
  다. 검사의 불기소처분이나 법원의 무죄·면소 또는 공소기각의 판결 등이 있는 경우는 해당 범죄사실의 법정형을 기준으로 수사경력자료의 보존기간을 구분함(안 제8조의2 신설).
  라. 법무부장관은 전과기록 또는 수사경력자료의 보관·관리 또는 조회업무와 관련하여 해당 기관에 자료제출을 요구하고 필요한 경우 시정조치를 할 수 있도록 함(안 제8조의3 신설).
  마. 수사자료표의 내용을 회보하거나 누설한 자에 대한 법정형을 상향조정함(안 제10조제1항).","강혜숙,김낙순,신중식,양형일,염동연,우윤근,우제항",법제사법위원회
우윤근,72,170268,028303,농산물품질관리법중개정법률안,의결,2004-08-10,2005-06-30,대안폐기,"■ 제안이유
   WTO재협상 및 FTA 체결 등으로 인하여 수입농산물이 급증하고 있는 현실에서 수입농산물의 원산지를 허위표시하거나 국내산으로의 둔갑 또는 국내산과 혼합판매 등으로 국내산농산물까지 소비자로부터신뢰를 잃고 있는 것은 심각한 현상임.
   이를 해소하기 위하여 수입농산물 등에 대하여는 감독관청 차원에서 원산지 표시 조사를 확대하고 원산지 표시 위반자에 대한 벌칙을 강화하여 수입농산물의 유통질서를 확립하는 한편, 국내산농산물이 소비자로부터 쉽게 수입농산물과 구별될 수 있게 함으로써 농민의 피해를 예방하고 농민과 소비자를 보호하려는 것임.
■ 주요내용
  가. 원산지 표시 등의 조사 실시 횟수를 정기적으로 대통령령이 정하는 횟수(현행 1회)로 실시토록 하고 있는 것을 연 2회로 확대  명시함(안 제18조제1항 및 제2항).
  나. 원산지 또는 유전자변형농산물의 허위표시 등을 한 자에 대한 벌칙을 징역형 또는 벌금형에 처하도록 한 것을 병과할 수 있도록 강화함(안 제34조의2).","강혜숙,신중식,양승조,양형일,우원식,우윤근,이상경",농림해양수산위원회
