박선영,55,1813974,PRC_H1N1K1D2P0V1Q1W4Q4D8F3S8Q3F6F4,국회의원(김선동) 징계안,계류,2011-12-01,"","","","강명순,김낙성,김동성,김무성,김영우,김옥이,박선영",윤리특별위원회
박선영,55,1813685,PRC_G1G1D1O0M2X8G1Y7H4Y3A0X5R2P6O7,대일항쟁기 강제동원 피해조사 및 국외강제동원 희생자 등 지원에 관한 특별법 일부개정법률안,계류,2011-10-28,"","","제안이유
일제에 의하여 강제동원되었다가 해방 이후에도 귀국하지 못한 많은 강제동원 피해자의 배우자들은 60여 년 이상을 홀로 유자녀 등을 키우며 힘겨운 삶을 살다가 많은 분들이 세상을 떠났음. 그리고 남아있는 배우자들은 모두 평균수명을 넘긴 채 한 많은 삶을 하루하루 힘겹게 영위하고 있음. 그러나 현행법은 이들의 기초생활보장에 대한 지원이나 보상이 미흡함.
특히 사할린 지역으로 강제동원된 피해자와 유족들 중 다수는 종전 후 (구)소련과의 외교단절로 인해 국내로 돌아오지 못하고, 40여 년간 사할린에서 핍박의 삶을 살아옴. 그러나 현행법은 제7조제4항에서 “대한민국의 국적을 갖고 있지 아니한 사람”으로 규정함으로써 60여 년간의 생활터전과 가족을 떠나 귀국하지 못하는 유족들을 제외하고 있음.
또한 「국립망향의동산관리소의 운영관리규정」 제3조(안장대상)에 따르면 “해외거주동포로서 본인의 의사에 반하여 징용 등으로 외국에 거주하다가 영주귀국한 자”, “동산에 안장된 자 또는 안장예약자의 배우자”로 한정하고 있어 강제동원되었으나 그 유골을 찾지 못해 귀국하지 못한 강제동원 피해자의 배우자를 차별하고 있음.
따라서 국외강제동원 희생자의 유족에게 인도적 차원에서 지원함으로써 이들의 고통을 치유하고 국민화합에 기여하고자 하는 이법의 목적을 실현하기 위해 법적 미비점을 보완하고자 함.
주요내용
  가. 국외강제동원 희생자의 미귀환으로 궁핍한 생활을 영위한 배우자와 자녀의 기초생활을 조금이라도 보장하기 위해 「국민기초생활 보장법」상의 차상위계층에 해당하는 이들은 「국민기초생활 보장법」상의 수급권자로 봄(안 제4조의2 신설).
  나. 국외강제동원 희생자의 배우자도 의료지원금의 대상에 포함시킴(안 제6조제1항).
  다. 국외강제동원 희생자의 배우자가 사망한 경우 유족의 의사에 따라 국립 망향의 동산에 유골을 안장할 수 있도록 함(안 제6조의2 신설).
  라. 위로금등의 지급대상에서 사할린지역은 대한민국의 국적자가 아니어도 가능하도록 함(안 제7조제4호 단서 신설).","권선택,김낙성,김성곤,김용구,김정권,김춘진,박선영",행정안전위원회
박선영,55,1813337,PRC_W1U1P1B0P0Q4Z1P8V5E9R4G0S4B4L7,중국의 탈북자 강제북송중단 촉구 결의안,의결,2011-10-04,2011-10-10,대안폐기,"","권선택,권영세,김동성,김부겸,김세연,김소남,김영선",외교통상통일위원회
박선영,55,1813100,PRC_Z1M1H0E9E0D1I1N6P4T0A4I1M3I2J8,통영의 딸 신숙자 모녀생사확인 및 송환 촉구 결의안,계류,2011-09-01,"","","","고흥길,구상찬,권선택,권택기,김낙성,김용구,김용태",외교통상통일위원회
박선영,55,1813081,PRC_E1R1O0H8F3A1C1L8U1V2M4U6U4U1C1,양육비 선지급법안,계류,2011-08-31,"","","","권선택,김금래,김낙성,김용구,김창수,류근찬,박선영",여성가족위원회
박선영,55,1813019,PRC_U1L1Z0K8F2S6I1T1Q3P3Y5V2Q6I2O7,자유무역협정 체결에 따른 무역조정 지원에 관한 법률 일부개정법률안,의결,2011-08-26,2011-12-29,대안폐기,"제안이유
  2006년 도입된 우리나라의 무역조정지원제도는 무역자유화에 대응하여 피해 기업과 근로자의 무역조정을 위한 효과적인 지원대책을 강구하고자 하는 제도임.
  그러나 아직 무역자유화를 위한 대내외 협상 수단이자 국내 기업 및 근로자를 위한 보완대책으로서의 본래 취지는 살리고 있지 못하고 있음. 
  정부가 지난 5년 동안 무역조정지원제도를 통해 지원한 기업은 7곳, 노동자는 18명에 불과할 정도로 우리나라의 무역조정지원제도는 그 내용과 운영방식이 실효성을 결여하고 있고, 이로 인하여 기업과 근로자는 무역조정지원제도의 혜택을 받지 못하고 있는 실정임.
  미국은 1960년대 초 무역조정지원제도를 도입한 후로 1974년, 2002년, 2009년 개정을 거듭하여 근로자 중심의 지원책을 강화하고 있음.
  미국은 무역조정지원제도를 통하여 근로자의 소득보조, 직업훈련의 실시, 전직이나 재취업을 위한 구직활동의 비용보조와 함께 원거리 지역으로 취업 시 이사비용까지 보조해 주면서 근로자의 생활안정을 도모하고 있음.
  따라서 우리나라도 한-미 FTA로 인하여 우리의 기업과 근로자의 피해를 최소화하기 위해서는 미국과 같은 수준의 실질적인 지원제도를 마련하여 상대국과의 이익 균형은 물론 취약계층의 피해를 최소화 하는 등 제도적 기반을 마련하기 위하여 동 법안을 제안함.
주요내용
  가. 자유무역협정으로 인하여 피해를 입은 기업의 매출액 또는 생산량 감소기준을 100분의 5로 조정하여 보다 많은 기업이 무역조정지원을 받을 수 있도록 함(안 제6조).
  나. 무역피해 판정에 대한 심의 기관을 무역조정지원위원회로 변경하여 보다 효율적이고 신속한 절차가 진행되도록 함(안 제6조).
  다. 정부는 무역조정지원근로자에 대한 직업훈련과 취업에 관련된 정보를 실직 후 6개월 이내에 하도록 하고, 지원을 받는 근로자의 범위를 정규직뿐만 아니라 비정규직까지 포함하여 보다 많은 근로자가 혜택을 받도록 함(안 제12조).
  라. 정부는 무역조정지원근로자에 대하여 직업훈련에 따른 비용을 보조하게 함(안 제12조의2 신설).
  마. 정부는 무역조정지원근로자의 구직활동을 보조하기 위하여 구직근로자 1인당 160만원의 구직비용을 지급하도록 함(안 제13조의2 신설).
  바. 정부는 무역조정지원근로자가 원거리 지역으로 전직이나 재취업을 하는 경우 가구당 최대 160만원 한도로 이사비용을 지급하도록 함(안 제13조의3 신설).
  사. 정부는 자유무역협정의 이행으로 인하여 피해를 입은 지방자치단체에 대하여 무역영향에 대한 대응과 경제구조를 다양화하기 위한 광범위한 기술지원과 지역경제의 인프라 구축에 필요한 자금을 지원하도록 함(안 제15조 신설).
  아. 무역조정지원의 효율적인 시행을 위하여 둘 이상의 특별시ㆍ광역시ㆍ시ㆍ군(광역시의 군은 제외한다) 행정구역을 통합하여 11개 지역제 무역조정지원센터의 분소를 두도록 함(안 제16조제2항).","권선택,김낙성,김용구,김창수,박선영,변웅전,신낙균",지식경제위원회
박선영,55,1812857,PRC_O1Q1O0M8X1X2Q1Y1B0L9A2N9S7D4U6,국가재정법 일부개정법률안,계류,2011-08-12,"","","제안이유
  우리나라는 연간 1,400만 톤의 곡물을 수입하는 세계 5위의 곡물수입국으로 2010년 현재 식량자급률은 26.7%임.  
  쌀을 제외한 95%의 곡물을 해외에서 수입하고, 밀 0.1%, 옥수수 0.8% 등 주요곡물의 자급률은 거의 전무한 실정임.
  최근 세계 농업시장은 자유무역협정을 통해 ‘국경 없는 무한경쟁’ 시대를 맞고 있고, 특히, 칠레·싱가포르·EFTA·아세안·미국에 이어 캐나다·멕시코·일본 등과 이른바 ‘동시다발적 FTA’ 를 추진하고 있는 우리의 현실을 감안할 때, 농업에 대한 다양한 지원을 통해 농업의 경쟁력 강화와 함께 식량자급률을 높여 식량안보를 강화할 필요성이 있음.
  미국과 프랑스를 비롯한 주요 농업선진국들은 자국의 식량안보를 위해 강도 높은 농업 지원책과 육성책을 마련하고 있음.
  미국의 경우 농업인에 대한 주택·토지·교육·의료 등의 지원책을 마련해 놓고 있으며, 농업인 관련 대출의 경우 연 1퍼센트 이자율을 통해 농업인의 부담을 최소화하면서 자국의 농업경쟁력을 강화하고 있음.
  또한 농업재해보험의 경우에도 미국은 재해보험 가입률이 85%인데 반하여 우리의 경우 30%에 미치지 못하고 있는 실정이고, 2009년 기준으로 우리나라의 농업재해율은 1.46%로 일반산업재해율 0.7%보다 2배 이상 높은 점을 감안할 때, 농업재해보험 가입률을 높여 농업재해 발생 시 농민들의 피해를 최대한 보상해 줄 필요성이 있음. 
  이에 농업인이 농업을 기반으로 삶의 질을 향상시키고 이를 바탕으로 농업경쟁력을 강화하기 위하여 주택지원·토지매입·교육 및 보육지원·의료지원·재해보험 지원 등을 지원해 줄 필요성이 있고 , 이를 위한 재원을 확보하기 위하여 농업기반발전기금을 설치하려는 것임.  
주요내용
  별표 2에 「농업지원 기본법」을 추가함(안 별표 2 제67호 신설). 
참고사항
  이 법률안은 박선영의원이 대표발의한 「농업지원 기본법안」(의안번호 제12692호)의 의결을 전제로 하는 것이므로 같은 법률안이 의결되지 아니하거나 수정의결 되는 경우에는 이에 맞추어 조정되어야 할 것임.","권선택,김낙성,김용구,류근찬,박선영,변웅전,유성엽",기획재정위원회
박선영,55,1812692,PRC_G1L1T0T7N2Z2Y1F3N2J7B0I2P9J3A5,농업지원 기본법안,계류,2011-07-22,"","","■ 제안이유 
  우리나라는 연간 1,400만 톤의 곡물을 수입하는 세계 5위의 곡물수입국으로 2010년 현재 식량자급률은 26.7%임.  
  쌀을 제외한 95%의 곡물을 해외에서 수입하고, 밀 0.1%, 옥수수 0.8% 등 주요곡물의 자급률은 거의 전무한 실정임.
  최근 세계 농업시장은 자유무역협정을 통해 ‘국경 없는 무한경쟁’ 시대를 맞고 있고, 특히, 칠레·싱가포르·EFTA·아세안·미국에 이어 캐나다·멕시코·일본 등과 이른바 ‘동시다발적 FTA’ 를 추진하고 있는 우리의 현실을 감안할 때, 농업에 대한 다양한 지원을 통해 농업의 경쟁력 강화와 함께 식량자급률을 높여 식량안보를 강화할 필요성이 있음.
  미국과 프랑스를 비롯한 주요 농업선진국들은 자국의 식량안보를 위해 강도 높은 농업 지원책과 육성책을 마련하고 있음.
  미국의 경우 농업인에 대한 주택·토지·교육·의료 등의 지원책을 마련해 놓고 있으며, 농업인 관련 대출의 경우 연 1퍼센트 이자율을 통해 농업인의 부담을 최소화하면서 자국의 농업경쟁력을 강화하고 있음.
  또한 농업재해보험의 경우에도 미국은 재해보험 가입률이 85%인데 반하여 우리의 경우 30%에 미치지 못하고 있는 실정이고, 2009년 기준으로 우리나라의 농업재해율은 1.46%로 일반산업재해율 0.7%보다 2배 이상 높은 점을 감안할 때, 농업재해보험 가입률을 높여 농업재해 발생시 농민들의 피해를 최대한 보상해 줄 필요성이 있음. 
  이처럼 세계적으로 중요한 문제로 떠오른 식량안보를 강화하기 위해 농업에 대한 다양하고 구체적인 지원책을 마련함으로써 농업의 지속적인 발전과 이를 통해 국민에게 질 좋은 농산물을 제공하여 국민의 건강과 농업의 발전을 조화롭게 이루기 위한 목적임.
■ 주요내용 
 가. 농림수산식품부장관은 농업기반발전사업의 기본계획을 수립하여 매 회계연도마다 국회에 보고하여야 함(안 제5조).
 나. 농업의 지속적인 발전과 농업인에 대한 효율적인 지원을 위하여 농림수산식품장관 소속으로 농업기반발전위원회를 둠(안 제7조).
 다. 국가와 지방자치단체는 농업인지원정책의 효율적인 시행을 위하여 농촌지역에 농업기반발전센터를 둠(안 제9조).
 라. 국가와 지방자치단체는 농업인과 농업보조인력의 주거안정을 위하여 주택의 신축·구입·수리 또는 임차하는데 필요한 비용을 가구당 최대 5천만원, 이자율 연 1퍼센트, 상환기간 최대 30년까지 지원할 수 있도록 함(안 제10조).
 마. 국가와 지방자치단체는 농업인이 농업기반을 조성하기 위하여 농지, 축사 등을 매입하거나 임차하는 데 필요한 비용을 최대 7천만원, 이자율 연 1퍼센트, 상환기간 최대 30년까지 지원할 수 있도록 함(안 제11조).
 바. 국가와 지방자치단체는 농업경영을 위해 필요한 비용을 최대 1억원, 이자율 연 1퍼센트, 상환기간 최대 30년까지 지원할 수 있도록 함(안 제12조).
 사. 국가와 지방자치단체는 농업인과 그 가족의 교육지원을 위해 원격교육, 영유아보육시설에 대한 무상교육, 숙식시설지원 등을 할 수 있도록 함(안 제13조).
 아. 국가와 지방자치단체는 의료취약지역인 농촌지역의 보건의료를 행하기 위한 지원과 함께 농업관련 전문병원을 지정하여 운영에 대한 지원을 할 수 있도록 함(안 제14조).
 자. 국가와 지방자치단체는 농산물가공산업의 활성화를 위해 농산물가공사업자에 대한 세제혜택을 지원할 수 있도록 함(안 제15조).
 차. 국가와 지방자치단체는 농산물의 해외판매를 위한 해외박람회 참가, 해외판촉전 개최, 해외바이어 초청 등의 지원과 수출관련 행정적 비용의 전부 또는 일부를 지원할 수 있도록 함(안 제16조).
 카. 현재 농업재해보험의 가입률이 30% 미만인 점을 감안하여, 정부로 하여금 재해보험의 가입에 필요한 정책자금의 지원 및 신용보증의 지원을 통하여 보험가입을 의무화 하도록 함(안 제17조).
 타. 정부는 안 제10조 내지 제17조의 농업지원을 위해 농업기반발전기금을 설치하도록 함(안 제18조 내지 제25조).","권선택,김낙성,김용구,류근찬,박선영,변웅전,유성엽",농림수산식품위원회
박선영,55,1812647,PRC_T1T1O0U7L1D5R1H8A4S0U5U7M0V2J1,영유아보육법 일부개정법률안,계류,2011-07-15,"","","제안이유
  현행 「영유아보육법」 제14조 및 시행령에 따르면 ‘상시 여성 근로자 300인 이상 또는 근로자 500인 이상 사업장’은 직장보육시설을 의무적으로 설치하도록 규정하고 있으며, 설치가 어려운 경우에는 다른 시설에 위탁을 하거나 보육수당을 지급하게 되어 있음. 
  그러나 2010년 12월말 기준으로 직장보육시설 설치 의무 조항(「영유아보육법」)을 어기고 있는 의무사업장은 41%에 이르고 있으며, 전체 576곳 중에 직장보육시설을 설치한 사업장은 31.3%에 불과함. 「영유아보육법」에는 의무조항으로 두고 있지만 이에 대하여 해당 사업주가 알지 못하고 있는 경우가 많고, 또 미이행 시 법적 제재수단은 없기 때문에 해당 기업들은 아무런 불이익을 받지 않아 법적 실효성이 떨어지는 상황임. 
  근로자의 상당수가 직장보육시설을 이용할 수 없거나 의무설치 기준에 미치치 못하는 사업장의 근로자는 자녀의 보육문제로 일자리를 포기하는 경우도 발생하고, 세계 최저 수준인 출산율을 높이기 위해서는 일ㆍ가정 양립을 할 수 있는 여건을 마련하는 것이 무엇보다 중요함. 따라서 직장보육시설 설치의무를 위반한 경우 일정한 제재를 가할 수 있도록 함으로써 부모가 안심하고 자녀를 양육하게 하고 보육에 관한 국민의 부담을 줄여 저출산 문제 해결에 도움이 되고자 함.
주요내용
  가. 직장보육시설을 의무적으로 설치하여야 할 설치기관이 설치의무를 이행하지 않는 경우 시정명령을 하도록 함(안 제14조의2 신설).
  나. 보육시설을 의무적으로 설치하여야 할 사업체가 보육시설을 설치하지 아니하는 경우 그 사업장에 대하여 이행강제금을 부과하도록 함(안 제14조의3 신설).","강기갑,권선택,김낙성,김영진,김정권,김창수,김춘진",보건복지위원회
박선영,55,1812543,PRC_V1I1K0H7H0H1A1A6R5H4S0L5L4W8R3,국회법 일부개정법률안,계류,2011-07-01,"","","제안이유
헌법재판소 재판관 및 중앙선거관리위원회 위원 등 국회에서 선출하는 공직자와 법률에 의하여 국회가 추천하는 자는 국민의 대표기관인 국회에 의해 추천·선출되는 것으로 그 대표성이 중요하다 할 것이며, 따라서 그 후보자의 추천 및 선출에 있어 공정성 확보와 철저한 검증이 요구됨.
그러나 현재의 추천방식은 교섭단체간에 몫이 나누어져 교섭단체 내에서 특별한 절차 없이 지도부의 결정에 의해 이루어져 민주적 정당성이 훼손되고 있으며, 교섭단체에서 철저한 검증이 이루어지지 않아 부적격자가 추천됨.
따라서 이러한 불합리한 제도를 개선하기 위해 헌법과 다른 법률에 의하여 국회에서 선출하는 헌법재판소 재판관 및 중앙선거관리위원회 위원 등 공직자와 다른 법률에 의하여 국회가 추천하는 자에 대한 추천 및 검증과 선출안을 심사하기 위하여 인사추천검증특별위원회를 구성하고자 함.
주요내용
가. 헌법과 다른 법률에 의하여 국회에서 선출하는 헌법재판소 재판관 및 중앙선거관리위원회 위원 등 공직자와 다른 법률에 의하여 국회가 추천하는 자에 대한 추천 및 검증과 선출안을 심사하기 위하여 인사추천검증특별위원회를 구성함(안 제46조의4제1항 신설).
나. 인사추천검증특별위원회는 다른 법률의 규정에 의해 국회의 인사청문을 거치도록 한 국회에서 선출하는 공직자에 대한 인사청문을 실시함(안 제46조의4제2항 신설).
다. 인사추천검증특별위원회는 위원장 1인을 포함한 15인의 위원으로 구성하며, 위원의 경우 여야동수로 함(안 제46조의4제3항 신설).","권선택,김낙성,김용구,김창수,김혜성,류근찬,박선영",국회운영위원회
박선영,55,1812353,PRC_W1A1T0O6C2L3K1Z6P0B7G1U1E9L6K1,행정소송법 전부개정법률안,계류,2011-06-23,"","","■ 제안이유 
  현행 행정소송법은 1951년 제정된 이후 33년만인 지난 1984년 전면개정이 이루어 졌고, 10년 후인 1994년에는 행정심판 전치주의를 폐지하고 행정법원을 신설하여 행정소송을 2심제에서 3심제로 전환하는 일대 변혁을 맞이함. 
  1994년 개정 행정소송법은 행정처분에 대한 사법심사를 강화했다는 점에서 긍정적인 평가를 받았지만, 사회변화로 인해 다양화 되고 있는 행정소송 형태에 부합하기에는 적합하지 못하다는 지적을 받음.
  이와 같은 비판이 행정법학계와 실무가들 사이에서 제기되자 대법원과 법무부는 각각 2002년과 2007년에 행정소송법 개정안을 작성하여 국회에 제출. 
  하지만 2007년 대통령선거와 예산안 처리 등 정치적 현안에 밀려 단 한 차례도 국회에서 심의되지 못한 채 2008년 5월, 17대 국회 임기만료와 함께 폐기됨. 
  2002년부터 2007년까지 꾸준히 이어졌던 행정소송법 개정논의는 18대 국회 개원 후 그 어느 곳에서도 자취를 찾아볼 수 없고, 2011년 6월 현재를 기준으로 국회에 제출된 행정소송법 개정안은 단 한건도 없음. 
  현재 우리사회는 날로 다양해지고 있는 사회문제와 개발에 따른 소송문제 등으로 인하여 행정청과 국민간의 갈등이 날이 갈수록 심해지고 있고, 법 규정의 미비로 인하여 억울한 처분을 받아야 하는 국민들의 사연이 언론을 통해서 심심치 않게 보도되고 있음. 
  따라서 이러한 상황을 타계하고 국민의 권익을 실효적으로 보장하기 위해서 현행 행정소송법의 문제점을 개선하여 국민에게 가깝게 다가갈 수 있는 행정소송법을 만들기 위한 목적임.
■ 주요내용 
가. 행정청의 범위를 국가기관 또는 지방자치단체로 명문화함으로써 국가기관의 책임을 명확화 함(안 제1조).
나. 항고소송의 대상을 협의의 처분 뿐만 아니라 권력적 사실행위나 법규명령·규칙으로 확대하여 항고소송(취소소송·무효등확인소송·의무이행소송·예방적 금지소송)의 범위확대를 통한 국민의 권리구제의 폭을 넓힘(안 제2조, 제3조, 제4조).
다. 당사자의 신청에 대한 행정청의 처분이나 명령 등의 거부 또는 부작위에 대하여 처분이나 명령 등을 하도록 하는 의무이행소송을 도입(안 제4조제3호).
라. 행정청이 장래에 일정한 처분이나 기타의 직무행위를 할 것이 임박한 경우에 그 처분이나 명령 등을 금지하는 소송인 예방적 금지소송을 도입(안 제4조제4호). 
마. 원고적격을 기존의 법률상 이익에서 정당한 이익으로 변경하여 국민들의 권익확대를 도모(안 제12조).
바. 항고소송의 결과에 이해관계가 있는 제3자에게 소 제기 사실을 통지하는 규정을 마련(안 제16조)
사. 민사소송과 행정소송의 소의 변경을 허용하는 규정을 마련(안 22조)
아. 취소소송이 제기된 경우에 처분 등이나 그 집행 또는 절차의 속행으로 인하여 생길 중대한 손해를 예방하기 위하여 긴급한 필요가 있다고 인정되는 때로 집행정지의 요건을 개정하고, 집행정지시 발생할 손해를 방지하기 위해 담보부집행정지제도를 신설(안 제24조제2항, 제3항)
자. 가처분제도의 도입(안 제26조)
차. 법원은 사건의 심리를 위하여 필요하다고 인정하는 경우 당사자인 행정청에게 처분과 관련된 자료를 제출하도록 요구하는 자료제출요구 규정을 신설(안 제28조)
타. 취소판결의 기속력으로 결과제거의무를 신설 (안 제34조)
카. 소송상 화해 제도의 신설 (안 제35조)
파. 당사자소송에서의 가집행제한 조항의 삭제","권선택,김낙성,김용구,김창수,류근찬,박선영,변웅전",법제사법위원회
박선영,55,1811878,PRC_U1U1T0N5S2M0P1Z7G5C9J0H9W2F1Y6,법인세법 일부개정법률안,의결,2011-05-20,2011-12-30,대안폐기,"제안이유
경제협력개발기구(OECD) 국가의 법인세율 평균치는 매년 하락 추세임. OECD의 평균 법인세율은 23.9%로 현행 우리나라의 법인세율은 22%에 주민세를 합치면 실제 법인세율은 24.2%에 달해 오히려 OECD 평균치를 약간 웃돌고 있음.
정부는 법인세와 소득세를 내리면 투자와 소비 여력이 늘어나 내수가 확대되고 일자리가 생겨 중소기업과 서민층에 도움이 되기 때문에 경제활성화와 양극화 해소를 위해 감세가 필요하다는 입장임. 그러나 감세철회를 내세우는 쪽에서는 감세 혜택이 대기업과 부자들에게만 돌아가고 세수부족으로 재정건전성도 악화된다며 반대함.
그러나 감세는 경제적ㆍ사회적 파장과 효과를 최우선시해 접근해야 하는 문제임.
대만 입법원은 2010년 1월 법인세를 20%로 낮춘 뒤 4개월 만에 다시 17%로 인하하였으며, 싱가포르는 2007년 20%에서 2010년 17%로, 홍콩은 2007년 17.5%였던 법인세율을 1년 만에 낮춘 16.5%로 인하함. 그리고 독일은 1985년 56%였던 법인세율을 2010년 15%까지 인하하였고, 아일랜드도 1985년 50%였던 법인세율을 2010년 12.5%까지 인하함.
이처럼 세계는 지금 법인세를 낮춰 기업 경쟁력 강화에 애쓰고 있으며, 이는 법인세를 낮춰 기업의 투자를 늘리고 외자 유치와 함께 자본 이탈을 막겠다는 의지임.
2000년 우리나라의 법인세율은 28%였으며, 2010년 현재 22%로 6%p 인하였음. 반면 기획재정부에 따르면 2000년 법인세수는 17조 2,564만원이었으나 2010년 법인세수는 36조 8,671억원으로 거의 2배나 증가함.
그리고 2009년 국세청 국세통계연보 기준으로 법인세를 부담하는 기업은 22만 7,000여 곳으로 이들 기업이 34조 8,000억 원의 법인세를 부담하고, 이 중 과표가 2억원 이상의 세율을 적용받는 기업은 4만 3,800여 곳으로 이들이 총 부담세액의 97%인 33조 8,000억원을 부담함. 또한 4만 3,800여 기업 중 1만 5,700여 곳이 중소기업임.
그러나 대기업들은 법인세율 인하로 엄청난 혜택을 누렸지만 투자도 제대로 하지 않고 고용도 별로 늘리지 않았으며, 수출을 많이 하는 대기업들은 고환율정책의 혜택까지 누리며 사상 최대의 이익을 올렸지만 중소기업과 상생하려는 생각은 거의 없이 임직원들에게 성과급 잔치만 벌여왔음. 더구나 10대그룹은 현금을 쌓아놓고도 지난 3년간 빚을 205조원이나 늘리면서 덩치를 불리는 데 주력해 왔음.
이러한 대기업들의 행태로 법인세율을 인하할 명분이 사라지고, 법인세율을 추가 인하하지 말고 그 재원을 서민과 중산층을 위해 사용해야 한다는 여론이 확산됨.
이에 법인세율을 인하하여 기업경쟁력을 강화하려는 세계적 추세에 맞추면서도 대기업에 집중될 것으로 예상되는 감세는 부적절하여 과세표준구간을 보다 세분화하고자 함.
주요내용
2012년 1월 1일 이후 개시하는 사업연도부터 과세표준을 2억원 이하는 현행과 같이 유지하고, ‘2억원 초과 50억원 이하’, ‘50억원 초과’로 세분하여, 각각의 과세표준에 해당하는 세율을 20%, 22%로 조정함(안 제55조제1항제2호).","권선택,김낙성,김용구,김창수,류근찬,박선영,변웅전",기획재정위원회
박선영,55,1811796,PRC_E1M1A0A5H1K3T1N6J1B1H2T7H2M3M7,주택임대차보호법 일부개정법률안,계류,2011-05-13,"","","■ 제안이유 
  주택은 헌법이 보장하고 있는 ‘인간다운 생활을 할 권리’의 필수적 요소임. 그러나 가구수와 주택수를 비교하는 주택보급율은 작년말 기준으로 111.9%였으나 자기 집에 사는 자가점유율은 1995년 53.3%에서 2005년 55.6%로 미미한 증가에 그쳤고 작년 기준으로 56~57%로 추산되는 가운데 2009년부터 시작된 전세금 상승추세가 2년째 계속되고 있고, 올 1분기에만 4.3% 올라 8년만에 최고치를 기록했던 작년 연간 상승률 7.1%의 절반을 훌쩍 넘음.
  이는 핵가족화와 고령화 및 1인가구 증가, 고령화에 따른 수입확보를 위한 전세물량의 월세전환, 재건축 및 뉴타운 개발 등에 따른 멸실 등으로 물량의 주택시장의 전세물량 감소 등의 원인에 기인함. 그러나 세계금융위기 및 경제불안으로 국민들의 실질적 수입은 감소한 반면, 전월세는 급등하여 국민들의 주거안정은 더욱 열악해졌음.
  이에 임차인의 주거안정을 위해 임대차기간을 연장하고, 임차인의 계약갱신청구권을 신설하는 한편 각 기초지방자치단체별로 지역의 상황에 맞는 주택임대보증금 및 차임의 규제를 통해 국민들의 주거안정을 도모하고자 법적·제도적으로 보완하고자 함.
■ 주요내용 
  가. 임차인의 주거안정을 위해 임대차기간을 2년에서 3년으로 연장함(안 제4조)
  나. 임대인은 보증금 또는 차임 등 대통령령으로 정하는 사항을 명기한 임대차계약증서를 임대차계약 성립일로부터 1개월 이내에 시장·군수·구청장에게 신고하도록 하고, 임차인의 임대차계약증서상의 확정일자 부여신청을 임대차계약신고로 갈음할 수 있도록 함(안 제4조의2 신설).
  다. 임차인의 계약갱신청구권을 신설하여 임차인의 주거안정을 도모하는 한편, 임대인의 소유권보호를 위해 정당한 사유로 계약갱신을 거절할 수 있도록 함(안 제6조제1항 신설).
  라. 기초지방자치단체의 관할 지역내 분기별 임대보증금 또는 차임의 증감기준 및 범위 등을 결정하기 위하여 시·군·구에 시장·군수·구청장을 위원장으로 하는 임대료심의조정위원회를 구성하고, 자율성 및 지역상황반영을 위해 현행법에서 증액의 경우 대통령령으로 정하는 기준을 초과하지 못하도록 한 단서를 삭제함(안 제7조 및 제8조의3 신설).
  마. 임대료심의조정위원회는 위원회가 결정한 임대보증금 또는 차임의 증액기준 및 범위를 초과하여 임대차계약을 한 임대인에게 30일 이내에 임대보증금 또는 차임의 감액을 명할 수 있으며, 정당한 이유 없이 감액명령에 응하지 아니한 자에게는 300만원 이하의 과태료를 부과함(안 제14조제1항 신설).","권선택,김낙성,김용구,김혜성,류근찬,박선영,변웅전",법제사법위원회
박선영,55,1811754,PRC_K1D1V0K5F0S6Y1W6Q4H9P2G6H4L0E0,국제아동납치 민간부문에 관한 헤이그 협약 비준동의안 제출 촉구 결의안,의결,2011-05-06,2011-06-23,수정가결,"","강성천,권선택,김낙성,김소남,김용구,류근찬,박선영",외교통상통일위원회
박선영,55,1811573,PRC_J1A1N0Y4N2W2Q1N7U0Y9R4R3Q6H0N7,공직자윤리법 일부개정법률안,의결,2011-04-22,2011-09-08,폐기,"제안이유
  2005년 호주제 폐지를 골자로 하는 「민법」이 개정된 지 5년이 훨씬 지났으나, 아직 관계 법령에서는 호주제와 연관된 개념들이 잔존해 있음.
  호주제는 호주를 정점으로 가(家)라는 관념적 집합체를 구성하고, 이러한 가를 직계비속남자를 통하여 승계시키는 제도로서 호주제가 폐지됨에 따라 호주라는 개념이 사라지게 되었음에도 불구하고, 현행법에서는 ‘혼인한 직계비속인 여자와 외증조부모, 외조부모, 외손자녀 및 외증손자녀’를 차별하여 사용하고 있음. 
  부부는 혼인관계의 대등한 당사자로서 부부공동체에 있어 동등한 지위와 자격을 누려야 할 것임에도 불구하고, 처의 입적제도를 감안하여 규정된 「공직자윤리법」의 해당 조문을 개정하여 호주제로 인한 ‘여성의 종속적 지위’라는 전래적 여성상에 대한 고정관념에 기초한 차별조항을 재정비하고자 함.
주요내용
  「공직자윤리법」상 재산공개를 해야 하는 등록의무자는 ‘본인의 직계존속과 직계비속’의 재산을 등록해야 하는데, 단서의 ‘혼인한 직계비속인 여자와 외증조부모, 외조부모, 외손자녀 및 외증손자녀’를 삭제함(안 제4조제1항제3호).","권선택,김낙성,김옥이,김용구,김재윤,김혜성,박선영",행정안전위원회
박선영,55,1811572,PRC_J1S1B0Q4E2K2J1U7O1G2A3N5G2B3N5,공직선거법 일부개정법률안,계류,2011-04-22,"","","제안이유
  2005년 호주제 폐지를 골자로 하는 민법이 개정된 지 5년이 훨씬 지났으나, 아직 관계 법령에서는 호주제와 연관된 개념들이 잔존해 있음.
  호주제는 호주를 정점으로 가(家)라는 관념적 집합체를 구성하고, 이러한 가를 직계비속남자를 통하여 승계시키는 제도로서 호주제가 폐지됨에 따라 호주라는 개념이 사라지게 되었음에도 불구하고, 현행법에서는 ‘출가한 딸’의 개념을 그대로 사용하고 있음. 
  부부는 혼인관계의 대등한 당사자로서 부부공동체에 있어 동등한 지위와 자격을 누려야 할 것임에도 불구하고, 처의 입적제도를 감안하여 규정된 공직선거법의 해당 조문을 개정하여 호주제로 인한 ‘여성의 종속적 지위’라는 전래적 여성상에 대한 고정관념에 기초한 차별조항을 재정비하고 함.
주요내용
  가. 공직선거법상 후보자등록을 신청하는 자가 제출하여야 하는 서류 중 최근 5년간의 후보자, 그의 배우자와 직계존비속의 소득세·재산세·종합부동산세의 납부 및 체납에 관한 신고서에서 ‘출가한 딸과 외조부모 및 외손자녀를 제외’단서를 삭제함(안 제49조제4항제4호). 
  나. 대통령선거, 지역구국회의원선거, 지역구지방의회의원선거 및 지방자치단체의 장선거에서 책자형 선거공보를 제출하는 경우 게재하여야 할 후보자정보공개자료의 재산상황에 ‘후보자, 그의 배우자 및 직계존·비속의 각 재산총액’에서 ‘출가한 딸과 외조부모 및 외손자녀를 제외’한 것을 포함시킴(안 제65조제7항제1호).","권선택,김낙성,김옥이,김용구,김재윤,김혜성,박선영",정치개혁특별위원회
박선영,55,1811571,PRC_A1Q1R0O4A2M2L1T6D5X9M2P3R9B6T3,학교안전사고 예방 및 보상에 관한 법률 일부개정법률안,의결,2011-04-22,2011-12-30,대안폐기,"제안이유
  2005년 호주제 폐지를 골자로 하는 민법이 개정된 지 5년이 훨씬 지났으나, 아직 관계 법령에서는 호주제와 연관된 개념들이 잔존해 있음.
  호주제는 호주를 정점으로 가(家)라는 관념적 집합체를 구성하고, 이러한 가를 직계비속남자를 통하여 승계시키는 제도로서 호주제가 폐지됨에 따라 호주라는 개념이 사라지게 되었음에도 불구하고, 현행법에서는 연금수급자를 규정하면서 ‘호적상 가(家)’의 개념을 그대로 사용하고 있음.
  이에 본래의 제정 취지를 살리면서, 호주제의 개념을 사용하지 않은 문구로 개정하고자 함. 
주요내용
  현행법의 유족급여 수급권자 중 ‘부양사실이 인정되는 호적상 가(家)를 달리하였던 자’를, ‘부양사실이 인정되는 사실상의 양친자관계의 자’로 변경함 (안 제39조제1항제2호).","권선택,김낙성,김옥이,김용구,김재윤,김혜성,박선영",교육과학기술위원회
박선영,55,1811570,PRC_S1F1N0Y4Y2T2Z1B6N5I5P5S4J9O9F0,군사정전에 관한 협정 체결 이후 납북피해자의 보상 및 지원에 관한 법률 일부개정법률안,의결,2011-04-22,2011-06-29,수정가결,"■ 제안이유 
  2005년 호주제 폐지를 골자로 하는 민법이 개정된 지 5년이 훨씬 지났으나, 아직 관계 법령에서는 호주제와 연관된 개념들이 잔존해 있음.
 호주제는 호주를 정점으로 가(家)라는 관념적 집합체를 구성하고, 이러한 가를 직계비속남자를 통하여 승계시키는 제도로서 호주제가 폐지됨에 따라 호주라는 개념이 사라지게 되었음에도 불구하고, 현행법에서는 ‘호적등재’라고 하면서 ‘호적상 가(家)’의 개념을 그대로 사용하고 있음.
  이에 과거 「호적법」을 대체하기 위한 「가족관계의 등록 등에 관한 법률」이 2008년부터 시행되었으므로, 「가족관계의 등록 등에 관한 법률」에 따른 가족관계등록사항로 개정하고자 함. 
■ 주요내용 
  호적등재’가 아니라,  ‘가족관계등록’으로 변경하고, ‘호적에 기재된 내용’이 아니라 ‘「가족관계등록법」에 따른 가족관계등록부상 가족관계 등록사항’으로 변경함(안 제26조).","권선택,김낙성,김옥이,김용구,김재윤,김혜성,박선영",외교통상통일위원회
박선영,55,1811512,PRC_Q1R1P0M4P1G5E1S5Q3M4J3U1E8S5S5,독도의 지속가능한 이용에 관한 법률 일부개정법률안,의결,2011-04-15,2011-12-30,대안폐기,"제안이유
  일본의 독도 영유권 주장에 대해서 우리 정부는 국제 분쟁화를 우려하여 소극적이고 미온적인 대응에 그치고 있음. 
  반면에 그 동안 우리 정부는 ‘조용한 외교’라는 기치로 독도에 대한 최소한의 접근성과 효율성 제고에도 소극적이었음.
  따라서 독도의 지속가능한 이용에 관한 법률 일부를 개정하여, 독도기본계획을 3년마다 수립하도록 하고, 독도지속가능위원회 위원장을 현행 국토해양부 장관에서 국무총리로 격상하며, 그 명칭을 독도영토관리·보전위원회로 개정하여 독도에 대한 접근성과 독도 주민에 대한 주거·의료·교육 지원책 등을 마련해 독도의 유인화를 공고히 하고, 독도의 효율성도 강화할 필요가 있음. 
  동시에 독도에 대한 올바른 역사교육과 국제사회의 홍보 ‘지속가능한 개발’ 측면의 독도의 자연환경에 대한 지속적인 연구개발도 시급해 독도 관련 교육·홍보기관을 설립하도록 함. 
주요내용
  가. 독도의 지속가능한 이용을 위한 기본계획에 접안시설의 설치, 독도 주민에 대한 지원, 독도에 대한 국제사회 홍보 및 교육, 독도 관련 자료의 수집 및 분석 등의 내용을 추가함(안 제5조제5호 내지 제8호).
  나. 독도 주민의 주거지원에 관한 내용을 규정함(안 제6조의2).
  다. 독도 주민의 정착지원에 관한 내용을 규정함(안 제6조의3).
  라. 독도지속가능이용위원회의 명칭을 독도영토관리·보전위원회로 개정하고 그 위원회의 위원장을 국토해양부장관에서 국무총리로 격상시킴(안 제7조).
  마. 독도 관련 교육·홍보기관의 설립을 명문화 함(안 제9조).","강창일,권선택,김낙성,김옥이,김용구,류근찬,문학진",국토해양위원회
박선영,55,1811462,PRC_I1T1C0D4K0O8G1T6R3C9F2W7O0C3T6,헌법재판소법 일부개정법률안,계류,2011-04-08,"","","제안이유
  현행 헌법재판소법 제47조 제2항은 “위헌으로 결정된 법률 또는 법률의 조항은 그 결정이 있는 날로부터 효력을 상실한다. 다만 형벌에 관한 법률 또는 법률의 조항은 소급하여 그 효력을 상실한다”라고 규정하여 형벌규정에 대한 위헌결정의 효력에는 소급효를 인정하고 있음.
  동 조항은 법이 처음부터 그 내용이나 형식에 문제가 있어 위헌이었던 원시적 위헌의 경우에는 문제가 없으나, 일단(한 번 혹은 여러 차례에 걸쳐) 헌법재판소가 합헌결정을 한 이후에 시대상황과 국민의 법감정이 바뀌어 동일한 조항에 대하여 위헌결정을 한 한시적 합헌의 경우, 그 위헌결정의 소급효를 처음부터 인정할 것인지, 합헌결정 이후부터 인정할 것인지의 여부가 법에 규정이 없어 혼란을 야기하고 있음.
  이같은 문제는 단지 혼인빙자간음죄(형법 제304조)만이 아니라, 특정경제가중처벌등에관한법률(제5조, 제11조 제1항), 교통사고처리특례법(제4조 제1항), 공직선거법(제86조 제1항 제2호), 폭력행위등처벌에관한법률(제3조 제2항) 등 이미 여러 법률이 헌재에 의해 합헌결정이 났다가 후에 위헌결정이 나자, 재심을 청구하거나 국가를 상대로 손해배상을 청구하는 사례가 빈발하면서 법실무적으로 혼란을 야기하고 있음.
  살피건대 형벌조항에 대한 소급효에 전혀 문제가 없는 원시적 위헌의 경우와는 달리 ‘결혼과 성’에 관한 국민적 법의식의 변화와 같은 사회적 상황이 변함으로써 위헌성이 인정되는 경우에까지 소급효가 미치는 것으로 해석하는 경우에는 오히려 사법적 정의에 반하는 현상을 초래할 수 있고, 법학자들도 대부분 입법으로 이 문제를 해결해야 한다고 주장하고 있음.
  외국의 경우에는 위헌결정에 소급효를 원칙적으로 인정하면서 이를 부분적으로 제한하는 예(독일, 스페인, 포르투갈), 위헌결정에 장래효를 원칙으로 하면서 부분적으로 소급효를 인정하는 예(오스트리아, 터어키), 위헌결정에 소급효를 인정할 것인가를 구체적인 사건마다 결정하는 예(미국, 독일의 일부 주)로 분류할 수 있지만, 독일 연방헌법재판소는 형벌조항에 대한 위헌결정의 사례가 아직 없음.
  독일에서는 형벌조항에 대한 위헌논란이 있을 경우에는 미리 입법적인 해결을 하고 있음.
  이에 헌법재판소법 제47조 제2항 단서를 개정하여,
“다만, 형벌에 관한 법률 또는 법률의 조항은 소급하여 그 효력을 상실하되, 헌법재판소가 이미 합헌으로 결정하였던 경우에는 그 합헌결정 이후에 한하여 소급한다”고 개정함.
주요내용
  헌법재판소법 제47조제2항 단서를 “다만, 형벌에 관한 법률 또는 법률의 조항은 소급하여 그 효력을 상실하되, 헌법재판소가 이미 합헌으로 결정하였던 경우에는 그 합헌결정 이후에 한하여 소급한다”고 개정함(안 제47조제2항 단서).","김용구,김정권,노철래,박선영,박준선,윤상일,이두아",법제사법위원회
박선영,55,1811461,PRC_G1K1Q0Y4B0U8U1P6Y3V6S2U7X3O5C3,형법 일부개정법률안,계류,2011-04-08,"","","","김용구,김정권,노철래,박선영,박준선,윤상일,이두아",법제사법위원회
박선영,55,1811351,PRC_B1U1U0L3D3T0B1T1R2U5Q5F6A5S7H8,도서관법 일부개정법률안,의결,2011-03-30,2011-12-29,대안폐기,"제안이유
  도서관은 국가의 미래이자 자존심으로 세계 각국은 자국을 대표하는 국가대표도서관을 보유하고 있음.
  이러한 국가대표도서관 중 미국이나 영국과 같은 의회정치 선진국은 국회도서관이 국가를 대표하는 도서관으로 자리 잡고 있으며, 특히 미국의 경우 약 200년의 역사를 자랑하는 미국 의회도서관이 있음. 
  미국 의회도서관은 엄정한 삼권분립사상의 영향으로 지식 점유권은 행정부에 있을 수 없고, 국민의 대표인 의회에 있어야 한다는 사상을 바탕으로 국민들이 언제든지 정보서비스에 접근할 수 있는 환경을 구축해 놓고 있음. 
  하지만 현행 「도서관법」은 국가를 대표하는 도서관으로서 국립중앙도서관만을 규정하고 있고, 국회도서관은 「국회도서관법」으로 구분하여 규정하고 있기 때문에 국회도서관의 정보서비스를 국민에게 효율적으로 전달하기 어려운 측면이 있음.
  따라서 국회도서관을 국립중앙도서관과 함께 국가대표도서관으로 지정하여 정보서비스에 대한 효율적인 업무수행과 함께 납세자인 국민에게 봉사하는 지식정보의 창고로 자리 잡기 위하여 법적 미비점을 보완하고자 함.
주요내용
  국회도서관을 국립중앙도서관과 함께 국가대표도서관으로 지정하여 국민에게 보다 나은 지식정보 서비스를 제공하도록 함(안 제18조부터 제22조까지).","강명순,강용석,권선택,권영세,김낙성,김영우,김옥이",문화체육관광방송통신위원회
박선영,55,1811349,PRC_A1L1C0U3I2T9Y1I8K0S5Q2D7D2A5F3,공직선거법 일부개정법률안,계류,2011-03-29,"","","제안이유
지난 2007년 6월 28일 ‘선거권행사를 위해서 국내에 주민등록이 되어 있을 것을 요구하고 있는’ 공직선거법 관련규정에 대하여 헌법재판소가  헌법불합치 결정을 함으로써 2009년 2월 12일 공직선거법이 개정되어 재외국민에게도 국내 국정선거에 참여할 수 있는 길이 열림.
그러나 현행법은 주민등록이 되어 있지 아니하고 국내거소신고도 하지 아니한 사람의 경우 선거에 참여하기 위해서는 공관을 직접 방문하여 신청하도록 하고 있고, 재외선거인등이 투표시 투표소에서만 투표할 수 있도록 함으로써 공관 및 투표소로부터 원거리에 거주하고 있는 선거권자에게 상당한 부담을 주고 있음.
선거의 공정성을 확보하는 것은 일차적으로 국가의 과제이므로 이를 선거권자의 책임으로 돌리는 것은 타당치 못하며, 선거의 공정성에 대한 우려가 있다는 이유로 민주국가의 기능적 전제인 선거권 행사를 특정 국민들에 대해 부정할 수는 없음. 따라서 재외국민 선거제도는 재외국민의 적극적 정치참여 기회를 보장함으로써 국민주권을 실질화하여야 함.
따라서 투표편의성을 제고한다는 본질적인 취지에 부합하도록 법적 미비점을 보완하고자 함.
주요내용
  가. 재외투표소에서 원거리에 거주하는 재외선거인등에게 우편 및 인터넷을 통한 거소투표가 가능하도록 함(안 제38조제3항제5호 및 제218조의16제1항).
  나. 재외선거인 등록을 재외국민등록법에 따른 등록·변경신고·이동신고를 하고, 문서, 전자문서(인터넷), 우편 등의 방법으로 재외공관을 통하여 중앙선거관리위원회에 등록신청할 수 있도록 함(안 제218조의5제1항).
  다. 공관을 중심으로 한 재외투표소의 설치로 인해 투표편의성이 현격히 떨어짐으로 감안하여 반경 50킬로밀터내에 재외선거인등이 5,000명 이상인 경우 거류국의 법률에 저촉되지 않는 범위내에서 공관이외의 장소에도 재외투표소를 설치토록 함(안 제218조의17제1항).
  라. 국외선거범에 대한 실효성 확보를 위해 현행 여권의 유효기간을 감안하여 국외선거범에 대한 공소시효를 10년으로 변경함(안 제218조의26).","권선택,김낙성,김용구,김정권,김창수,류근찬,박선영",정치개혁특별위원회
박선영,55,1811348,PRC_W1R1K0K3V2T9C1V7K5T6E0K5D0O7R2,출입국관리법 일부개정법률안,의결,2011-03-29,2011-12-29,대안폐기,"제안이유
  지난 2007년 6월 28일 ‘선거권행사를 위해서 국내에 주민등록이 되어 있을 것을 요구하고 있는’ 공직선거법 관련규정에 대하여 헌법재판소가  헌법불합치 결정을 함으로써 2009년 2월 12일 공직선거법이 개정되어 재외국민에게도 국내 국정선거에 참여할 수 있는 길이 열림.
그러나 현행법은 국외선거범에 대한 제재조치의 미흡으로 선거의 공정성에 대한 우려가 많음. 특히 외국국적을 취득한 자에 대한 제재조치의 필요성이 대두됨.
따라서 재외선거의 공정성을 확보하고, 외국국적을 취득한 국외선거범에 대한 제재를 강화할 수 있도록 법적 미비점을 보완하고자 함.
주요내용
  재외선거의 공정성 확보를 위해 외국국적을 취득한 국외선거범의 입국을 금지함(안 제11조제1항제8호 신설).","권선택,김낙성,김용구,김정권,김창수,류근찬,박선영",법제사법위원회
박선영,55,1811347,PRC_B1S1Y0L3E2F9W1C7W3V4H0E7I1D8N1,여권법 일부개정법률안,계류,2011-03-29,"","","제안이유
  지난 2007년 6월 28일 ‘선거권행사를 위해서 국내에 주민등록이 되어 있을 것을 요구하고 있는’ 공직선거법 관련규정에 대하여 헌법재판소가  헌법불합치 결정을 함으로써 2009년 2월 12일 공직선거법이 개정되어 재외국민에게도 국내 국정선거에 참여할 수 있는 길이 열림.
  그러나 현행법은 국외선거범에 대한 제재조치의 미흡으로 선거의 공정성에 대한 우려가 많음. 따라서 재외선거의 공정성을 확보를 위하여 국외선거범에 대한 제재를 강화할 수 있도록 법적 미비점을 보완하고자 함.
주요내용
  가. 재외선거의 공정성 확보를 위해 국외선거범의 여권의 발급 또는 재발급을 거부할 수 있도록 함(안 제12조제1항제5호 신설).","권선택,김낙성,김용구,김정권,김창수,류근찬,박선영",외교통상통일위원회
박선영,55,1811145,PRC_X1U1Q0L3S1B4Y1G2U4Y7R0F3F6Y8M7,일본국 지진 피해의 신속한 복구지원 촉구 및 위로 결의안,계류,2011-03-14,"","","","권선택,김낙성,김용구,김창수,류근찬,박선영,변웅전",외교통상통일위원회
박선영,55,1810965,PRC_P1M1R0I3E0Y2B1Y4D5Z1X1R8B0V1E5,사회주의 인민 리비아 아랍국 정부의 반인도적 행위 규탄 결의안,의결,2011-03-02,2011-03-10,대안폐기,"","권선택,김낙성,김용구,김정,김창수,김혜성,류근찬",외교통상통일위원회
박선영,55,1810365,PRC_E1S0Q1S2U2T1A1G6G0Z2M3Z5D3N8B3,통상절차법안,의결,2010-12-21,2011-12-30,대안폐기,"제안이유
  통상조약을 포함한 조약과 관련하여 우리 「헌법」은 체결·비준권자, 국회 동의권의 범위 및 효력에 관하여 규정하면서 체결절차에 관하여 국무회의 심의절차만을 규정하고 있을 뿐 조약체결과 관련된 헌법 규정을 구체화하기 위한 절차법은 제정되지 않은 상황임.
  따라서 국내법과 같은 효력을 갖는 조약 특히, 사회적·경제적으로 중대한 영향을 미칠 수 있는 통상조약의 민주적 정당성을 제고하기 위해 헌법상 대통령의 조약 체결·비준권을 본질적으로 침해하지 않는 범위에서 조약의 체결절차에 관한 사항에 대한 법률 제정이 절실한 상황임.
  특히, 대외의존도가 70% 이상인 우리의 경제구조와 칠레·싱가포르·EFTA·아세안·미국에 이어 EU·인도·캐나다·멕시코·일본 등과 이른바 ‘동시다발적 FTA’ 를 추진하고 있는 우리의 경제상황을 감안할 때, 비록 시장개방과 자유화가 궁극적으로 우리 경제에 장기적 성장동력을 가져다준다 하더라도 이에 수반된 농수산업 등 국내 취약산업 부문의 피해는 수반될 것이므로 피해부문에 대한 적절한 보상과 대책을 강구함으로써 체결된 통상조약의 이행에 있어 민주적 정당성을 담보함은 물론 통상조약의 단계적 추진과정에 있어서도 정보공개와 국민의 대표기관인 국회의 감시·감독권을 통해 절차적 정당성을 확보할 필요성이 있음.
  이러한 점들은 감안할 때 통상협상과정 전반에 걸쳐 국회 및 국민의 관여를 확대하고 절차적 투명성을 보장함으로써 통상협정이 국민적 합의를 바탕으로 민주적 통제 아래 진행되도록 하는 한편, 국회가 헌법상의 동의권을 실질적으로 행사할 수 있도록 제도적 기반을 마련하려는 것임. 
주요내용
  가. 통상협정이란 명칭을 불문하고 국민의 경제적 이해와 관련된 협정으로서 정부가 세계무역기구 등 국제기구, 특정국가, 2 이상의 국가로 구성된 경제연합체 또는 경제협력체와 단일의 문서 또는 둘 이상의 관련 문서에 의하여 서면형식으로 체결하는 것을 말함(안 제2조제1호).
나. 통상협정의 주요사항을 심의·조정·의결하기 위하여 국회가 선출하는 3인, 대통령이 지명하는 3인, 대한변호사협회가 지명하는 3인으로 구성된 대통령 직속기구인 통상위원회를 구성함(안 제7조 및 제8조).
다. 정부는 통상협정의 기본계획과 추진계획을 수립하고 지체 없이 국회에 보고하도록 함(안 제13조 및 제15조).
라. 정부와 정부대표는 통상협상의 진행과정을 국회와 통상위원회에 보고하도록 함(안 제18조 및 제19조).
마. 정부는 통상협상의 결과와 후속조치를 국회와 국민에게 공개하도록 함(안 제20조).
바. 통상협정안의 국회비준동의 요청 시에 해당 통상협정안이 국내의 사회·경제에 미치는 영향 등을 함께 보고하도록 함(안 제21조).
사. 통상위원회는 통상협정의 기본계획과 추진계획의 이행정도와 국내대책에 관하여 ？국회법？ 제4조 및 제5조의2에 따라 국회 회기 중에 보고하도록 함(안 제23조).","권선택,김낙성,김용구,류근찬,박선영,유성엽,이용희",외교통상통일위원회
박선영,55,1809823,PRC_G1G0W1J1C0F5Y1A6G3N7V4B1E4Q5B6,일본군 위안부 피해자 명예회복 및 기념비 설치 촉구 결의안,계류,2010-11-05,"","","","김금래,김성곤,김소남,김정권,김창수,김춘진,김혜성",여성가족위원회
박선영,55,1809702,PRC_R1S0W1E0P2A8A1V7V2P6H0V5X9Y9E5,성폭력범죄의 처벌 등에 관한 특례법 일부개정법률안,계류,2010-10-28,"","","제안이유   
  종래 성폭력 범죄의 처벌 등에 관한 특례법 제22조에서는 피해자의 인적사항을 ‘다른 사람’에게 누설해서는 안된다고 규정하고 있어, 이 ‘다른 사람’에 형사소송법 제35조상의 피고인이 포함되는 지 여부가 불분명하였고 이로 인해 피고인인 성폭력 가해자가 피해자의 신상정보를 알아내어 합의를 시도하거나 심지어 협박을 하는 경우까지 있었음.
  형사소송법 제35조는 피고인의 형사소송에서의 능동적인 주체성을 인정하고 대등한 당사자로서 기능할 수 있도록 열람·등사권을 보장하는 것을 그 목적으로 하고 있는 것이지 피해자의 사생활에 대한 침해까지 묵인하는 법률이 아닌 바, 이를 명확히 하기 위해 성폭력범죄의 처벌 등에 관한 특례법을 개정고자 함.
주요내용
  가. 피해자의 신원과 사생활 비밀누설을 금지함에 있어서 그 대상인 ‘다른 사람’에 형사소송법 제35조의 피고인(성폭력가해자)이 포함되도록 함(안 제22조제4항 신설).
  나. 성폭력피해자에 대한 검찰 및 경찰 조사과정에서 피해자에게 2차적인 피해가 가해지지 않도록 제26조제1항 및 제2항이 제대로 준수될 수 있도록 이를 감시하는 전담부서를 마련하도록 함(안 제26조제7항 신설).","김금래,김소남,김옥이,김용구,김유정,김재윤,김혜성",법제사법위원회
박선영,55,1809317,PRC_V1N0L0Y9B1H0M1P8E1O3O3Z9S2E4K7,결혼중개업의 관리에 관한 법률 일부개정법률안,의결,2010-09-10,2011-12-29,대안폐기,"제안이유
  최근 우리나라의 국제결혼이 증가하면서 인신매매적 성격의 국제결혼 관행이 국제사회 문제로 대두되고 있고, 결혼당사자간 충분한 정보미비로 인한 사기성 국제결혼의 문제가 범사회적인 문제로 이어지고 있음. 
  특히 상업적 국제결혼중개가 증가함에 따라 국제결혼중개업자가 영리를 위하여 인권침해적인 국제결혼중개과정을 거치게 함으로써, 이용자의 권리를 침해하고 혼인관계를 파탄(破綻)시키는 직접적인 원인을 제공하고 있음. 또한 외교문제로 비화되어 국익을 훼손하는 등 각종 사회 문제를 야기하고 있으므로, 이에 대한 획기적인 조치가 필요함. 따라서 국제결혼중개업은 민법에 따라 설립된 비영리법인에 한정하여, 영세업자들이 난립하여 무분별한 국제결혼중개를 하는 것을 방지하고자 함. 
  또한 국제결혼 당사자의 정보제공에 대해 국제결혼중개업자가 인권침해적인 결혼중개행위를 하는 경우 이를 처벌할 수 있도록 함으로써 건전한 국제결혼문화를 정착하고자 함.
  그리고 독일 등 EU국가에서처럼 국제결혼 당사자를 만 18세 이상자로 함으로써 조혼(早婚)을 방지하고, 신체적·정신적으로 미성숙한 단계에 있는 청소년이 가정형편이나 부모의 강요에 의해서 어린 나이에 결혼을 강요받지 않도록 예방하며, 그로 인한 피해를 최소화하고자 함.
  결혼당사자간 정신병력 등 혼인관계 성립에 관한 중요한 판단자료가 되는 정보에 대해서는 사전에 충분히 제공하도록 하고 이에 대한 신뢰력을 확보할 수 있도록 공증인의 공증을 거치게 함으로써 거짓된 신상정보에 의한 결혼을 사전에 방지하고, 혹여 추후에 불거지는 문제로 인하여 재판회부시, 그 근거자료로 쓰일 수 있도록 하고자 하여 국제결혼을 한 결혼이민자들이 우리사회에 안정적으로 정착할 수 있도록 하려는 것임.
주요내용
  가. 국제결혼중개업자는 「민법」 제32조에 따라 설립된 비영리법인에 한함(안 제2조제6호).
  나. 국제결혼중개업자가 제공하여야 하는 신상정보에 대통령령으로 정하는 결혼생활 유지에 중대한 지장을 초래하는 정신질환 및 신체질환의 병력(病歷)에 관한 사항을 추가함(안 제10조의2제1항제2호).
  다. 국제결혼중개업자가 제공하여야 하는 신상정보에 대하여 공증인법에 의한 증서를 첨부하도록 하고, 국제결혼중개업자가 제공하는 신상정보 및 증빙서류는 결혼중개일자 최소 3일 전까지 이용자에게 제공되어야 하며 이에 대한 서면동의서를 받도록 함(안 제10조의2제3항). 
  라. 상대방이 만 18세 미만인 자를 소개하는 행위 및 같은 날, 같은 장소에서 2명 이상의 이용자에게 2명 이상의 상대방을 동시 또는 순차적으로 소개하는 행위 및 결혼중개를 목적으로 2명이상의 외국인을 같은 장소에 기숙하게 하는 행위를 금지함(안 제12조의2 신설).
  마. 국제결혼중개업자가 신상정보를 제공하지 아니하거나 거짓된 신상정보를 제공하는 경우 및 국제결혼중개 금지행위를 위반한 자는 2년 이하의 징역 또는 2천만원 이하의 벌금에 처하도록 함(안 제26조제2항에제3호의2 및 제26조제2항제5호의2 신설).","권선택,김금래,김세연,김영우,김옥이,김정,김충환",여성가족위원회
박선영,55,1809265,PRC_X1A0K0O9C0O6F1P5Z3V1Z5F5R4B9Z9,사할린 한인 지원에 관한 특별법안,계류,2010-09-06,"","","제안이유
  일제강점기간에 일본제국과 기업들은 강제동원 등의 이유로 한반도의 많은 청년들을 사할린으로 이주시켜 탄광이나 군수시설에서 하루 12시간 이상의 강도 높은 강제노동을 시키며, 얼마 안 되는 임금에서 선불금·피복비·잡비 등을 제외하고 급여의 대부분을 강제로 우편저금이나 간이보험에 납입케 하고, 1945년 8월 패전하자 이 돈을 지급하지 않은 채 사할린에서 철수함.
  태평양전쟁 종전 당시 사할린에 거주하고 있던 동포는 4만 3천여명으로 추정되며, 그들은 일본국적 상실이라는 구실로 사할린에 방치되어 1990년 한·러수교 이전까지 귀국하지 못하고 망향의 한을 품은 채 민족적 차별과 엄청난 생활고를 겪어야 했고, 우리나라에 남아 있던 가족들은 자녀, 배우자, 형제자매, 부모와 생이별 한 채 한평생을 이산의 아픔으로 보내야 했음.
  또한 1944년 8월 일본내각의 결정에 따라 사할린의 한인들을 일본 본토로 재징용하고, 종전 이후 일본 본토와 남사할린간의 왕래가 두절되면서 사할린에 남은 가족들은 이산의 비극과 극심한 생활고에 시달려야 했음.
  그리고 1945년 8월 9일부터 남사할린 전역에서 구소련과 일본제국 사이에 한달간의 치열한 전투가 지속되는 동안 일본인들은 무고한 한인들을 임신부, 어린이, 노약자 등 가리지 않고 학살하기도 함.
  이에 본 법률안은 일제강점기간에 러시아의 남사할린 지역으로 강제동원 등의 이유로 이주한 한인 및 그 후손으로서 생명·신체·재산 등의 피해를 받은 사람의 권익보호 및 생활안정을 지원하고자 함.
주요내용
  가. 이 법은 일제강점기간에 러시아의 남사할린 지역으로 강제동원 등의 이유로 이주한 한인 및 그 후손으로서 생명·신체·재산 등의 피해를 받은 사람의 권익보호 및 생활안정을 지원함을 그 목적으로 함(안 제1조).
  나. 사할린 강제동원 등 피해 진상조사 및 피해조사 및 국내외 자료의 수집·분석 및 유해의 조사와 발굴·수습·봉환과 사할린 한인 및 유가족의 심사·결정, 역사관 및 추도 공간 조성, 사할린 한인 1세 및 2세를 위한 양로원 및 의료기관 설립 등에 관한 사항을 심의·의결하기 위하여 국무총리 소속으로 사할린위원회를 둠(안 제5조부터 제31조까지).
  다. 사할린 한인과 그 가족이 영주귀국을 희망하는 경우 조속하게 영주귀국이 이루어지도록 추진함(안 제32조).
  라. 사할린 한인과 유가족, 영주 귀국한 사할린 한인의 가족에 대하여 「국민기초생활 보장법」 제7조제1항에 따른 각종 급여에 상응하는 생활지원금을 지급함(안 제33조).
  마. 영주 귀국한 사할린 한인의 가족과 유가족에게 주거지원을 함(안 제34조).
  바. 영주 귀국한 사할린 한인의 가족에게 정착금 등을 지급하고, 직업훈련, 취업보호 등을 함(안 제35조부터 제42조까지).
  사. 일제강점하 사할린 강제동원 등 피해 관련 지원사업을 추진하기 위하여 한일양국의 출연금 또는 보조금, 차입금, 기부금품 등을 재원으로 하는 사할린재단을 행정안전부의 인가를 받아 설립함(안 제43조).","고승덕,권선택,김낙성,김성곤,김옥이,김용구,김정",외교통상통일위원회
박선영,55,1809230,PRC_R1I0N0N9W0G1H1B4T2O8O5E2U8R5N8,러시아의 사할린 강제징용 한인 기록 제공 촉구 결의안,의결,2010-09-01,2011-06-23,대안폐기,"","강기갑,강성종,김동성,김성곤,김영진,김옥이,김정권",외교통상통일위원회
박선영,55,1809098,PRC_M1L0U0Q8I1C3G1S6H4P1C0S4S1S9P1,여성발전기본법 일부개정법률안,계류,2010-08-13,"","","제안이유
  최근 국회의원 등 사회 지도층의 성희롱 발언은 우리 사회의 전반적인 성(性) 윤리인식에 심각한 문제가 있는 것을 나타나고 있으며, 잇따른 사회지도층의 성희롱 관련 문제는 공직에 대한 신뢰까지 저하시키고 있음.
  이 법에 따르면 국가기관등의 장과 사업주에 대하여는 성희롱 예방교육을 의무적으로 실시하고 그 결과를 공표하도록 규정하고 있으나, 국회의원 등 선출직공직에 대해서는 해당 규정이 없음. 또한 공공기관장이 성희롱 예방교육을 실시하더라도, 국회의원 등 선출직 공직자의 경우 교육 대상에서 제외되어 왔음.
  이에 국가기관은 물론 선출직 공직 당선인에게도 임기 시작 전에 성매매 예방교육을 받도록 그 대상을 확대함으로써 우리 사회의 성 윤리의식을 함양하고 성희롱 예방에 이바지하려는 것임.
주요내용
  여성가족부장관은 성희롱 방지조치에 대한 점검을 대통령령으로 정하는 바에 따라 실시하고, 모든 선출직공직의 당선인에 대하여는 임기개시일 10일 전까지 실시하도록 확대함(안 제17조의2제2항 단서 신설).","권영길,김성곤,김영진,김용구,김정,김춘진,김혜성",여성가족위원회
박선영,55,1808973,PRC_Z1P0B0B7Y3V0U1S0Y2B3N0Y8G7A7C3,제2차세계대전 직후 사할린에서 일본인에 의해 자행된 민간인(한인) 학살 진상조사 및 전후피해 보상 촉구 결의안,의결,2010-07-30,2011-06-23,대안폐기,"","강창일,구상찬,권선택,김낙성,김영진,김옥이,김용구",외교통상통일위원회
박선영,55,1808972,PRC_H1G0Q0A7V3V0B1Q0M0Q8H3Y6D7E3D9,일본의 사할린 강제징용 한인 우편저금 계좌정보 공개 촉구 결의안,의결,2010-07-30,2011-06-23,대안폐기,"","강창일,구상찬,권선택,김낙성,김영진,김옥이,김용구",외교통상통일위원회
박선영,55,1808936,PRC_Y1L0B0R7I2S3F1T5X0M1F4O0B3S4T4,사면법 일부개정법률안,계류,2010-07-23,"","","제안이유
  행정부 수반인 대통령이 사법부 판결을 무효화하는 사면권을 갖는 것이 삼권분립의 원칙에 어긋나는데도 국가원수에게 사면권을 인정하는 건 법원 판결에 오류가 있을 가능성을 완전히 배제할 수 없기 때문에 이를 시정할 최종 구제 수단이 있어야 한다는 뜻에 따른 것임. 따라서 대통령의 사면권은 보충성의 원칙에 입각하여 최소한의 범위에서 행사되어야 함.
  그러나 현재까지 우리나라에선 모두 99차례 사면이 이루어짐. 특히 1987년 민주화이후 지난 참여정부까지 평균 1년에 두 차례씩 모두 1,280여만명이 사면되었으며, 현 정부도 대통령선거과정에서 ‘사면제도의 오·남용 방지책 강구’를 공약하였으나 제도개선 없이 4차례에 걸쳐 총 469만 5,867명을 사면함.
  이처럼 광복절, 성탄절, 설날 등을 계기로 비리 정치인이나 권력 주변 인사에 대해 특별사면을 남발하는 것은 대통령의 사면권 남용이며, 정치인과 대통령 친인척 비리가 사라지지 않는 것도 대통령의 사면권 남용과 무관한 일로 보기 어려움.
  독일의 경우 일반사면은 입법의 형태로 이루어지고 있으며, 지난 60년간 사면이 4차례 시행되었고, 프랑스는 부정부패 공직자와 선거법 위반사범은 사면할 수 없도록 하고 있음.
  국가가 형사범 한 명을 처벌하려면 수사부터 기소·재판·수감까지 적잖은 시간·인력·예산이 소요됨에도 불구하고 사면은 이 모든 것을 무효화시킴. 게다가 사면 대상에 오르는 사람들은 누군가에게 유·무형의 피해를 가했기 때문에 처벌을 받은 것임에도 이제껏 정부는 사면 전에 그 피해의 원상복구 여부를 확인한 적이 없음.
  정부는 권력형 비리 범죄자나 비리 정치인, 재벌총수들에 대해 사면을 실시하면서 사회통합에 도움이 된다는 논리는 설득력이 없으며, 법원이 아무리 중형을 선고해도 대통령 특사 및 복권으로 정치 및 경제 일선에 복귀하는 일이 많아 사법부와 법의 권위가 설 수 없음.
  또한 사면권행사의 자의성은 일반국민에게는 사면의 형평성 문제와 법질서 전체에 대한 불신을 가중시키며, 사면의 법적 정당성 자체를 훼손하는 원인으로 작용하고 있음.
  따라서 대통령의 특별사면권 남용을 막고, 사면의 공정성 및 일반국민들의 법감정을 반영하기 위해 사면권의 본래 취지에 합당하게 법적 미비점을 보완하고자 함.
주요내용
  가. 대통령의 특별사면에 대한 국회의 견제를 위해 대통령이 특별사면, 특정한 자에 대한 감형과 복권을 행하는 때에는 그 대상자의 명단과 죄의 종류, 사면심사위원회의 회의록 등을 10일 전에 국회에 보고하도록 함(안 제9조제2항).
  나. 특별사면 등은 사법부 판결을 무효화하는 것이므로 법무부장관이 특별사면, 특정한 자에 대한 감형 및 복권을 상신할 때에는 대법원의 의견을 청취한 후 사면심사위원회의 심사를 거치도록 함(안 제10조제2항).
  다. 사면심사위원회의 심사기능의 강화 및 공정성 확보를 위해 국회가 추천하는 3인과 대법원장, 법무부장관, 대한변호사협회장이 각각 추천하는 2인으로 사면심사위원회를 구성하며, 위원의 명단과 경력사항은 위촉 즉시 공개하도록 하고, 심사내용과 심사결과는 개인의 신상을 특정할 수 있는 부분을 제외하고 공개하도록 함(안 제10조의2제3항 및 제5항).
  라. 특별사면의 자의성을 제한하기 위하여 형기의 3분의 1이 경과하지 아니한 자, 벌금 또는 과료, 추징금을 완납하지 아니한 자, ？헌정질서 파괴범죄의 공소시효 등에 관한 특례법？ 제2조의 헌정질서파괴범죄를 저지른 자, ？집단살해죄의 방지와 처벌에 관한 협약？에 규정된 집단살해 범죄를 저지른 자, ？공직선거법？ 및 ？정치자금법？상의 범죄를 저지른 자, ？형법？ 제129조부터 제132조까지의 범죄 또는 ？특정범죄가중처벌 등에 관한 법률？ 제2조부터 제4조까지의 범죄를 저지른 자, ？특정경제범죄 가중처벌 등에 관한 법률？ 제3조부터 제5조까지의 범죄를 저지른 자, 민간인 학살, 인신매매, 민간 항공기·선박 납치 등 반인륜범죄 또는 반인도주의적 범죄를 저지른 자, ？형법？ 제297조부터 제305조까지의 범죄 또는 ？아동·청소년의 성보호에 관한 법률？ 제7조, 제9조부터 제12조까지의 범죄 및 ？성폭력범죄의 처벌 등에 관한 특례법？ 제3조부터 제11조까지의 범죄를 저지른 자에 대해서는 특별사면을 할 수 없도록 함(안 제10조의3 신설).","권선택,김낙성,김용구,김창수,류근찬,박선영,박영선",사법제도개혁특별위원회
박선영,55,1808595,PRC_K1K0Y0A6G1N1O1C4Z4M9K3P6C0M9O9,6·25전쟁 참전국과 참전용사들에 대한 감사 결의안,계류,2010-06-11,"","","","김장수,나성린,박선영,배은희,신지호,안효대,원희목",정무위원회
박선영,55,1807855,PRC_F1Y0R0P3S1T2Z1R5X1Q7Y2A7S9A9G0,특정 범죄자에 대한 위치추적 전자장치 부착 등에 관한 법률 전부개정법률안,계류,2010-03-12,"","","제안이유
  성폭력 범죄는 재범 가능성이 높은 고위험 강력범죄임에도 불구하고 현행법은 2회 이상 징역형의 실형을 선고받을 경우에만 전자장치 부착을 청구할 수 있도록 되어 있으며, 현행법의 시행 전인 2008년 9월 이전의 성범죄자는 본 법의 적용을 받지 못하고 있는 현실에서 최근 부산 여중생 성폭행·살인 사건 등 강력범죄의 발생으로 국민들의 불안감이 확산되고 있음.
  지난 2월 형사정책연구원의 자료에 따르면 성폭력 범죄의 재범율은 50%대로, 다른 범죄보다 10%나 높은 것으로 나타남. 실제로 일산 초등생 납치 미수사건의 피의자 이모씨도 10여년 전 같은 수법으로 아동 성범죄를 저지른 것으로 드러남.
  반면, 2008년 9월부터 2010년 2월까지의 법무부 실증통계에 따르면 위치추적 전자장치 피부착자 총 535명 중 1명만이 같은 종류의 범죄를 저질러 동종범죄 재범률이 0.18%로 나타남.
  현행 위치추적 전자감독제도는 재판 시 부착명령을 동시에 선고하도록 하고 있으나 위치추적 전자감독제도는 자유제한적 보안처분이라는 점에서 형집행을 종료하고 전자장치를 부착하기 전에 재범위험성의 존재 여부에 대한 평가가 필요하며, 이에 따른 보안처분의 부가가 합당함.
  이에 법적 미비점을 정비하여 강력범죄로부터 국민을 두텁게 보호하려 함.
주요내용
  가. 전자장치 부착명령에 관한 사항을 심사·결정하기 위하여 법무부장관 소속으로 위원장을 포함하여 9명의 위원으로 구성되는 전자장치부착 심사위원회를 둠(안 제5조 및 제6조).
  나. 심사위원회는 특정범죄로 징역형의 실형을 선고받아 그 집행이 종료되기 6개월전인 자에 대하여 교정성적, 나이, 경력, 심신상태, 가정환경, 그 밖의 모든 사정을 충분히 고려한 전체평가를 통하여 특정범죄를 다시 범할 위험성이 있다고 인정되는 자에 대하여 전자장치를 부착하도록 명령함(안 제10조제1항).
  다. 심사위원회가 결정한 사항에 대하여 이의가 있는 심사대상자 또는 그 법정대리인은 결정서를 송달받은 날부터 30일 이내에 심사위원회에 재심의를 신청할 수 있음(안 제15조).
  라. 특정 범죄자로서 형의 집행 중 가석방되어 보호관찰을 받게 되는 자는 준수사항 이행 여부 확인 등을 위하여 가석방기간 동안 전자장치를 부착하여야 함(안 제28조제1항).
  마. 특정 범죄자로서 치료감호의 집행 중 가종료 또는 치료위탁되는 피치료감호자에 대하여 같은 법에 따른 준수사항 이행 여부 확인 등을 위하여 보호관찰기간의 범위에서 기간을 정하여 전자장치를 부착하여야 함(안 제29조제1항).
  바. 법원은 특정범죄를 범한 자에 대하여 형의 집행을 유예하면서 보호관찰을 받을 것을 명할 때에는 보호관찰기간의 범위에서 기간을 정하여 준수사항의 이행 여부 확인 등을 위하여 전자장치를 부착할 것을 명할 수 있음(안 제34조제1항).","권선택,김낙성,김용구,김정,김혜성,류근찬,박상돈",법제사법위원회
박선영,55,1807746,PRC_M1T0I0A2J2R6G1V1D3T1G4U5E3J3D9,국회법 일부개정법률안,계류,2010-02-26,"","","제안이유
  현대국가는 그 과제와 기능이 확대됨에 따라 입법에도 고도의 전문성과 기술성이 요구되고 있음. 이러한 이유로 산적한 입법과 의안을 처음부터 모두 본회의에서 심의·의결하는 것은 부적절함. 이에 위원회제도가 발달하였으며, 현행 국회법도 국회운영에 있어서 ‘위원회중심주의’를 채택하고 있음.
  그러나 위원회의 의결이 본회의의 의결을 법률적으로 구속하는 것은 아니며, 위원회는 의회의 예비적 심사기관으로서 본회의의 의결 전에 회부된 안건을 심사하고 그 결과를 본회의에 보고하여 본회의의 판단자료를 제공하는 것임. 따라서 국회의 법률안 심의는 의원이나 정부가 법률안을 국회에 제출하면 소관상임위원회에 회부하여 심사한 후, 법제사법위원회의 체계·자구심사를 거쳐 본회의에서 최종적으로 심의·의결토록 하고 있음.
  그리고 법률안을 심의함에 있어 여러 단계를 거치게 하는 것은 법률이 국가의 최종정책결정의 결과라는 점과 국민의 권리·의무 등에 미치는 영향력이 매우 크다는 점에서 충분한 검토와 신중한 결정을 기하고자 하는 것이 그 입법취지에 부합함.
  그러므로 본회의의 법률안 심의에 있어서 위원회를 통과한 법률안에 대해 각의원들이 개별 법률안에 대해 최소한의 준비와 검토를 거쳐 법률안 심의를 할 수 있도록 본회의 의사일정을 사전확정할 필요가 있음.
  이에 현행법의 미비점을 보완·개정하여 본회의 운영의 효율성을 제고하고, 내실있는 법률안 심의를 기하고자 함.
주요내용
  가. 본회의의 법률안 심의에 있어서 위원회를 통과한 법률안에 대해 각의원들이 개별 법률안에 대해 최소한의 준비와 검토를 거쳐 법률안 심의를 할 수 있도록 본회의 의사일정을 사전확정하고자 개의시간 24시간전까지 심의대상 안건을 의원에게 통지하도록 함(안 제76조제5항 후단신설).
  나. 현행 규정은 특별한 사유가 있는 경우 의사일정 결정에 있어 의장이 각 교섭단체대표의원과 협의토록하고 있으나 이는 소수자보호원칙에 위배됨으로 이를 공직선거법 제189조 규정에 의한 의석할당정당의 대표의원과 협의하도록 개정함(안 제93조의2제1항).","구상찬,권영세,김충조,김충환,남경필,박상천,박선영",국회운영위원회
박선영,55,1807426,PRC_B1E0E0A1I1M5L1R8S1I8W1P0Z2K0P0,1980년 불법강제해직언론인의 배상 등에 관한 특별조치법안,계류,2010-01-15,"","","제안이유
  전두환 전 대통령을 비롯한 신군부가 1980년 정권 장악을 위해 언론사를 통폐합하고 언론인을 강제해직한 것은 법적 근거가 없는 임의집행이자 초법률적 행위임. 이는 헌법과 법률을 위반하여 언론의 자유 및 국민의 기본권을 침해한 행위로 2010년 1월 7일, 진실·화해를 위한 과거사정리위원회의 권고결정에서도 확인된 바 있음.
  이에 특별조치법을 제정하여 국가가 공권력에 의해 강압적으로 언론의 자유 및 헌법상 기본권을 침해한 책임을 인정하고 불법, 강제해직된 언론인들의 명예회복과 피해구제를 위한 조치를 마련하고자 함.
주요내용
  가. 이 법은 1980년 신군부의 내란과정에서 ‘언론창달계획’이란 이름으로 단행한 언론사 강제 통·폐합조치에 의하여 해직된 언론인의 배상 및 복직 등에 관한 사항을 규정함을 목적으로 함(안 제1조). 
  나. 배상 및 복직대상 언론인의 범위는 1980년 신군부의 내란과정에서 수행된 대언론조치에 의하여 해직된 언론인으로 함(안 제2조).
  다. 배상액 산정기준은 해직 당시의 직급 및 호봉, 이 법 시행일이 속하는 월의 봉급월액과 이 법 시행일까지 근속한 것으로 간주한 퇴직금 정산액으로 함(안 제3조제2항).
  라. 배상액 산출기간은 해직일부터 이 법 시행일까지로 함(안 제3조제3항).
  마. 배상액은 배상액 산정기준에 의하여 산출한 총배상금 상당액으로 함(안 제3조제4항).
  바. 해직언론인 해당 여부의 심사·결정, 배상금 등의 심의·결정·지급과 개인별 배상액의 최저한도의 결정, 그 밖에 대통령령으로 정하는 사항을 심의하게 하기 위하여 국무총리 소속으로 “1980년 불법강제해직언론인 배상 등 심의위원회”를 설치·운영함(안 제5조). 
  사. 위원회가 제7조에 따라 결정한 사항에 대하여 이의가 있는 해직언론인 또는 그 법정상속인은 결정서정본을 송달받은 날부터 30일 이내에 위원회에 재심의를 신청할 수 있음(안 제10조).
  아. 이 법에 따른 배상금 등의 지급에 관한 소송은 위원회의 배상금 등의 지급 또는 기각의 결정을 거친 후에 한하여 이를 제기할 수 있음(안 제11조).
  자. 이 법에 따른 해직언론인이 복직을 희망하는 경우 정부와 해당 언론사는 그 복직이 이루어질 수 있도록 노력하여야 함(안 제12조).","강창일,김낙성,김용태,류근찬,박상돈,박선영,박은수",문화체육관광방송통신위원회
박선영,55,1806258,PRC_J0Z9Q1N0M0C8I1W0E5T4D0I9L9Y1C4,국경일에 관한 법률 일부개정법률안,계류,2009-10-08,"","","제안이유
  현행법에 의하면 국경일은 3·1절, 제헌절, 광복절, 개천절 그리고 한글날 등 모두 5일임.
  이 가운데 한글날은 지난 1991년 국경일과 공휴일에서에서 제외된 후, 2005년 국경일로 부활됐지만, 경제논리에 의해 “쉬지 않는 국경일”이라는 대안이 채택되었기 때문에 현재 법정 공휴일이 아님.
  또한 제헌절은 지난 2005년 국정현안정책조정회의를 통해 2008년부터 공휴일에서 제외되었음.
  제헌절과 한글날이 공휴일에서 제외된 이유에 대해, 정부는 외국에 비해 휴일 수가 많아 노동생산성이 저하될 우려가 있어 일하는 분위기 조성을 위해 휴일 수 축소가 불가피하였고, 제헌절의 경우 광복절과 취지·이념 등에서 유사한 측면이 많아 휴일 지정의 필요성이 적었다는 점 등을 제시하고 있음.
  그러나 국경일을 공휴일로 지정하는 것은 가족들과 국경일의 의미를 되새김으로써 다음 세대에게 그 의미를 전달하며, 관련 행사 및 활동에 보다 적극적인 참가를 유도하기 위한 정책적 장치이므로 근시안적 정치 및 경제논리가 아닌 시대와 국민정서에 부합하는 쪽으로 결정해야 함.
  이를 위해 현행 국경일을 모두 법정 공휴일로 정하고, 해당 일이 토요일인 경우에는 그 전날을, 일요일인 경우에는 그 다음 날을 공휴일로 함으로써 민간차원에서도 관련 행사와 활동이 활발히 이루어지고 보다 많은 국민들이 관심을 갖고 참여하기 위한 제도적 기반을 마련하고자 함.
주요내용
  국경일을 모두 법정 공휴일로 정하고, 해당 일이 토요일인 경우에는 그 전날을, 일요일인 경우에는 그 다음 날을 공휴일로 함(안 제2조의2 신설).","구상찬,김충환,문학진,박선영,박주선,박진,이미경",행정안전위원회
박선영,55,1806248,PRC_L0U9T1F0R0M5H1Z4G5B0P5S3D2C9D8,형법 일부개정법률안,의결,2009-10-05,2010-03-31,대안폐기,"제안이유
  성폭력 사건의 특징은 범죄자 대부분이 성폭력 전과자임. 통계에 따르면 성폭력사범 재범률은 35%에 이르고, 특히 성폭력 동종 재범자 중 1년 내 재범률 43%, 3년 내 재범률이 71%에 이름.
  이에 사후 각종 제재수단을 두고 있으나 ‘전자발찌’는 통행 제한 구역을 두지 않아 실효성이 떨어지며, ‘성범죄자 조회’도 조건이 까다로워 유명무실하다는 지적이 있음.
  특히, 7～12세 여아를 대상으로 한 성범죄는 2006년 772건에서 2008년 1,005건으로 23.1% 늘어나는 등 ‘성폭력’에 의한 미성년자 피해자 수는 지속적으로 늘어나고 있어 이에 대한 대책 마련이 시급함.
  그러나 성범죄에 대한 처벌은 비교적으로 관대해 강간범들의 경우에도 23.2%가 집행유예를 선고받고 풀려났으며, ‘초범’이라거나 ‘범죄사실 인정’, ‘반성’, ‘심신미약 상태’라는 등의 이유로 솜방망이 처벌에 그치기 일쑤임.
  그리고 성폭행범 재범률이 3년 내 71%에 이른다는 사실 하나만으로도 언제 터질지 모르는 ‘폭탄’ 이라는 사실이 증명됨.
  따라서 성범죄자의 장기간의 사회로부터 격리를 통해 사회안정 및 교정의 필요성이 절실함.
  이에 흉악범의 강력한 처벌을 가로막고 있는 형법 제42조의 유기징역 상한 규정을 개정하고, ‘심신미약’에 의한 감경을 제한하며, 가석방 요건의 강화를 통하여 반인륜적 범죄나 성범죄의 처벌에 있어서의 위하력 및 실질적 처벌을 강화하고자 법적 미비점 및 문제점을 보완·개정하고자 함.
주요내용
  가. ‘심신장애’로 인한 형의 감경에 있어 성폭력범죄를 제외함(안 제10조제2항 단서 신설).
  나. 유기징역의 상한을 30년으로, 형의 가중을 50년까지로 함(안 제42조).
  다. 무기징역의 가석방 요건을 30년으로 함(안 제72조제1항).","구상찬,권선택,권영세,김낙성,김용구,김충환,류근찬",법제사법위원회
박선영,55,1806174,PRC_T0N9X0Z9R2Z9X1O1Z4W2I0G8H2A4P7,소송촉진 등에 관한 특례법 일부개정법률안,계류,2009-09-29,"","","제안이유
  현행법상 궐석재판제도는 피고인의 소재불명이라는 사유만으로 피고인이 출석할 권리를 포기하였다고 간주하여 피고인의 재판을 받을 권리, 방어권을 침해하는 등 피고인의 권리보호 측면에서 부당하며 그 범위가 지나치게 넓어 자유형 미집행자를 양산, 형집행에 어려움을 주고 있음. 이에 법 제23조의 궐석재판이 적용되는 경우를 긴급체포의 대상이 아닌 경미한 범죄의 경우로 한정하고자 함.
  또한 현행법상 배상명령 신청대상 범죄에 성폭력 범죄가 제외되어 있어 성폭력 피해자는 손해배상을 받기 위해 별도의 민사소송을 제기해야 함. 이는 피해자에게 지나치게 가혹한 처사이며 피해자의 합의금 요구를 금전이 목적인 양 부정적으로 치부하는 사회적 통념도 시정이 요구됨. 따라서 성폭력 범죄를 배상명령 신청대상 범죄에 포함시켜 별도의 소제기 절차 없이 배상을 받을 수 있도록 하고자 함.
주요내용
  가. 제23조 단서의 궐석재판 대상 제외 범위를 장기 10년 이상의 범죄에서 장기 3년 이상의 범죄로 확대함(안 제23조).
  나. 제25조제1항의 배상명령 신청대상  범죄에 「형법」 제32장의 죄를 포함시킴(안 제25조제1항).","권선택,김금래,김낙성,김옥이,김용구,김정권,김창수",법제사법위원회
박선영,55,1806171,PRC_J0F9X0P9G2N9Y1Q0K5F3G0U2U4C3X6,국군포로 및 납북자 송환 대책위원회 구성 촉구 결의안,계류,2009-09-29,"","","","권선택,김낙성,김용구,김창수,류근찬,문국현,박상천",외교통상통일위원회
박선영,55,1806133,PRC_D0F9H0C9J2V5M1R8B3S1M4J3T2Z2C1,범죄피해자구조법 일부개정법률안,의결,2009-09-25,2010-04-21,대안폐기,"제안이유
  현행법 제1조는 “생명 또는 신체를 해하는 범죄행위로 인하여 사망한 자의 유족이나 중장해를 당한 자”라고 규정하여 장해자를 보상범위에서 제외하고 있으며, 고의에 의한 범죄만을 보상의 대상으로 예정하고 있어서 그 범위가 지나치게 협소함.
  이에 보상범위를 “장해”까지 확대규정하고 선원인행위가 음주운전과 같이 고의범적 행위인 경우까지 보상대상에 포함시켜 보상범위를 확대하고자 함.
  또한 현행 범죄피해자 구조금지급신청제도는 구조금 지급신청이 기각당하거나 부당한 결정이 있다고 인정될 경우에 대한 불복신청이 인정되지 않고 있음.
  이에 구조금지급 신청이 기각, 부당한 결정이 있다고 인정되는 경우에 대한 불복절차를 마련하고자 함.
주요내용
  가. 구조범위를 ‘장해’까지 확대규정 하고 중과실로 인한 범죄행위도 구조대상에 포함시킴(안 제1조 및 제2조).
  나. 구조금 지급신청의 기각, 일부기각, 각하결정에 대한 불복절차를 마련함(안 제11조제1항, 제11조의2 및 제13조의2 신설).","곽정숙,권선택,김금래,김낙성,김옥이,김용구,김정권",법제사법위원회
박선영,55,1805748,PRC_R0P9I0G8W2G4K1X4F3P8V4S3S6G4H6,헌법재판소법 일부개정법률안,계류,2009-08-24,"","","제안이유
  헌법재판소는 법률이 헌법에 위반되는 것으로 인정하는 경우 위헌법률심판을 통하여 그 효력을 상실하게 함. 현행 헌법재판소법은 법률 또는 법률조항의 위헌여부만을 결정하도록 하여 단순합헌결정, 위헌결정의 두 가지 결정형식만을 예정하고 있음. 
  그러나 법률의 해석범위를 명확히 한정하면 합헌일 수 있는 경우, 법률의 위헌성은 인정되어도 법적 안정성을 위해 무효로 할 수 없는 경우, 법조문의 일부만이 위헌인 경우까지 위헌결정을 내리면 대상 법률의 법적안정성을 저해하는 경우, 입법기관의 입법권을 침해하여 삼권분립의 균형을 해치고 새로운 법률이 만들어지기까지 공백기간에 사법기관의 기능도 침해함.
  따라서 현재 헌법재판소가 법적 근거 없이 관행적으로 행하고 있는 한정합헌결정, 한정위헌결정, 일부위헌결정, 헌법불합치결정, 입법촉구결정 등의 변형결정을 법에 명문화함으로써 법적 근거를 명확하게 마련하고자 함.
주요내용
  현재 헌법재판소가 관행적으로 행하고 있는 변형결정들을 법에 명문화함(안 제45조).","구상찬,권선택,김낙성,김용구,김창수,나성린,문국현",법제사법위원회
박선영,55,1803965,PRC_V0X9K0S2Z2A7A1Y8P0B7A3C1X8K2Y7,변호사시험법안,계류,2009-02-27,"","","제안이유
  지난 10여년간의 논의 끝에 사법개혁의 일환으로 일회성 시험이 아닌 교육을 통한 법조인 양성체제로 전환하고자 법학전문대학원제도를 도입하기로 하고, 「법학전문대학원 설치ㆍ운영에 관한 법률」를 제정(법률 제8544호, 2007. 7. 27. 공포, 9. 28. 시행)함.
  그리고 법학전문대학원제도의 도입은 변호사 배출 숫자를 크게 늘려 국민에 대한 법률서비스를 향상시키고, 다양한 학부 전공자가 법학전문대학원에 입학해 법률실무가의 전문성도 높이는 것이 목적인바, 현행 사법시험을 통한 법률실무가 배출방식의 변화가 요구됨.
  이에 법학전문대학원제도가 도입취지에 합당한 법률실무가 배출을 위해 법학전문대학원 졸업자를 대상으로 변호사에게 필요한 직업윤리와 법률지식 등 법률사무를 수행할 수 있는 능력을 검정하기 위한 변호사시험을 마련하고, 이를 통해 변호사시험과 법학전문대학원의 교육이 하나의 체계를 형성하여 21세기 시대상황을 구현할 수 있는 새로운 법조인 양성제도를 구축함으로써 국가경쟁력의 제고와 국민편익의 증진을 도모하려는 것임.
주요내용
  가. 이 법은 변호사에게 필요한 직업윤리와 법률지식 등 법률사무를 수행할 수 있는 기초적인 능력을 검정하기 위한 변호사시험(이하 “시험”이라 함)에 관하여 규정함을 목적으로 함(안 제1조).
  나. 시험에 응시하고자 하는 자는 「법학전문대학원 설치ㆍ운영에 관한 법률」 제18조제1항에 따른 법학전문대학원의 석사학위를 취득하여야 함(해당 학위를 받을 것으로 예정된 자 포함함). 다만, 제8조제1항의 법조윤리 시험은 대통령령으로 정하는 바에 따라 법학전문대학원의 석사학위를 취득하기 전이라도 응시할 수 있음(안 제5조제1항).
  다. 시험(제8조제1항의 법조윤리 시험은 제외한다)에 응시하고자 하는 자는 「법학전문대학원 설치ㆍ운영에 관한 법률」 제18조제1항에 따른 법학전문대학원의 석사학위를 최초로 취득한 달의 말일부터 5년 내에 한하여 응시할 수 있음(안 제7조제1항).
  라. 시험은 논술형 필기시험과 별도의 법조윤리시험으로 실시하며, 논술형 필기시험 과목은 공법(「헌법」, 「행정법」 분야의 과목을 말함), 민사법(「민법」, 「상법」, 「민사소송법」 분야의 과목을 말함), 형사법(「형법」, 「형사소송법」 분야의 과목을 말함)으로 함(안 제8조제1항 및 제9조제1항).
  마. 시험의 합격은 법조윤리시험에 합격하고, 논술형 필기시험에서 합격점수 이상의 총득점을 취득한 사람을 합격자로 함. 다만, 논술형 필기시험의 각 과목 중 한 과목이라도 합격최저점수 이상을 취득하지 못한 경우에는 불합격으로 함(안 제10조제1항).
  바. 법학교수 5명, 판사 1명, 검사 1명, 변호사 2명 등 총 9명의 위원으로 구성되는 변호사시험 관리위원회를 법무부에 설치하여 시험문제의 출제방향 및 기준, 채점기준, 시험합격자의 결정, 시험방법 및 시험시행방법 등의 개선에 관한 사항 등을 심의하도록 함(안 제14조부터 제16조).
  사. 「법학전문대학원 설치ㆍ운영에 관한 법률」 제7조제1항에 따른 총입학정원을 4,000명 이상으로 정하고, 그 최초입학년도부터 3년이 경과하기 전까지는 부칙 제5조제2항부터 제5항까지의 규정에 따른 예비시험에 합격한 자도 시험에 응시할 수 있도록 함(안 부칙 제5조제1항).","강명순,권선택,김낙성,김영록,김옥이,김용구,류근찬",법제사법위원회
박선영,55,1803634,PRC_S0Z9R0V1S2A3T1P6I5F2N4U1V5L5W1,한국전쟁 납북피해 진상규명 및 피해자명예회복 등에 관한 법률안,의결,2009-01-23,2010-03-02,대안폐기,"제안이유
  한국전쟁 당시 북한에 의해 납치·강제 북송된 민간인은 1952년 대한민국 공보처 통계국이 작성한 「6.25사변피납치자명부」에 따르면 82,959명에 이르고, 한국과 외국 정부의 문서·피랍생환자 및 납북자 가족 등의 증언을 통해 볼 때 전시 납북은 북한 당국에 의해 사전에 치밀하게 준비되고 기획된 것임. 이는 「전시에 있어서의 민간인 보호에 관한 협약」(제4 제네바 협약)을 명백히 위반한 전쟁범죄임.
  그러나 전시 납북자 중 일부는 자진 월북자로 치부되어 남쪽 가족들이 오히려 공안기관의 감시를 받는 것은 물론이고 취업이나 해외여행 등에 있어 인권침해나 불이익을 받는 일도 적지 않음. 이에 국가인권위원회는 지난 2006. 6. 12. “「납북피해자의 구제 및 지원에 관한 법률안」에 대한 의견표명” 및 2008. 7. 23. “납북피해자 구제와 보상을 위한 실태조사 및 특별법 제정 권고의 이행 촉구를 위한 의견표명”을 통해 ‘6.25 전쟁 당시 납북자 및 그 가족의 인권침해에 대한 실태조사와 이들의 명예회복 등을 위한 특별법 제정이 필요하다’는 의견을 표명함.
  이에 본 법률안은 대한민국의 국가해체를 기도한 반국가적 범죄행위 및 무고한 가족의 일체성을 파괴한 반인륜적 범죄행위에 대한 진상을 규명하고, 전시 납북자 및 그 가족 또는 유족의 명예회복과 피해보상을 통한 생활안정을 도모하고자 함.
주요내용
  가. 이 법은 한국전쟁 중 북한 당국에 의해 발생한 납치 및 강제북송사건과 전시 납북자 및 그 가족들의 피해에 대한 진상규명을 통하여 전시 납북자와 그 가족들의 명예를 회복시키고 피해를 보상함으로써 인권회복과 국민화합에 이바지함을 목적으로 함(안 제1조).
  나. 납북사건의 진상을 규명하고, 납북자 및 납북자가족등의 심사·결정과 명예회복 등에 관한 사항을 심의·의결하기 위하여 국무총리소속하에 전시납북사건진상규명위원회를 둠(안 제4조).
  다. 전시납북사건진상규명위원회는 최초의 진상조사개시결정일 이후 4년 이내에 납북사건 및 그 피해에 대한 조사를 완료하여야 하고, 조사기간이 종료되는 날부터 6월 이내에 납북사건의진상및피해조사보고서를 작성하여 대통령과 국회에 보고하고, 이를 공표하여야 함(안 제16조제1항 및 제22조제1항).
  라. 귀환납북자에 대하여 정착금 지급 및 보호·지원을 하는 경우에는 「군사정전에 관한 협정 체결 이후 납북피해자의 보상 및 지원에 관한 법률」 제8조를 준용함(안 제30조).
  마. 피해자에 대하여 보상금 및 의료지원금을 지원하는 경우에는 「군사정전에 관한 협정 체결 이후 납북피해자의 보상 및 지원에 관한 법률」 제10조부터 제11조를 준용함(안 제31조).","권선택,김낙성,김용구,김충환,류근찬,박상돈,박선영",외교통상통일위원회
박선영,55,1802051,PRC_E0O8C1X1D1F4L1S7P4F1O4C2V3Q1Y9,형법 일부개정법률안,계류,2008-11-14,"","","가. 현재 학계 및 실무에서 간음의 의미를 협소하게 해석하고 있는 바, 다양한 형태로 발생하는 성폭력 문제를 해결할 수 없으므로 이 개념을 확대함(안 제242조).
  나. 현행법은 성폭력의 피해자를 부녀로 한정하고 있어, 다양한 형태로 발생하는 성폭력 문제를 해결할 수 없으므로 다양한 폭력의 양상과 내용들을 광범위하게 포함하는 성중립적인 개념으로 ‘부녀’를 ‘사람’으로 개정함(안 제242조, 제288조제2항, 제297조, 제303조제1항·제2항, 제304조 및 제305조).
  다. 제242조(음행매개죄)와 제304조(혼인빙자간음죄)는 ‘음행의 상습없는 부녀’라는 용어를 사용하여 이 규정의 보호를 받는 자를 한정하고 있으며, 모호한 특정 가치관을 이유로 차별하고 있어 삭제함(안 제242조 및 제304조).
  라. 다양한 성폭력 중 성적 행위를 강제로 목격하도록 하여 목격자에게 정신적 피해를 가하는 범죄가 발생하는 바 현행법은 이에 대한 처벌규정이 없어 이를 신설함(안 제297조제1항).
  마. 강간이란 상대방의 반항불능 또는 현저한 반항곤란을 이용하여 강제로 간음하는 것인 바, 현재 학계 및 실무에 있어 그 해석이 협소하여 이 범위를 확대함(안 제297조제2항).","곽정숙,구상찬,권선택,권영세,김옥이,류근찬,문국현",법제사법위원회
박선영,55,1801572,PRC_H0W8B1Q0K2W2H1Y7Z3R4L0I7E8Z1X6,국군포로 및 납북자 송환촉구 결의안,의결,2008-10-22,2009-12-07,수정가결,"","구상찬,권영세,문국현,박선영,이범관,이상득,이춘식",외교통상통일위원회
박선영,55,1800928,PRC_V0K8H0P9L1U2I1O0R4A9K3S6X2M7O8,사형폐지에 관한 특별법안,계류,2008-09-12,"","","제안이유
  사형제도의 존폐 여부에 대해서는 오랜 세월 찬반의 의견이 팽팽하게 대립되어 옴.
  1996년 헌법재판소는 “사형이 비례의 원칙에 따라서 최소한 동등한 가치가 있는 다른 생명 또는 그에 못지 아니한 공공의 이익을 보호하기 위한 불가피성이 충족되는 예외적인 경우에만 적용되는 한, 그것이 비록 생명을 빼앗는 형벌이라 하더라도 헌법 제37조 제2항 단서에 위반되는 것으로 볼 수 없다”고 판시하면서도, “시대상황이 바뀌어 생명을 빼앗는 사형이 가진 위하에 의한 범죄예방의 필요성이 거의 없게 된다거나 국민의 법감정이 그렇다고 인식하는 시기에 이르게 되면 사형은 곧바로 폐지되어야 한다”고 첨언한 바 있음(95헌바1).
  국회는 제15대(1999년), 제16대(2001년), 제17대(2004년)에 각각 사형폐지 특별법안을 발의하였고, 특히 제17대 국회에서는 국회의원 299명의 3분의 2에 가까운 175명의 의원이 법안 발의에 동의하여 사형제도 폐지에 대한 국민적 합의가 도출될 가능성을 보이기도 함.
  그러나 시기적으로 유영철 연쇄살인사건, 혜진예슬양 살인사건, 안양 연쇄살인사건 등 폭력적이고 비인간적인 범죄들이 연속적으로 발생하면서 사형폐지론이 힘을 잃고 사형제도 존치론이 다시 고개를 들었음.
  생각건대 사형제도가 존속하는 우리 사회에서 범죄의 폭력성·잔인성·무차별성이 날이 갈수록 극심해지고 있다는 사실은 사형이 범죄자들에게 더 이상의 위하력이 없다는 것을 보여주고 있음. 또한 우리나라는 1997년 12월 30일에 마지막 사형집행이 있은 이후, 10년이 넘도록 사형을 집행하지 않고 있어 국제인권단체인 앰네스티로부터 ‘실질적 사형폐지국가’로 분류되었음. 따라서 사형제도가 사문화(死文化)되고 있다고 보여짐.
  더 근본적으로는 인간의 생명은 더 이상 인간의 보복심을 충족시키거나 제도적 살인을 정당화하는 도구로 취급되어서는 아니 되며, 인간의 존엄과 가치를 보장하기 위한 전제요건으로 보호되어야 함.
  이 특별법안은 비인간적이고 반인도적이며 비교화적인 사형 제도를 폐지하는 대신 가석방 없는 종신형을 신설하여 범죄자의 생명과 일반국민의 권리를 조화롭게 보호하는 형벌체계를 수립하여 국제인권기준에 부합하는 문명국가를 이룩하고자 마련됨.
주요내용
  가. 우리 「헌법」이 천명하고 있는 인간으로서의 존엄과 가치를 보장하기 위하여 국가 형벌 중 사형을 가석방 없는 종신형으로 대체하는 것을 그 목적으로 함(안 제1조).
  나. “종신형”이란 사망할 때까지 형무소 내에 구치하고, 「형법」에 따른 가석방이나 「사면법」에 따른 일반사면·특별사면 또는 감형을 할 수 없는 징역형을 말함(안 제2조).
  다. 형의 종류 중 사형을 종신형으로 대체하고, 「형법」과 그 밖의 법률을 개정함(안 제3조 및 부칙 제3조).","강운태,곽정숙,권선택,권영진,김영록,김옥이,김용구",법제사법위원회
박선영,55,1800927,PRC_U0Z8Y0N9X1N2D1V0N4E1K4Y0L8R4I3,낙태방지 및 출산지원에 관한 법률안,계류,2008-09-12,"","","제안이유
  우리나라는 세계적으로 낙태 1위 국가라는 불명예를 안고 있음에도 불구하고 국가 차원에서 낙태를 방지하거나 생명을 보호하기 위한 적극적인 입법이 존재하지 않음.
  결혼과 출산이 규범적으로 연결되어 있는 우리 사회에서 결혼을 전제하지 않은 임신은 비난과 경멸의 대상이기에 수많은 여성들은 생명의 귀중함을 알면서도 자신의 생존을 위하여 낙태를 선택하게 됨. 미혼모가 어렵게 결심하여 출산을 하더라도 ‘미혼모’라는 사회적 편견 속에서 차별대우를 받는 것이 두려워 낙태를 하거나 출산을 하더라도 출산의 사실을 숨기고자 하는 경우가 많음.
  낙태는 여성 개인의 상처와 한 생명의 소멸에 머물지 않고 일국가의 미래와도 직결되는 문제임. 우리나라는 심각한 저출산고령화사회에 접어들어 조만간 노동력부족과 사회적 기반의 붕괴를 경험하게 될지도 모름. 이러한 문제를 풀기 위한 국가적 노력이 필요한 시점임.
  축복받는 출산과 그렇지 못한 출산을 구분하는 사회에서 누구도 원치 않는 출산을 결심한 용기와 비록 자신이 키우지는 못하더라도 이 세상을 이롭게 할 한 새로운 생명을 탄생케 한 노력은 국가의 미래를 밝힐 초석이므로 국가와 사회의 배려와 관심의 대상이 되어야 함.
  입원과 출산에 대한 지원을 보장하고, 미혼모의 사회적 복귀를 용이하게 할 수 있는 제도적 장치를 마련하여 궁극적으로는 낙태를 방지하여 생명을 보호하고, 저출산으로 인한 국가적 위기를 해결하기 위하여 이 법안을 제안함.
주요내용
  가. 원하지 않는 임신을 한 여성을 위해 희망출산제도를 신설하여 분만 당시 본인의 신분과 입원 및 출산 사실에 대한 비밀의 준수를 요구한 여성에게 입원 및 비밀의 보장을 제공하고(안 제3조), 입원 및 출산에 관하여 국민기초생활보장법상의 해산급여를 지급하며(안 제4조), 출산 후 사회복귀를 위하여 「한부모가족지원법」상의 지원을 받을 수 있도록 함(안 제5조).
  나. 희망출산을 요청한 여성은 희망출산 요청 시에 출생한 자(子)에 대한 입양에 동의한 것으로 보고(안 제10조), 여성과 그에게서 출생한 자의 권익을 보호하기 위하여 개인정보공개를 위한 조정위원회를 설치, 운영함(안 제13조). 
  다. 국가 및 지방자치단체에 희망출산전담공무원을 두어 희망출산을 요청한 여성의 비밀보장과 출산지원업무를 담당하게 하고, 비밀유지의무·증언거부권·위반 시 벌칙에 관한 규정을 둠(안 제9조 및  제14조).","고승덕,권영진,김금래,김상희,김옥이,김용구,김충환",보건복지위원회
박선영,55,1800418,PRC_Z0B8W0N7D2U4L1F7E2S9E5M1F3P2T5,국회법 일부개정법률안,계류,2008-07-24,"","","제안이유
  「헌법」상의 기관은 국회의원임에도 불구하고 「국회법」 제33조는 20인 이상의 국회의원으로 구성된 교섭단체를 두도록 하고 국회의 구성에서부터 의사의 진행에 이르기까지 교섭단체를 비교섭단체에 비하여 합리적인 이유 없이 지나치게 우월적인 지위를 인정하고 있음.
  교섭단체는 의회의 효율성을 제고하기 위하여 「국회법」상 인정된 임의적인 제도임.
  현행법은 “20인 이상”으로 기준을 설정하고 있으나 이는 지나치게 높아 소수자의 대표인 신생정당이나 정책정당의 국회의사결정과정의 참여를 배제함. 특히 소수자의 의견을 국정에 반영하는 길을 원천적으로 봉쇄하는 결과로 나타남.
  비교법적으로 보더라도 우리나라의 교섭단체 인정기준은 지나치게 높음. 예컨대, 미국은 교섭단체에 관한 규정이 없고, 독일은 5%, 스페인은 15석, 캐나다는 12석이며, 프랑스·이탈리아는 20석으로 비교적 엄격한 요건을 적용하나 의석수를 비교할 때 우리의 현행법보다는 완화되어 있으며, 기타 서유럽국가들은 대체로 5석으로 규정하고 있음.
  교섭단체를 구성하지 못한 국회의원의 「헌법」상의 권한 행사에도 상당히 많은 제약을 초래함.
  따라서 교섭단체 구성에 관한 기준을 국회의원 정수의 5%인 “15인 이상”으로 낮추어 국회 운영에 국민의 정당한 요구가 충실히 반영될 수 있도록 하려는 것임.
주요내용
  교섭단체의 구성에 관하여 “20인”의 요건을 “15인”으로 변경함(안 제33조 제1항).","권선택,김낙성,김용구,김창수,류근찬,박상돈,박선영",국회법및국회상임위원회위원정수에관한규칙개정특별위원회
박선영,55,1800367,PRC_Y0U8O0O7X2A2X1Y6E4U1Z3T2F4O2N3,법학전문대학원 설치·운영에 관한 법률 일부개정법률안,계류,2008-07-22,"","","제안이유
  법학전문대학원 제도를 도입하고자 했던 가장 주요한 목적은 법학교육의 정상화를 통한 법학교육의 질 향상에 있었음. 즉, 법학전문대학원의 도입은 일회성 시험이 아닌 교육을 통한 법조인 양성체제로의 전환을 의미함.
  그러나 지난 1월 교육과학기술부(구 교육인적자원부)가 예비인가대학을 발표한 후 심사의 불공정성, 총 입학정원, 인가제도 등의 문제점이 강하게 대두되면서 법학전문대학원은 개원을 하기도 전부터 각종 소송에 휘말리고 있음.
  이에 법조인의 질적 향상을 기하고, 다양한 법조인을 양성하기 위해 설치되는 법학전문대학원이 그 취지대로 운영되고 기능하게 하기 위해서 법적 미비점 및 문제점을 보완·개정하고자 함.
주요내용
  가. 이 법의 목적과 법학전문대학원의 교육이념에 학문후속세대로서의 법학자 양성을 추가하여 법학 교육에 있어서 이론의 발전과 실무 전문가의 양성의 균형을 기하기 위하여 법조인의 개념을 “법학자, 판사, 검사, 변호사 등의 법률업무에 종사하는 사람”으로 확대하였음(안 제1조).
  나. 법학전문대학원의 설치인가 전에 사업계획서의 검토를 통한 적정 여부를 판단하는 사전심사제도를 도입함으로써 법학전문대학원을 두고자 하는 대학의 과다지출로 인한 경제적 손실을 최소화함과 동시에, 법학전문대학원의 인가 절차의 명확성과 투명성을 기하도록 함(안 제5조제2항 및 제3항 신설).
  다. 법학전문대학원의 설치인가 시 고려사항으로서 지역균형을 추가함으로써 지방대학의 발전과 지역발전에 필요한 우수인력의 양성의 취지에 따른 지역적인 안배 등 국가균형발전을 위하되, 지역적인 안배 요소는 법학전문대학원의 설치인가 여부를 판단함에 있어 주요 요소가 아닌 부수적인 요소이므로 타지역 소재대학에 대한 과도한 역차별이 되지 않도록 적절한 제한을 두도록 하고, 법학전문대학원의 설치인가에 관한 기준을, 현재는 장관지침으로 정하도록 위임하는 것을 법규명령인 대통령령으로 정하도록 위임함으로써 인가기준의 예측가능성 및 투명성과 공정성을 기하도록 함(안 제6조).
  라. 현재는 법학전문대학원의 총 입학 정원에 관하여 이 법에 아무런 명확한 기준이 없이 포괄적으로 교육과학기술부장관에게 위임하고 있으므로 직업의 자유와 대학의 평등권이나 자율성 침해의 소지가 있음. 따라서 그 내용의 중요성에 비추어 총 입학정원의 최저한도의 기준을 이 법에서 직접 규율하고, 그 범위 내에서 교육과학부장관이 적정한 절차에 따라 각계 각층의 의견을 수렴하여 그 입학 총정원을 정하도록 함(안 제7조).  
  마. 법학전문대학원의 교육평가와 관련하여 현행법은 대한변호사협회 소속으로 법학전문대학원평가위원회를 두고 있으나 교육을 통한 법조인 양성이라는 법학전문대학원의 도입취지를 살리고, 평가에 대한 공정성을 확보하기 위해서 대한변호사협회와 한국대학교육협의회 소속으로 함(안 제27조부터 제29조까지).","구상찬,권선택,김낙성,김옥이,김용구,김창수,나성린",교육과학기술위원회
