유정현,45,1813750,PRC_Q1Y1U1O1O0F4G1I5A1O0V1V1W5P4Z2,공직선거법 일부개정법률안,계류,2011-11-04,"","","제안이유
  책자형 선거공보에 후보자정보공개자료를 게재하였음에도 다른 내용(자연경관 등)이 게재되었다는 이유로 그 접수를 거부하거나, 선거공약서의 선거공약을 게재하는 면에 단순히 후보자의 기호와 성명을 함께 표시한 경우까지 처벌하는 것은 선거운동의 자유를 제한하는 과도한 규제이므로 이를 완화하려는 것임.
주요내용
 가. 후보자정보공개자료를 게재하여야 하는 책자형 선거공보의 2면에는 후보자정보공개자료와 그 소명자료 외에 해당 후보자의 사진·성명·기호·학력·경력, 그 밖에 홍보에 필요한 사항이나 다른 정당·후보자에 관한 사항을 게재할 수 없도록 하고, 이를 위반한 경우 과태료를 부과함(안 제65조제7항, 안 제261조제2항).
 나. 책자형 선거공보의 접수를 거부당한 경우에도 별도로 후보자정보공개자료를 작성하여 제출하여야 함을 명확하게 함(안 제65조제8항).
 다. 책자형 선거공보의 둘째 면에 후보자정보공개자료와 그 소명자료 외에 다른 내용을 게재한 경우에는 접수거부 사유에서 제외함(안 제65조제10항).
 라. 선거공약서의 선거공약과 그 추진계획을 게재하는 면에 후보자의 기호와 성명을 함께 게재하는 것은 허용하도록 함(안 제66조제2항).","김소남,김정권,김태원,노철래,배영식,유일호,유정현",정치개혁특별위원회
유정현,45,1813288,PRC_V1Y1J0W9M2E9H1B1I4F3P0Y9A1M1X9,공무원연금법 일부개정법률안,계류,2011-09-29,"","","■ 제안이유 및 주요내용 
  현행 공무원연금법은 공무원을 위한 효율적인 주택사업을 추진하기 위하여 주택건설사업 등에 관한 특례 규정을 두고 공단을 「주택법」,  「택지개발촉진법」 또는 「임대주택법」에 한정하여 국가나 지방자치단체로 의제하고 있으나,  2009년 4월 시행된 「보금자리주택건설 등에 관한 특별법」상 공단은 사업자가 아닌 관계로 동법 시행 이후 보금자리지구내 택지매입이 전혀 없는 등 공무원을 위한 주택사업이 중단될 위기에 처해 있는 실정임.
  그러나 무주택 공무원이 36만명에 달하고, 국민임대주택 입주자격에 해당하는 저소득 공무원이 42만명인 점을 감안하면 공무원의 주거안정을 위한 정부의 노력은 배가되어야 함.
  이에 「보금자리주택건설 등에 관한 특별법」에서 정하는 보금자리주택사업의 경우에도 공단을 국가나 지방자치단체로 의제하여 그 사업자가 되도록 하여, 저소득 무주택 공무원을 위한 주택건설사업을 효율적으로 수행할 수 있도록 하려는 것임(안 제16조의2).","고흥길,김소남,김태원,노철래,박대해,백원우,서병수",행정안전위원회
유정현,45,1813249,PRC_C1X1E0Q9D2G1N1V1I4Z3X5Y3M8S2P5,소방공무원법 전부개정법률안,계류,2011-09-21,"","","제안이유
  현행법에 따르면 소방업무 수행의 주축을 이루는 지방소방공무원은 시·도지사가 임용하고, 이 지방소방공무원에 대한 지휘·감독은 대통령 또는 소방방재청장이 임용하는 소수의 고위직 국가소방공무원을 통하여 시·도지사가 하고 있는 이원체제를 이루고 있음. 
  그러나 지방소방공무원이 주축이 된 이원 체제의 현 소방공무원 제도로는 자치단체의 경계를 초월하고 시·도의 책임과 재정능력으로는 감당하기 힘든 대형재난의 발생가능성이 증가하고 있는 현 실정에 적절하고 능동적으로 대응하기 힘들다는 지적과 함께, 소방업무 수행의 주축은 국가소방공무원이 되어야 한다는 요청이 있음. 또한 시·도의 보조기관인 소방본부장을 국가소방공무원이 맡고 있다는 사실은 소방업무가 지방자치단체만의 업무가 아니라는 것을 보여 주고 있다고 봄.
  그리고 지방자치단체는 중앙 정부와 비교하여 재정상태가 좋지 않을 뿐 아니라 지방자치단체 간에도 재정자립도의 우열이 심한 탓에 지방자치단체 간 소방서비스의 질이 다른 문제점이 발생하고 있음. 또한 소방업무의 수행에 필수적인 소방장비도 원활하게 조달 못하여 노후화된 소방장비를 그대로 사용하고 있는 실정이며, 이로 인해 화재 진압에 어려움이 있는 것은 물론 안전사고마저 발생한 적이 있음. 
  따라서 시·도 관할 구역에서 근무하는 소방공무원도 「지방공무원법」이 아닌 「국가공무원법」의 적용을 받고, 임용 등 인사 관련 사항에서도 시·도지사가 아닌 소방방재청장이 소관하도록 법을 개정함으로써 소방업무의 주축인 소방공무원의 국가직화를 통하여 소방·재난업무의 광역화에 대한 원활한 대처와 소방서비스의 질 개선에 기여하려는 것임.
주요내용
  가. 국가소방공무원과 지방소방공무원의 계급으로 이원화된 소방공무원의 계급을 국가소방공무원의 계급으로 단일화함(안 제3조). 
  나. 소방방재청과 시·도 소속으로 이원화된 소방공무원 인사위원회를 소방방재청에만 두도록 함(안 제4조).
  다. 국가소방공무원은 소방방재청장이 임용하고 시·도의 소방공무원은 시·도지사가 임용하는 이원체제에서 시·도의 소방공무원도 소방방재청장이 임용권을 행사하는 일원체제로 변경하되, 소방방재청장은 관계 하급기관 또는 소방기관의 장에게 임용권의 일부를 위임할 수 있도록 함(안 6조).
  라. 시·도 소방공무원의 경우 소방령 이상의 신규채용시험 및 소방간부후보생 선발시험은 소방방재청장이 실시하고 소방경 이하의 신규채용시험과 소방령 이하의 승진시험을 시·도지사가 실시하는 이원체제에서 모든 시험을 소방방재청장이 실시하도록 하되, 소방방재청장이 각종 시험을 소방기관의 장·관계 하급기관의 장·소방학교의 장에게 위임 또는 위탁할 수 있도록 함(안 제9조).
  마. 시·도에 두는 보통승진심사위원회를 폐지하고, 소방방재청· 대통령령으로 정하는 소방기관 및 소방학교에 각각 보통승진심사위원회를 두도록 함(안 제14조).
  바. 소방공무원의 건강관리를 위한 소방전문진료센터의 운영비용 주체를 종전의 국가 또는 지방자치단체가 분담하는 체제에서 국가가 전액 부담하는 체제로 함(안 제17조).
  사. 소방학교 외의 교육훈련기관을 설치할 수 있는 자를 종전의 시·도지사에서 대통령령으로 정하는 소방기관으로 함(안 제18조).
  아. 시·도 소방공무원의 경우 처분 불복에 대한 소청심사를 종전의 지방공무원소청심사위원회에서 「국가공무원법」에 따른 소청심사위원회에 청구하도록 함(안 제24조).
  자. 소방공무원고충심사위원회를 시·도와 소방방재청·소방기관에 두던 이원체제에서 소방방재청·소방기관에만 두도록 하고, 시·도 소방공무원의 고충에 대한 재심청구와 시·도 소방령 이상의 인사상담 및 고충에 대한 심사 주체를 종전의 시·도 인사위원회에서 중앙고충심사위원회로 함(안 제25조제1항).
  차. 시·도 소방공무원의 징계 의결 주체를 종전의 시·도 소속 소방공무원징계위원회에서 소방방재청·소방기관 소속 소방공무원징계위원회로 하고, 시·도 소방공무원의 징계 처분권자를 종전의 임용권자 또는 소방서장에서 징계위원회가 설치된 기관의 장으로 함(안 제26조제2항 및 제27조제1항).  
  카. 시·도 소방공무원의 경우 의사에 반한 불리한 처분에 대한 행정소송의 피고를 종전의 시·도지사에서 징계권자 또는 처분권자로 함(안 제28조).","강성천,고흥길,권영진,김동성,김선동,김소남,김태원",행정안전위원회
유정현,45,1813248,PRC_Y1R1G0D9S2I1O1Y1B4U1P1L5E4V5K1,형사소송법 일부개정법률안,계류,2011-09-21,"","","제안이유 및 주요내용
  음주운전자인 가해자가 신체적 손상이나 의식불명으로 인하여 병원 등으로 후송되는 경우와 같이 엄격한 의미에서 범죄 장소는 아니지만 이들에 대한 음주정도 측정을 위하여 채혈이 긴급하게 필요한 경우에 현행법은 범행중 또는 범행직후의 범죄 장소라는 장소적 요건을 두고 있어 범죄 수사를 위한 강제처분이 불가능함.
  이에 범죄 수사에 반드시 필요하고 긴급한 강제채혈의 경우에는 장소적 제한을 완화하여 강제채혈이라는 처분의 특수성과 수사 현실을 감안한 합리적인 요건을 설정하려는 것임(안 제216조제4항 신설).","김선동,김정권,박대해,박보환,배영식,유정현,이철우",법제사법위원회
유정현,45,1812878,PRC_E1K1A0T8W1M6M1K0Z5I3Z2M0Y6V8E6,군인연금법 일부개정법률안,계류,2011-08-16,"","","제안이유 및 주요내용
  최근 사회적으로 논란이 되고 있는 전관예우 관행을 근절하기 위한 제도적 논의가 ？공직자윤리법？ 개정을 통해 현행 취업제한 제도로 규율할 수 없었던 퇴직 이후 일정한 업무와 행위에 대한 제한 규정을 신설하는 등 본격적으로 이루어지고 있음(？공직자윤리법？ 개정안, 2011. 6.29. 국회의결, 2011. 7.26. 공포 및 2011.10.26. 시행예정). 
  이는 종전의 ？공직자윤리법？의 취약점을 상당 부분 보완하고 있다는 점에서 긍정적이라는 평가를 받고 있으나 처벌 조항의 보완 및 강화가 뒤따라야 한다는 것이 국민 대다수의 의견임.
  이에 군인으로 퇴역한 자에 대해 ？공직자윤리법？에 따른 취업제한 및 행위제한 규정을 위반한 경우 군인연금 급여의 일부를 감액함으로써 전관예우금지 방안의 실효성을 담보하고 전관예우 관행을 근절하고자 함(안 제33조제1항제4호 신설, 안 제33조제2항).","김성수,김태원,노철래,배영식,유정현,이한성,임동규",국방위원회
유정현,45,1812877,PRC_S1J1M0P8C1R6M1R0F5T1V4I4R4H0D2,공무원연금법 일부개정법률안,계류,2011-08-16,"","","제안이유 및 주요내용
  최근 퇴직 공직자의 재취업, 전관예우로 인한 도덕적 해이가 심각한 사회적 문제로 대두됨. 공직자의 경력과 능력은 일종의 공공재라 할 수 있으므로 그들의 능력과 경험을 국민에 대한 봉사에 활용해야 함에도 사적인 영역에서 악용되고 있어 이에 대한 대책이 필요함.
  이에 정부는 퇴직공직자의 취업제한과 관련한 「공직자윤리법」의 한계를 보완하고 향후 발생가능한 공직사회의 도덕적 해이를 제도적으로 방지하기 위하여 전관예우 폐해 근절방안을 발표하였고 이 내용을 포함한 「공직자윤리법」개정안이 지난 6월 국회에서 의결하였음.
  하지만 전관예우금지 방안의 실효성을 확보하기 위해서는 취업제한 위반에 따른 강력한 제재조치가 필요할 것이므로, 「공직자윤리법」의 취업제한 및 행위제한 규정을 위반하여 금고 이상의 형을 받은 경우에는 퇴직공무원의 퇴직급여 및 퇴직수당의 일부를 감액하도록 하려는 것임(안 제64조제1항제4호 신설, 안 제64조제2항).","김성수,김태원,노철래,배영식,유정현,이한성,임동규",행정안전위원회
유정현,45,1812625,PRC_T1R1Y0S7P1L4F1H6W2Y5Y3O6S4H4R5,소방공무원법 일부개정법률안,의결,2011-07-14,2011-12-29,대안폐기,"제안이유
  고도화된 현대 산업사회의 발전과 더불어 소방공무원은 점차 복잡해지고 다양한 위험에 더 많이 노출되고 있으며, 직무로 인한 정신적 스트레스 및 각종 질환발생이 심히 우려되고 있음. 2009년도 중앙소방학교에서 현직 소방공무원 299명을 대상으로 조사한 자료에 의하면, 68.2%의 소방공무원이 ‘처참한 시신의 목격 수습’을 경험했다고 답하였으며, 특히 외상 후 스트레스 장애 고위험군은 25.4%에 이르는 것으로 나타났으나 소방공무원의 외상 후 스트레스 등에 대한 국가와 지방자치단체의 관심과 예산지원은 미흡한 실정임.
  따라서 국가와 지방자치단체가 소방공무원의 건강관리에 관심을 갖고 예산을 지원하도록 하여 소방공무원이 긍지와 자부심을 갖고 업무에 정진할 수 있도록 하려는 것임.
주요내용
  가. 소방공무원은 매년 「산업안전보건법」 제43조제1항에 따른 특수건강진단을 받도록 함(안 제14조의3제1항).
  나. 소방공무원은 정기 또는 수시로 외상 후 스트레스 상담을 받도록 함(안 제14조의3제2항).
  다. 국가와 지방자치단체로 하여금 소방공무원의 정신건강관리 등에 필요한 비용을 부담하도록 함(안 제14조의3제4항).","고흥길,김세연,김태원,배영식,손범규,유정현,이인기",행정안전위원회
유정현,45,1812045,PRC_G1A1A0C5P2S7W1K6L3J7M1E8K6A8U8,지방세특례제한법 일부개정법률안,의결,2011-05-27,2011-12-30,대안폐기,"제안이유 및 주요내용
  현재 지방세 감면조건의 부합에 따른 감면 및 그 감면조건 의무위반시 감면된 세액의 추징은 ‘지방세특례제한법’ 및 각 지자체 감면조례에 의하여 시행중이고, 납세의무자가 지방세 감면 신청을 하는 경우 지방자치단체의 장은 지방세 감면 여부에 대하여 통지를 하도록 ？지방세특례제한법 시행규칙？에서 규정하고 있음.
  그러나 지방세 감면신청 및 결정 통지시 의무위반에 따른 추징안내를 제대로 받지 못하거나, 관련법규의 미숙지 등으로 감면받은 세액을 다시 추징당하는 사례가 빈번하게 발생하고 있음.
  이에 지방자치단체의 장이 지방세 감면 신청자에게 지방세 감면 여부를 통지하도록 법률에 규정하고, 지방세 감면을 통지하는 경우 지방세 감면 대상자에게 감면에 따른 의무사항을 위반하는 경우 감면받은 세액이 추징될 수 있다는 내용을 서면으로 통지하도록 하여, 관련법규를 제대로 알지 못해 감면세액을 억울하게 추징당하는 선의의 피해자 발생을 방지하려는 것임(안 제98조제2항, 제3항 및 제4항 신설).","김소남,김용구,노철래,박대해,박보환,배영식,원유철",행정안전위원회
유정현,45,1811887,PRC_U1F1V0C5G2T3H1D6L3L0N3R8F0S1K8,성폭력범죄의 처벌 등에 관한 특례법 일부개정법률안,계류,2011-05-23,"","","제안이유 및 주요내용
  현행법에서는 피해자가 16세 미만이거나 신체적 또는 정신적 장애로 사물을 변별하거나 의사를 결정할 능력이 미약한 경우에는 피해자의 진술 내용과 조사 과정을 비디오녹화기 등 영상물 녹화장치로 촬영·보존하도록 규정하고 있으나, 성폭력범죄의 피해자로서 16세 이상인 경우에도 성인에 도달하지 않은 미성년자의 경우에는 조사과정에서 피해 사실을 반복하여 진술함에 따른 피해자의 정신적인 고통을 완화할 필요가 있으므로, 동 규정과 유사한 영상물의 촬영·보존 등을 규정한 「아동·청소년의 성보호에 관한 법률」에서와 같이 기준 연령을 19세 미만자로 상향 조정하여 영상물 녹화의 범위를 확대하려는 것임(안 제26조제3항).","고흥길,김세연,김정권,박보환,배영식,신상진,유정현",법제사법위원회
유정현,45,1811611,PRC_G1K1C0P4U2N7P1S6B0U7P3L7G1A3A5,자살예방 및 생명존중문화 조성을 위한 법률 일부개정법률안,계류,2011-04-27,"","","■ 제안이유 및 주요내용 
  최근 KAIST 학생들이 잇따라 자살하며 큰 사회문제가 되고 있는데, 통계청 자료에 따르면 자살은 우리나라 전체 사망원인 중 4위를 차지할 뿐만 아니라 인구 10만명 당 자살사망률은 1998년 18.4명에서 2004년 23.7명, 2008년에는 26.0명, 2009년에는 28.4명으로 점차 증가하고 있고, 이것은 OECD 국가 중 가장 높은 수준임.
  특히 미래의 주역인 청소년과 대학생으로 이루어져 있는 10∼30대 연령집단의 사망원인으로 자살이 1위로 가장 높게 나타나고 있는 실정인데, 우리나라 대학생의 경우 해마다 2∼3백 명이 학업과 불안한 미래에 대한 스트레스, 지나친 경쟁구조 등으로 인해 스스로 목숨을 끊고 있고, 청소년의 경우에도 성적과 진학문제 등으로 10만명 당 4.6명이 자살을 했고(2008년), 15세에서 19세사이 청소년들의 자살 충동률은 10.4%에 이르러 다른 연령대에 비해 가장 높게 나타나고 있음.
  따라서 충동과 감정의 조절이 상대적으로 서툰 청소년과 대학생들에게 자존감 및 생명존중의식을 고취시키기 위하여 학교에서 정기적으로 자살예방 상담·교육의 필요성이 절실함.
  이에 자살예방교육기관에 「초·중등교육법」 제2조 및 「고등교육법」 제2조에 따른 학교를 추가함으로써 청소년 및 대학생의 자살을 예방하여 소중한 생명을 보호하고 생명존중문화를 조성하려는 것임(제17조제1항제4호 신설).","공성진,김호연,김효재,노철래,유성엽,유정현,이낙연",보건복지위원회
유정현,45,1811508,PRC_X1R1Z0O4A1W5R1B3W3V6L2N3L5E3K8,공무원연금법 일부개정법률안,의결,2011-04-15,2011-06-29,대안폐기,"제안이유
  현재 잘못 지급된 급여 등에 대해서는 공단과 지방자치단체에서 환수를 하고 있지만 2010년 기준으로 공단의 회수율이 65%에 그치고, 환수되지 못한 금액이 총 356억원에 달하고 있으므로 급여환수 실적 제고 및 공단업무의 효율성 향상을 위한 대책마련이 필요할 것임.
  또한, 급여에 있어서 공무원이거나 공무원이었던 자가 사망한 경우에 이 법에 따른 유족(법 제3조제1항제3호, 제3조제2항)이 없는 경우에는 일정금액을 유족이 아닌 직계비속에게 지급하고 유족이 아닌 직계비속도 없는 경우에는 연금취급기관장에게 지급하여 사망한 공무원의 기념비 등을 마련하는 데 사용하도록 하고 있는데, 이것은 재직기간 동안 본인이 기여한 것을 고려한 특례이므로 유족이 없는 경우에 급여를 받을 수 있는 친족의 범위를 확대할 필요가 있을 것임.
  이에 공단 및 지방자치단체는 급여의 환수업무를 전문기관에 위탁할 수 있게 하여 급여환수 업무의 효율성을 높이는 한편, 공무원이거나 공무원이었던 자가 사망하였을 때에 유족이 없는 경우 일정 급여를 받을 수 있는 친족의 범위를 확대하여 개인의 재산권 보장은 물론 유족의 생활안정에 기여하려는 것임.
주요내용
  가. 공단 및 지방자치단체는 급여의 환수에 관한 업무를 채권추심업의 업무를 하는 신용정보회사에 위탁할 수 있게 하도록 함(안 제21조제3항 신설).
  나. 공무원이거나 공무원이었던 자가 사망하였을 때에 이 법에 따른 유족이 없는 경우 일정 금액을 지급받을 수 있는 친족의 범위에 유족이 아닌 직계존속(친ㆍ외 조부모)도 포함시키도록 함(안 제30조).","김광림,김소남,김태원,노철래,배영식,유정현,이애주",행정안전위원회
유정현,45,1811244,PRC_H1U1O0Q3Y2G1J1W8Q4Z3U0H4P3N9M1,공직선거법 일부개정법률안,계류,2011-03-21,"","","■ 제안이유 및 주요내용 
  내년 총선부터 사상 처음으로 재외국민이 공직선거에 참여할 예정이나, 현행법 상 공관이 있는 국가에만 투표소를 설치할 수 있어 공관이 없는 국가의 재외동포는 실질적으로 투표권의 행사에 제약을 받고 있음.
  특히, 공관이 없는 국가에 파병된 군인의 경우 국외부재자 신고는 우편으로 가능하지만, 투표에 있어서는 거소투표에 대한 규정이 마련되어 있지 않아 투표에 참여하기가 현실적으로 어려운 실정임.
  따라서 공관이 없는 국가에 파병된 군인의 경우에는 국내의 거소투표자와 동일하게 거소에서 투표가 가능하도록 규정을 보완하려는 것임(안 제218조의9제2항 및 제218조의16제2항).","고흥길,박보환,배영식,심대평,원유철,유정현,이인기",정치개혁특별위원회
유정현,45,1811011,PRC_Q1P1O0L3G0D7A1B6M0H7J2U2H9N8K5,지방세기본법 일부개정법률안,의결,2011-03-07,2011-12-30,대안폐기,"■ 제안이유 및 주요내용 
  현행 법률은 지방자치단체의 주민이 과오납하거나 초과납부한 지방세가 있는 경우 이를 지방세환급금으로 결정하여 지체없이 통보하고 환급하도록 하고 있음. 그러나 환급금액이 소액인 경우가 많기 때문에 주민들에게 원활하게 환급이 이루어지지 못하는 문제가 발생하고 있음. 
  따라서 미환급된 지방세환급금을 향후 납부하여야 할 지방세에 충당하도록 하여 국민의 재산권 보장을 강화하고자 하는 것임(안 제76조제5항 및 제77조제2항 신설).","김성동,김성수,김소남,김정권,김태원,김효재,배영식",행정안전위원회
유정현,45,1811010,PRC_T1H1H0E3S0N7N1T6Z0Z6B1U7A8Z0Y9,국세기본법 일부개정법률안,계류,2011-03-07,"","","■ 제안이유 및 주요내용 
  현행 법률은 납세자가 과오납하거나 초과납부한 국세가 있는 경우 이를 국세환급금으로 결정하여 지체없이 통보하고 환급하도록 하고 있음. 그러나 환급금액이 소액인 경우가 많기 때문에 납세자들에게 원활하게 환급이 이루어지지 못하는 문제가 발생하고 있음.
  따라서 미환급된 국세환급금을 향후 납부하여야 할 국세에 충당하도록 하여 국민의 재산권 보장을 강화하려는 것임(안 제51조제7항 및 제52조제2항 신설).","김성동,김성수,김소남,김정권,김태원,김효재,배영식",기획재정위원회
유정현,45,1810784,PRC_E1X1H0G2D1P1P1E0A5V7F5E4T7Z0P3,사회기반시설에 대한 민간투자법 일부개정법률안,의결,2011-02-11,2011-06-29,대안폐기,"제안이유 및 주요내용
   현재 「자전거이용 활성화에 관한 법률」에 따라 자전거이용의 활성화를 위한 다양한 정책이 실행되고 있으나 각 지방자치단체에서는 예산상의 애로로 자전거이용시설 설치가 미미한 상황임.
   이에 자전거이용자의 안전과 편의를 도모하고, 자전거이용의 활성화를 위해서 자전거도로뿐만 아니라 자전거이용시설 전체를 사회기반시설에 포함하도록 하고, 시행령에 규정된 장애인 복지시설 및 신·재생에너지설비를 법률에서 규정하고자 함(안 제2조제1호).","김성수,김소남,김용구,김정권,김태원,노철래,유정현",기획재정위원회
유정현,45,1810783,PRC_H1I1Y0G2A1Y1T1X0J5X6D1U7L0B1G7,기부금품의 모집 및 사용에 관한 법률 일부개정법률안,계류,2011-02-11,"","","제안이유 및 주요내용
  취약계층에 대한 배려와 지원을 확대하기 위해서는 현재 국제구호, 재난구휼, 자선사업 등 일부분야에 한해서만 허용되는 기부금품의 모집분야를 확대할 필요가 있을 것임. 이에 기부금품을 모집할 수 있는 분야를 영리·정치·종교 활동을 위한 목적을 제외한 모든 분야로 확대하는 한편, 이에 따른 기부금품의 모집 및 사용의 투명성 확보를 위하여 기부금품의 모집상황 및 사용에 관한 사항을 정기적으로 공개하도록 하려는 것임(안 제4조제2항 및 제14조제2항).","김성동,김성수,김소남,김용구,김정권,김태원,노철래",행정안전위원회
유정현,45,1810330,PRC_J1X0F1Z2D1R6Y1T5U1H4L5B4A1A1U0,지방세기본법 일부개정법률안,의결,2010-12-16,2011-12-30,대안폐기,"제안이유
  저소득 소외계층 국민의 생존권 보장 등을 위해 지원하는 생계보조금 등이 「국민기초생활 보장법」 등에서는 수급권에 대한 권리를 압류할 수 없도록 규정하고 있음.
  그러나 보조금 등이 은행계좌로 입금되면 금융채권이 되어 압류처분이 가능하게 됨에 따라 국가, 지방자치단체, 국민연금공단 등 공공기관은 체납금, 연체금 등의 회수를 위해 보조금이 입금된 금융채권을 압류 및 추심하여 실제 저소득 소외계층 국민의 생계지원이라는 법의 취지를 살리지 못하고 있음.
  이에 체납자의 금융재산을 압류한 경우 법률에 따라 국가 등의 보조금이 입금된 금융재산에 대하여는 즉시 압류를 해제하도록 하여 저소득 소외계층의 생계지원이 실질적으로 이루어지도록 하려는 것임.
주요내용
  「국민기초생활 보장법」에 따른 급여 등 법률에 따라 압류가 금지된 급여금품이 금융재산으로 되어 압류되는 경우 즉시 압류를 해제할 수 있도록 압류해제요건에 추가함(안 제92조제2항제5호 신설).","김성수,김소남,김용구,김태원,노철래,박순자,신지호",행정안전위원회
유정현,45,1810329,PRC_Y1D0Q1Y2C1P6X1L5A1C1D5A2N3Y5H8,국세징수법 일부개정법률안,계류,2010-12-16,"","","제안이유
  저소득 소외계층 국민의 생존권 보장 등을 위해 지원하는 생계보조금 등이 「국민기초생활 보장법」 등에서는 수급권에 대한 권리를 압류할 수 없도록 규정하고 있음.
  그러나 보조금 등이 은행계좌로 입금되면 금융채권이 되어 압류처분이 가능하게 됨에 따라 국가, 지방자치단체, 국민연금공단 등 공공기관은 체납금, 연체금 등의 회수를 위해 보조금이 입금된 금융채권을 압류 및 추심하여 실제 저소득 소외계층 국민의 생계지원이라는 법의 취지를 살리지 못하고 있음.
  이에 체납자의 금융재산을 압류한 경우 법률에 따라 국가 등의 보조금이 입금된 금융재산에 대하여는 즉시 압류를 해제하도록 하여 저소득 소외계층의 생계지원이 실질적으로 이루어지도록 하려는 것임.
주요내용
  「국민기초생활 보장법」에 따른 급여 등 법률에 따라 압류가 금지된 급여금품이 금융재산으로 되어 압류되는 경우 즉시 압류를 해제할 수 있도록 압류해제요건에 추가함(안 제53조제2항제5호 신설).","김성수,김소남,김용구,김태원,노철래,박순자,신지호",기획재정위원회
유정현,45,1809768,PRC_O1B0R1F1H0F2K1V6N5L4R4T7X4K3X4,지방재정법 일부개정법률안,의결,2010-11-02,2011-02-18,대안폐기,"제안이유
  지방자치단체의 낭비성 예산집행에 따른 재정부실에 대한 우려가 계속되고 있는 상황임에도 불구하고 건전재정운영, 예산낭비 방지 등을 위한 주민감시기능이 미흡한 실정임.
  이에 각 지방자치단체 예산의 불법지출 및 낭비에 대해 해당 자치단체 주민들이 감시？통제할 수 있도록 예산？기금의 불법지출ㆍ낭비에 대한 주민감시 및 예산성과금 지급의 근거 규정을 마련하려는 것임.
주요내용
  가. 지방자치단체의 예산을 집행하는 자가 법령을 위반하여 예산을 집행함으로써 지방자치단체에 손해를 가하였음이 명백한 때에는 누구든지 불법 지출에 대한 증거를 제출하고 시정을 요구할 수 있도록 하고, 시정요구에 대한 처리결과에 따라 수입이 증대하거나 지출이 절약된 때에는 예산성과금을 지급할 수 있도록 함(안 제48조의2 제1항 및 제4항 신설).
  나. 지방자치단체의 예산절약 또는 수입증대와 관련된 의견이 있는 자는 지방자치단체의 장 또는 기금관리주체에게 그 의견을 제안할 수 있도록 함(안 제48조의2 제2항 신설).
  다. 시정요구 또는 제안을 받은 지방자치단체의 장 또는 기금관리주체는 그 처리결과를 행정안전부장관에게 제출하고 시정요구 또는 제안을 한 자에게 통지하도록 함(안 제48조의2 제3항 신설).","고흥길,공성진,김용구,박순자,배영식,신지호,유정현",행정안전위원회
유정현,45,1809639,PRC_Q1Y0P1B0E2J2V1P5Q5H0G0M7Y9P6G5,책임운영기관의 설치·운영에 관한 법률 일부개정법률안,의결,2010-10-22,2011-02-18,대안폐기,"제안이유 및 주요내용
  책임운영기관에 대한 종합평가 결과 그 결과가 우수한 책임운영기관에 대하여는 포상금을 지급하고 있는데 최근의 종합평가 결과에 따른 포상금의 지급현황을 보면 특정기관이 연속적으로 포상을 받는 경향이 있어 다른 기관의 성과 개선 의지를 저하시킬 우려가 있음.
  따라서 종합평가를 하려는 시점부터 과거 2회 연속 우수기관으로 평가되고 현재 운영이 우수하다고 인정되는 책임운영기관에 대하여는 종합평가를 면제할 수 있게 하여 평가준비로 인한 행정적 낭비를 줄이고 다른 기관에게도 포상금을 받을 수 있는 기회를 줌으로써 사기를 높이는 한편, 종합평가의 결과를 책임운영기관장의 성과연봉 지급기준으로 활용하게 하려는 것임(안 제51조제1항 단서 및 제52조제4항 신설).","김성수,김성회,김용구,김태원,노철래,박대해,유정현",행정안전위원회
유정현,45,1809073,PRC_M1P0F0J8B1G2N1C1U0E1S2H7P1Q3E5,지방재정법 일부개정법률안,의결,2010-08-12,2011-02-18,대안폐기,"제안이유 및 주요내용
  최근 성남시가 지방자치의 역사상 처음으로 지불유예선언을 하는 등 지방자치단체의 재정관리가 악화일로를 걷고 있는 실정임.
  이와 같은 지방자치단체의 재정악화 문제를 해결하기 위한 방안으로 지역 주민들이 예산편성과정에 실질적으로 참여함으로써 선심성·낭비성 사업에 대한 사전적인 제어와 관리를 시행할 수 있도록 하는 제도적 개선이 필요하다고 할 것임.
  따라서 지방예산편성과정에 주민참여절차를 마련하여 주민의 의견을 듣는 것을 강행규정화하고, 지방자치단체의 장이 지방의회에 예산안을 제출할 때 위 절차에 따른 주민의견서를 첨부하도록 함으로써 지방재정운영의 효율성 및 투명성을 제고하려는 것임(안 제39조).","김성수,김성회,김소남,김용구,노철래,박순자,박준선",행정안전위원회
유정현,45,1809072,PRC_D1N0R0U8L1S2D1H1J0Z0M1O8Q5U6L7,지방자치법 일부개정법률안,의결,2010-08-12,2011-06-23,대안폐기,"제안이유 및 주요내용
  최근 성남시가 지불유예를 선언한 이후 지방자치단체의 방만한 재정관리 및 감독체계의 개혁 필요성에 관한 논의가 더욱 강도 높게 제기되고 있으며, 지방자치단체의 재정악화가 심각한 수준에 이르러 이에 대한 대책 마련이 시급한 실정임. 
  따라서 지방의회에서도 국회에서와 마찬가지로 지방자치단체의 장이나 의원 등이 예산상의 조치를 수반하는 의안을 제출할 경우에는 그 의안의 시행에 수반될 것으로 예상되는 비용에 대한 추계서를 제출하도록 하여 의안심사의 효율성을 높이고 지방재정운영의 건전성을 제고하려는 것임(안 제66조의2 신설).","김성수,김성회,김소남,김용구,노철래,박순자,박준선",행정안전위원회
유정현,45,1809024,PRC_M1V0T0C8E0E3Q1O1G0U9Z1N9Y4Q5L7,군인연금법 일부개정법률안,의결,2010-08-03,2011-04-29,대안폐기,"제안이유 및 주요내용
  「군인연금법」 제23조제1항은 공무상 질병 또는 부상으로 폐질상태가 되어 퇴직한 때에 한하여 상이연금을 지급할 수 있도록 규정함으로써, 퇴직 후에 공무상 질병 또는 부상으로 인하여 폐질상태가 된 경우는 상이연금 지급 대상에서 제외하고 있음.
  헌법재판소는 이와 같은 「군인연금법」 제23조제1항은, 군인과 본질적 차이가 없는 일반공무원의 경우에는 퇴직 후에 폐질상태가 확정된 경우에도 「공무원연금법」에서 장해수급권을 인정하고 있음과 비교할 때 군인을 차별하고 있고, 퇴직 이전에 폐질상태가 확정된 군인과 퇴직 이후에 폐질상태가 확정된 군인을 차별하고 있는 것이어서 평등원칙에 위배되어 헌법에 합치되지 아니한다고 결정함.
  이에 동 조항의 위헌 요소를 제거하기 위하여 퇴직 후에 공무상 질병 또는 부상으로 불치병 상태가 된 군인에 대해서도 상이연금을 지급받을 수 있도록 하고(안 제23조제1항), 이 개정규정을 2010년 6월 24일부터 소급하여 적용하도록 하려는 것임(안 부칙 제2조).","김성수,김소남,김용구,김정권,노철래,서종표,신지호",국방위원회
유정현,45,1808647,PRC_F1O0N0G6S2C2Q1O1Z1A5J2P6P7I1S7,공익사업을 위한 토지 등의 취득 및 보상에 관한 법률 일부개정법률안,의결,2010-06-22,2011-09-08,폐기,"제안이유
  용산 참사가 발생된 근본적인 원인은 상가건물의 임대차계약, 임대차 이후의 전대차계약 등에 부수하여 임차인 또는 전차인 등이 지급한 영업시설의 설치비용, 영업기법 등 유형·무형의 재산적 가치에 대한 대가 등 이른 바, 권리금의 문제가 상가 세입자들의 영업보상 과정에서 해결되지 않았기 때문임.
  그러나 용산 사태 이후 현재까지도 재개발지역 뿐만 아니라 공익사업을 실시 중인 여러 지역에서 영업권 보상과 권리금을 둘러싼 세입자와 사업시행자와의 갈등은 끊이지 않고 있음.
  따라서 영업손실에 관한 보상에 실거래에서 관행적으로 이용되고 있는 권리금과 관련된 사항을 추가하여 영업손실을 보다 폭 넓게 보상하도록 하고, 보상액의 산정에 관련된 자료를 관계인들이 열람할 수 있도록 하여 임차인을 보호하려는 것임.
주요내용
  가. 보상액을 결정하는 경우 토지소유자 뿐만 아니라 관계인이 사업시행자에게 보상액 산정에 관한 자료를 열람 신청할 수 있도록 함(안 제68조의2 신설).
  나. 영업손실을 보상하는 경우 영업시설의 설치비용, 영업기법 등 유형·무형의 재산적 가치에 상응하는 대가 등에 해당하는 부분을 보상하도록 함(안 제77조제1항).
  다. 해당 영업을 10년 이상 계속 한 자가 공익사업으로 인한 영업폐지 보상을 받는 경우에는 보증금과 차임 이외에 거래된 금전적 가치등에 해당하는 부분을 보상대상에서 제외함(안 제77조제2항).","권성동,권영세,김선동,김성수,김성조,김성회,김소남",국토해양위원회
유정현,45,1808646,PRC_M1H0S0Y6X2I2E1P1M0B7T2Z0L0F2E7,도시 및 주거환경정비법 일부개정법률안,의결,2010-06-22,2011-12-29,폐기,"제안이유 및 주요내용
  현행법 제79조제3항은 정비사업에 따른 세입자의 주거안정과 재산권보호를 위하여 토지등소유자가 세입자에게 정비사업의 추진단계, 퇴거예정시기, 행위제한 등에 관한 사항을 설명·고지하도록 하고 있으나, 이러한 설명·고지의무를 정비계획의 수립권자인 시장·군수에게도 부과하도록 함으로써 정비구역 내 토지 및 건축물에 대한 정보부족으로 발생하는 사업시행자와 세입자간의 갈등을 예방하려는 것임(안 제4조제6항 신설).","권성동,권영세,김선동,김성수,김성조,김성회,김소남",국토해양위원회
유정현,45,1808337,PRC_I1M0U0J4Z3B0S1M0Y3S0Y4Y5B6U5I5,5·18민주유공자예우에 관한 법률 일부개정법률안,계류,2010-04-30,"","","■ 제안이유 및 주요내용 
  현행 국가유공자 관련 법, 「노인복지법」, 「장애인복지법」에 따라 국가유공자나 65세 이상 노인 또는 장애인 등이 국가·지방자치단체 및 공공기관의 수송시설을 이용할 경우 그 이용료를 면제받거나 할인받을 수 있음.
  그런데 수송시설을 운영하는 공공기관은 이용료를 면제해 주거나 할인해 줌으로써 그 만큼의 비용부담이 늘어 경영이 악화되고 있는 실정임.
  이에 수송시설을 운영하는 공공기관에 손실의 원인을 제공한 국가로 하여금 의무적으로 손실을 보상하게 함으로써 해당 공공기관의 경영 개선에 도움을 주고자 함(안 제58조제1항 후단 신설).","강석호,강성천,권성동,김성수,김성태,김태원,김학용",정무위원회
유정현,45,1808336,PRC_Y1J0P0Y4M3G0U1A0C1X9T2M3I9Q6O0,국가유공자 등 예우 및 지원에 관한 법률 일부개정법률안,계류,2010-04-30,"","","제안이유 및 주요내용
  현행 국가유공자 관련 법, 「노인복지법」, 「장애인복지법」에 따라 국가유공자나 65세 이상 노인 또는 장애인 등이 국가·지방자치단체 및 공공기관의 수송시설을 이용할 경우 그 이용료를 면제받거나 할인받을 수 있음.
  그런데 수송시설을 운영하는 공공기관은 이용료를 면제해주거나 할인해줌으로써 그만큼의 비용부담이 늘어 경영이 악화되고 있는 실정임.
  이에 수송시설을 운영하는 공공기관에 손실의 원인을 제공한 국가로 하여금 의무적으로 손실을 보상하게 함으로써 해당 공공기관의 경영 개선에 도움을 주고자 함(안 제66조제1항 후단 신설).","강석호,강성천,권성동,김성수,김성태,김태원,김학용",정무위원회
유정현,45,1808335,PRC_A1W0M0E4Z3S0D1G0Q1S3R2D0L4T4A5,장애인복지법 일부개정법률안,계류,2010-04-30,"","","제안이유 및 주요내용
  현행 국가유공자 관련 법, 「노인복지법」, 「장애인복지법」에 따라 국가유공자나 65세 이상 노인 또는 장애인 등이 국가·지방자치단체 및 공공기관의 수송시설을 이용할 경우 그 이용료를 면제받거나 할인받을 수 있음.
  그런데 수송시설을 운영하는 공공기관은 이용료를 면제해 주거나 할인해 줌으로써 그 만큼의 비용부담이 늘어 경영이 악화되고 있는 실정임.
  이에 수송시설을 운영하는 공공기관 등에 손실의 원인을 제공한 국가나 지방자치단체로 하여금 의무적으로 손실을 보상하게 함으로써 해당 공공기관 등의 경영 개선에 도움을 주려는 것임(안 제30조제3항 및 제4항 신설).","강석호,강성천,권성동,김성수,김성태,김태원,김학용",보건복지위원회
유정현,45,1808334,PRC_J1W0R0T4L3X0Y1P0E0O8P3F8W2Q2M4,노인복지법 일부개정법률안,계류,2010-04-30,"","","제안이유 및 주요내용
  현행 국가유공자 관련 법, 「노인복지법」, 「장애인복지법」에 따라 국가유공자나 65세 이상 노인 또는 장애인 등이 국가·지방자치단체 및 공공기관의 수송시설을 이용할 경우 그 이용료를 면제받거나 할인받을 수 있음.
  그런데 수송시설을 운영하는 공공기관은 이용료를 면제해 주거나 할인해 줌으로써 그 만큼의 비용부담이 늘어 경영이 악화되고 있는 실정임.
  이에 수송시설을 운영하는 공공기관에 손실의 원인을 제공한 국가나 지방자치단체로 하여금 의무적으로 손실을 보상하게 함으로써 해당 공공기관의 경영 개선에 도움을 주려는 것임(안 제26조의2 신설).","강석호,강성천,권성동,김성수,김성태,김태원,김학용",보건복지위원회
유정현,45,1808333,PRC_L1M0G0T4X3K0P0L9O5L6H5W4K6A3Z0,독립유공자예우에 관한 법률 일부개정법률안,계류,2010-04-30,"","","제안이유 및 주요내용
  현행 국가유공자 관련 법, 「노인복지법」, 「장애인복지법」에 따라 국가유공자나 65세 이상 노인 또는 장애인 등이 국가·지방자치단체 및 공공기관의 수송시설을 이용할 경우 그 이용료를 면제받거나 할인받을 수 있음.
  그런데 수송시설을 운영하는 공공기관은 이용료를 면제해 주거나 할인해 줌으로써 그 만큼의 비용부담이 늘어 경영이 악화되고 있는 실정임.
  이에 수송시설을 운영하는 공공기관에 손실의 원인을 제공한 국가로 하여금 의무적으로 손실을 보상하게 함으로써 해당 공공기관의 경영 개선에 도움을 주고자 함(안 제22조제1항 후단 신설).","강석호,강성천,권성동,김성수,김성태,김태원,김학용",정무위원회
유정현,45,1808332,PRC_J1P0H0H4C3S0U0F9T5C6E0K1R4D1W8,특수임무수행자 지원 및 단체설립에 관한 법률 일부개정법률안,계류,2010-04-30,"","","제안이유 및 주요내용
  현행 국가유공자 관련 법, 「노인복지법」, 「장애인복지법」에 따라 국가유공자나 65세 이상 노인 또는 장애인 등이 국가·지방자치단체 및 공공기관의 수송시설을 이용할 경우 그 이용료를 면제받거나 할인받을 수 있음.
  그런데 수송시설을 운영하는 공공기관은 이용료를 면제해 주거나 할인해 줌으로써 그 만큼의 비용부담이 늘어 경영이 악화되고 있는 실정임.
  이에 수송시설을 운영하는 공공기관에 손실의 원인을 제공한 국가로 하여금 의무적으로 손실을 보상하게 함으로써 해당 공공기관의 경영 개선에 도움을 주고자 함(안 제73조제1항 후단 신설).","강석호,강성천,권성동,김성수,김성태,김태원,김학용",정무위원회
유정현,45,1808207,PRC_H1P0W0H4I2J0I1D4N3K8G0Q7F6Z9Q6,자원봉사활동 기본법 일부개정법률안,계류,2010-04-20,"","","제안이유 및 주요내용
  행정안전부에서는 지역 자원봉사센터 간의 네트워크를 구축하고 이들을 중앙에서 연계할 수 있는 중앙 자원봉사센터를 설치하여 이를 민간에 위탁하여 운영함으로써 자원봉사의 활성화를 꾀하려고 하고 있으나 현행법상 국가가 자원봉사센터의 운영에 필요한 경비를 지원할 수 있는 법적근거가 없어 예산을 편성하는데 어려움이 있는 실정임.
  따라서 국가가 자원봉사센터의 운영에 필요한 경비를 지원할 수 있도록 근거를 규정하는 한편 자원봉사단체에 대한 지원과 관련하여서도 행정적 지원뿐만 아니라 재정적 지원도 할 수 있도록 하려는 것임(안 제18조 및 제19조제3항).","권영진,김성수,김성태,김소남,노철래,박대해,신지호",행정안전위원회
유정현,45,1807836,PRC_W1N0F0C3N1K0Z1U1J0M5Z5Q8C0V2E4,공무원연금법 일부개정법률안,의결,2010-03-10,2011-02-18,대안폐기,"현행 재해부조금과 사망조위금은 공무원의 기여금 없이 국가나 지방자치단체가 전액을 부담하는 부조급여임에도 불구하고 급여를 산정할 때 공무원 개인의 기준소득월액을 기초로 하고 있음.
  이에 공무원이 같은 재해를 당하거나 사망한 경우에도 직위가 높거나 장기간 재직한 공무원이 받는 급여와 직위가 낮거나 단기간 재직한 공무원이 받는 급여의 차이가 매우 큰 실정임. 이는 공직에 대한 기여도 등을 고려하는 것이라 하더라도 그 격차가 너무 커서 공무원 간의 형평성에 맞지 않고 하위직 공무원의 사기를 떨어뜨리는 요인으로 작용할 수 있음.
  따라서 재해부조금 및 사망조위금 산정의 기준을 개인의 기준소득월액에서 공무원 전체의 기준소득월액 평균액으로 변경함으로써 똑같은 재해를 당하거나 사망한 경우에는 같은 금액을 지급받도록 하려는 것임(안 제27조·제41조제1항 및 제41조의2제3항).","김성수,김성태,김소남,노철래,서종표,신지호,원유철",행정안전위원회
유정현,45,1806419,PRC_D0Y9N1H1S0D2X1J5G0O5F5L1I7B2Z2,승강기시설 안전관리법 일부개정법률안,의결,2009-11-02,2011-12-30,대안폐기,"◎ 제안이유
  현행법에 행정안전부장관은 승강기 안전 관련 정보를 종합관리 하도록 규정하고 있으나, 그 관리하여야 하는 정보의 종류 및 절차 등이 명확하게 규정되어 있지 않음.
  한편 승강기 관리주체는 승강기 운행에 대한 지식이 풍부한 자를 운행관리자로 선임하도록 하고 있지만 운행관리자를 선임하였을 경우 기한 내의 통보절차가 미비하고, 선임된 운행관리자나 직접 관리하는 승강기 관리주체는 승강기관리교육을 받도록 하고 있으나 교육을 받아야 하는 기한 등에 관한 명시적인 규정이 없음.
  따라서 ‘승강기 안전 관련 정보의 종합관리’라는 다소 추상적인 조문명을 ‘승강기종합정보망의 운영’으로 구체화하고, 종합정보망에서 관리해야 할 정보의 종류와 구축방법 등을 보다 명확히 하는 한편, 운행관리자를 선임하였을 경우 통보를 해야 하는 기한과 교육을 받아야 하는 기한을 구체화 하려는 것임.
◎ 주요내용
  가. 행정안전부장관은 승강기종합정보망을 구축하여 운영하도록 하고, 승강기 운행관리자의 이중등록 및 무자격자의 운행관리자 지정 등을 방지하기 위하여 운행관리자 정보의 체계적 관리 및 등록·변경사항을 즉시에 파악할 수 있도록 승강기종합정보망 운영에 운행관리자 항목을 포함하도록 함(안 제10조의3).
  나. 승강기의 안전한 관리를 위하여 승강기 관리주체가 운행관리자를 선임하거나 직접 관리, 또는 변경된 때에는 3개월 이내에 관리원의 장에게 통보하도록 하고, 3개월 이내에 승강기 관리교육을 받도록 하며, 이를 위반 시에는 과태료를 부과함(안 제16조의2제2항 및 제4항).","강석호,김성태,김소남,김유정,김태원,노철래,박민식",행정안전위원회
유정현,45,1806102,PRC_Y0K9U0D9P2X3G1H2X4N1K0F7X0K3R7,녹색어머니회 운영 및 지원에 관한 법률안,계류,2009-09-23,"","","제안이유
  녹색어머니회는 등하교 시 통학로에서 어린이의 안전을 위하여 교통지도 활동을 하거나 안전교육을 실시하는 민간자원봉사단체로서 지난 40년간 자원봉사 활동을 통해 어린이 교통안전 확보에 많은 기여를 해 왔음.
  그러나 녹색어머니회에 대한 행정적ㆍ재정적 지원이나 체계적인 관리가 거의 되고 있지 않아 어린이 등하교 지도 시 필요한 장비 등을 자비로 구입하여야 하는 등의 경제적 부담이 있고, 법규 위반 차량의 계도 업무 수행 중 폭언을 당하거나 교통사고 등 안전의 위협이 있음에도 보험 가입이 제대로 이루어지지 않는 등 열악한 환경에서 활동하고 있는 실정임.
  따라서 녹색어머니회의 자발적인 교통안전 봉사활동을 안정적으로 보장하고 녹색어머니회를 보다 활성화하기 위하여 그 설립, 운영 및 지원에 관한 사항을 법으로 제정하려는 것임.
주요내용
  가. 녹색어머니회는 경찰서 단위로 1개의 조직을 설립ㆍ운영할 수 있으며, 경찰서 관할 구역 내의 초등학교 단위로 구성된 녹색어머니회 지회를 둘 수 있도록 함(안 제3조제1항).
  나. 녹색어머니회 회원의 자격요건은 초등학교에 재학 중인 자녀를 두고 자녀가 재학 중인 학교 주변지역에서 교통안전 봉사활동을 하고자 하는 사람이나 녹색어머니회 회원으로 1년 이상 활동하고 자녀가 초등학교를 졸업한 사람 중 활동을 원하는 사람으로 함(안 제5조제1항 및 제2항).
  다. 녹색어머니회 활동은 유치원 및 초등학교 등하교 시간대 어린이 안전보행 지도 및 교통질서 확립, 어린이보호구역 안에서의 교통법규 준수와 안전을 위한 지도계몽 활동 및 법규 위반 차량 고발 등으로 함(안 제10조).
  라. 경찰청장, 지방경찰청장 또는 경찰서장은 녹색어머니회 회원이 법규 위반 차량을 고발한 경우 조사 등 필요한 조치를 우선적으로 하도록 함(안 제11조).
  마. 녹색어머니회의 건전한 발전과 녹색어머니회 간의 정보 교류 및 상호 협조 증진을 위하여 전국 단위의 녹색어머니회중앙회 및 특별시ㆍ광역시 및 도에 녹색어머니연합회를 설립할 수 있도록 함(안 제13조제1항).
  바. 관할 경찰서장은 녹색어머니회 회원에 대하여 녹색어머니회 활동에 필요한 교육을 실시하도록 함(안 제14조).
  사. 국가는 녹색어머니회가 활동 중 발생할 수 있는 사고의 위험 등으로부터 녹색어머니회 회원을 보호하기 위하여 보험에 가입하는 때에는 이를 지원하도록 함(안 제15조).
  아. 지방경찰청장 또는 경찰서장은 녹색어머니회활동에 뚜렷한 공로가 있는 녹색어머니회 회원에 대하여 정기적으로 포상할 수 있도록 함(안 제16조)
  자. 국가와 지방자치단체는 녹색어머니회와 녹색어머니회중앙회 및 녹색어머니회연합회의 운영 및 복장의 구입 등에 필요한 경비의 일부를 지원하거나 그 활동에 필요한 행정적 지원을 하도록 함(안 제17조).","강승규,강용석,고승덕,권경석,김소남,김태원,박대해",행정안전위원회
유정현,45,1805863,PRC_T0E9E0R9M0I3T1H6W5S1F0Y0A8V5B3,도로법 일부개정법률안,의결,2009-09-03,2011-12-29,폐기,"제안이유 및 주요내용
  현행법에 따르면 도로 관리청은 도로훼손 원인을 제공한 자에게 도로 보수 등을 위해 필요한 비용을 부담시킬 수 있음.
  그러나 현행법에는 부담금의 산정기준 등에 관한 구체적인 규정이 없어 도로 관리청인 지방자치단체가 각종 개발행위로 인한 도로훼손 복구비용을 사실상 부담하고 있는 실정임.
  이에 부담금의 산정기준 및 징수에 관한 사항을 대통령령에 위임하는 규정을 신설함으로써, 대통령령으로 정하는 기준에 따라 원인자에게 비용을 부담시켜 「도로법」상의 부담금제도가 제대로 시행되도록 하려는 것임(안 제76조제2항 신설).","나성린,노철래,박상돈,신상진,신영수,안홍준,유성엽",국토해양위원회
유정현,45,1805862,PRC_L0N9M0F9C0D3Z1O6W4K5N1N2S4P5G5,어린이놀이시설 안전관리법 일부개정법률안,의결,2009-09-03,2009-09-08,철회,"제안이유
  많은 부모님들이 아이들의 정신적·육체적 능력을 발달시키고 사회적인 행동을 길러주게 하기 위해서 놀이터를 이용하고 있으므로 어린이놀이시설은 안전사고를 미연에 방지할 수 있도록 충분히 안전해야 할 것임.
  그러나 많은 어린이놀이시설의 바닥에는 모래 대신 폐타이어 등을 재활용해서 만든 고무매트가 깔려 있어 어린이의 안전사고를 충분히 방지하기 어렵고, 어린이놀이시설에서 각종 기생충 및 세균류가 발견되는 사례가 있으므로 어린이놀이시설의 바닥에 모래를 까는 사항과 위생소독에 관한 규정을 신설하여 어린이들이 안전하게 놀이시설을 이용할 수 있게 하려는 것임.
주요내용
  가. 옥외에 어린이놀이시설을 설치하려는 자는 바닥에 모래를 깔도록 함(안 제11조).
  나. 어린이놀이시설의 관리주체는 어린이가 질병에 감염되지 않도록 행정안전부령으로 정하는 바에 따라 어린이놀이시설을 소독하는 등 필요한 조치를 하도록 하고, 이를 위반하는 경우에는 500만원 이하의 과태료를 부과하도록 함(안 제14조제2항 및 제31조제1항제1호의2 신설).","나성린,노철래,박상돈,신상진,안홍준,유성엽,유정현",행정안전위원회
유정현,45,1805450,PRC_D0C9X0N7Q1D3F1D7O0M7Q0A9M0T8M1,복권 및 복권기금법 일부개정법률안,의결,2009-07-13,2011-03-11,대안폐기,"제안이유
  현재 복권사업자는 복권의 발행ㆍ관리 및 판매에 관한 서류ㆍ장부 등을 5년 이상 보존하도록 되어 있어 그 보존기간에 대한 해석에 혼선의 여지가 있기 때문에 보존기간을 명확히 하고, 복권당첨자를 식별할 수 있는 자료가 장기간 보존되는 과정에서 당첨자의 개인정보가 유출될 우려가 있으므로 이를 시정ㆍ보완하려는 것임.
주요내용
  복권사업자는 복권의 발행ㆍ관리 및 판매에 관한 서류ㆍ장부 등을 5년간 보존하도록 하고, 대통령령으로 정하는 당첨자의 개인정보에 관한 사항은 3년간 보존하도록 함(안 제33조).","고승덕,김성수,김성식,김성조,김성태,신상진,안효대",기획재정위원회
유정현,45,1805298,PRC_R0I9W0U6A2Z6E1P4D1B9I2P6H4Z9E2,도로교통법 일부개정법률안,의결,2009-06-26,2010-06-29,대안폐기,"제안이유
  현행법상 교통사고의 위험으로부터 노인을 보호하기 위하여 노인보호구역을 지정·관리하도록 하고 있으나 노인회관이나 양로원 등 노인복지시설 주변만을 그 대상구역으로 하고 있고, 실제로 노인들이 많이 이용하는 공원이나 게이트볼장 등의 체육시설 주변이 제외되어 있음.
  또한 노인보호구역을 지정하고 관리하는 비용이 한 구역당 많게는 2억원까지 소요되고 있어 재정이 열악한 지방자치단체에서는 자체 예산을 마련하기 힘들어 노인보호구역을 운용하기가 어려운 실정임.
  따라서 노인보호구역의 지정 대상을 확대하고, 국가에서 노인보호구역의 지정 및 관리에 필요한 비용을 지원할 수 있는 근거를 마련하여 노인보호구역을 활성화하려는 것임.
주요내용
  가. 노인보호구역의 지정 대상에 노인이 주로 이용하는 공원이나 생활체육시설을 추가함(안 제12조의2제1항제2호 및 제3호 신설).
  나. 국가는 어린이보호구역 및 노인보호구역의 지정 및 관리에 필요한 비용의 전부 또는 일부를 보조할 수 있도록 함(안 제12조의3 신설).","강석호,고승덕,권영진,김성태,김성회,나성린,노철래",행정안전위원회
유정현,45,1804375,PRC_Y0B9T0C4Q0E1T1P8A3D5Q3Z7X0T4Y8,지방세법 일부개정법률안,의결,2009-04-01,2010-05-19,대안폐기,"제안이유 
  징수교부금은 시도세를 시군구에서 징수하는데 소요된 행정비용에 대한 보상성격임에도 시도세 징수금의 3%를 일률적으로 지급함에 따라 시군구간 세수불균형은 물론 지역 갈등을 조장하고 있어 
  도세 징수교부금의 교부기준을 징수금액 및 징수건수 등을 감안하여 지역실정에 맞게 시도 조례로 정할 수 있도록 지방세법에 위임근거 규정을 신설하려는 것임.
주요내용
  도세징수의 비용은 시·군의 부담으로 하고 대통령령이 정하는 교부율과 교부기준에 따라 도 조례가 정하는 바에 의하여 그 처리비로 시·군에 징수교부금을 교부하여야 함(안 제53조).","권경석,권영진,권택기,김동성,김성수,김성식,김용태",행정안전위원회
유정현,45,1804323,PRC_I0I9N0N3K3P1F1V1Z4O5F0J9N0G4R5,초고층 및 지하연계 복합건축물 재난관리에 관한 특별법안,의결,2009-03-31,2011-02-18,수정가결,"제안이유
  전 세계적으로 급속하게 증가하는 인구를 수용하기 위해 건축물이 고층화·다양화·복합화를 가져왔으며, 국토면적이 제한된 우리나라의 경우도 초고층건축물을 비롯한 지하연계 복합건축물이 필연적으로 증가할 수밖에 없는 실정임.
  거대하고 복잡한 건축물의 구조를 가진 초고층 및 지하연계 복합건축물은 그 자체 의미만으로도 그 지역 문화·환경 속에 차지하는 비중이 지대하나, 수많은 유동인구와 상주인구로 인한 교통, 환경, 안전 등의 많은 문제점이 대두되고 있음.
  그러나 현행 제도에서는 초고층 및 지하연계 복합건축물에 대한 별도의 정의조차도 없으며, 이들 건축물의 안전관리를 각 개별법으로 관리하고 있어 개별법 틈새에 따른 안전사각지대가 발생하는 등 통합적 재난관리시스템 부재로 화재, 폭발, 테러 등 각종 재난발생 시 대규모 재난으로 확산될 우려가 매우 큼.
  특히, 이들 건축물의 경우 재난관리가 각 시설물에 따라 별도의 관리주체별로 관리되는 경우가 많아 재난이 발생할 경우, 해당 건축물은 물론 주변지역까지 광범위한 재난에 노출될 수밖에 없음.
  이러한 문제를 해결하기 위해서는 설계단계에서부터 재난영향성을 검토하고, 관리주체의 일상적인 재난관리 운영계획 수립 및 시행, 이용자에 대한 재난예방 교육·홍보·훈련과 이에 필요한 인적, 물적, 장비 구축 등의 종합적인 재난방재시스템을 구축하는 제도가 절실히 필요함.
  따라서, 재난관리 강화를 주요내용으로 하는 재난예방 및 피해경감을 위한 개선대책을 마련하여, 초고층 및 지하연계 복합건축물과 그 주변지역 재난관리의 효율성을 도모하고, 종합적인 재난관리체계 구축 및 대응체계 강화를 위한 법적 근거를 마련하려는 것임.
주요내용
  가. 이 법은 초고층 및 지하연계 복합건축물과 그 주변지역의 재난관리를 위해 재난의 예방·대비·대응 및 지원 등에 필요한 사항을 정하여 재난관리체제를 확립함으로써 국민의 생명, 신체, 재산을 보호하고 공공의 안전에 이바지함을 목적으로 함(안 제1조).
  나. 초고층 등 건축물 인·허가 전에 시·도 재난안전대책본부장은 화재, 폭발, 테러 등 각종 재난에 대한 사전재난영향성을 검토·협의 하여야 함(안 제6조).
  다. 관리주체는 초고층 등 건축물에 대한 효율적인 재난관리를 위해 재난예방 및 피해경감대책을 수립·시행하여야 함(안 제9조).
  라. 관계지역 안에 초고층 등 건축물의 관리주체가 2이상인 경우 재난 및 안전관리협의회를 구성·운영하여야 하며, 관리자 주도의 통합안전점검 시행을 요청할 수 있음(안 제11조 및 제12조).
  마. 시설물 관리자 및 종사자에 대한 재난관리 교육·훈련 및 홍보를 주기적으로 실시하여야 함(안 제13조 및 제14조).
  바. 총괄재난관리자 지정 및 관계지역 안의 재난관리 업무 협의·조정을 위해 대표총괄관리자를 선임 하여야 함(안 제15조).
  사. 통합적 재난관리를 위하여 종합방재실의 설치·운영 및 재난관리종합시스템을 구축하고, 유해·위험물질에 대한 관리시스템을 정비하여야 함(안 제16조 및 제17조, 제19조).
  아. 재난발생 시 안전하게 대피할 수 있는 피난안전구역을 설치하여야 하고, 재난관련 시설·설비 등을 강화하여 적용할 수 있음(제18조 및 제20조).
  자. 시·군·구본부장은 재난발생 시 피해를 줄이기 위하여 재난 대응 및 지원체계를 구축·운영하여야 함(안 제22조).
  차. 관리자는 재난에 관한 정보를 관계지역에 신속하게 전파·공유하고, 재난발생 시 신속한 대피를 할 수 있도록 피난을 유도하여야 함(안 제24조 및 제25조).
  카. 국가 및 지방자치단체는 초고층 등 건축물의 재난예방 및 피해경감에 대한 조사, 연구 및 기술개발을 하여야 함(안 제29조).","고승덕,권선택,김무성,김성태,김소남,김정훈,김태원",행정안전위원회
유정현,45,1803171,PRC_Y0Q8E1X2A2L3N1S7T1O6L5B6Q1V7B0,국가공무원법 일부개정법률안,의결,2008-12-23,2009-01-13,대안폐기,"제안이유
  종교는 정신적 영역 등에서 정부가 할 수 없는 역할을 담당하는 등 국가사회발전에 도움이 되는 긍정적 분야임. 그러나 최근 일부 공직자들과 관련한 종교편향 논란에서 볼 수 있듯이 공직자들의 직무수행 시 차별적 행위 사례가 반복될 경우 자칫 위와 같은 종교의 긍정적 역할이 축소되고 비생산적인 법리논쟁과 종교간 대립상황을 초래할 가능성이 있음.
  이에 공무원의 복무조항에 종교중립의 의무를 신설함으로써 헌법이 보장하는 종교의 자유와 평등권 침해를 예방하고 정교분리의 원칙에 따른 정부와 종교의 바람직한 역할구분 및 협력관계를 재정립하여 국가발전과 국민화합에 기여하고자 함.
주요내용
  가. 공무원은 종교에 따른 차별없이 직무를 수행하여야 함(안 제59조의2제1항 신설).
  나. 소속 상관이 종교와 관련하여 중립적인 직무수행을 저해하는 지시를 한 경우 이에 따르지 않을 수 있도록 함(안 제59조의2제2항 신설).","권경석,김성조,김소남,김태원,신지호,안경률,원유철",행정안전위원회
유정현,45,1802286,PRC_F0O8Z1X1B2H7V1U3O0J8T1D9Z0K9U7,도로교통법 일부개정법률안,의결,2008-11-27,2009-12-07,대안폐기,"제안이유
  그 동안 우리나라의 도로교통정책은 산업화정책을 뒷받침하기 위해 자동차 위주로 발전해 왔으나, 그 부작용으로 극심한 도심 교통정체, 환경오염 등의 부작용이 초래되고 있음.
  한편, 최근 고유가와 건강에 대한 관심 고조로 레저용으로 인식되어 오던 자전거를 통근·통학용으로 활용하는 시민들이 많아지고 있고, 특히 녹색 성장시대를 맞아 도심 교통정체와 환경오염을 해결하기 위한 대체 교통수단으로서 자전거 이용을 활성화할 필요가 있음.
  그러나 국내에서 자전거가 차지하는 교통수송 분담률은 불과 3%로, 일본(25%)·독일(26%)·네덜란드(43%) 등 선진국에 비해 매우 낮고, 특히 최근 자전거 관련 교통사고가 급격히 증가하고 있는 실정인 바, 이는 자전거를 교통주체 또는 교통수단으로 인식하지 못해 자전거가 도로에서 안전하고 편리하게 통행할 수 있는 법적 제도와 안전시설을 갖추지 못한 데서 기인한 것으로 볼 수 있음.
  따라서 자전거의 교통수송 분담률을 선진국 수준으로 높이기 위해서는 관련 법규와 교통시설 등 자전거 이용환경부터 선진화할 필요가 있고, 특히, 자전거의 경우 교통사고에 취약한 만큼 도로 이용편의와 함께 교통안전을 확보할 수 있는 제도와 시설의 정비가 시급함.
  이에 따라 어린이가 자전거를 타는 경우 안전모 착용을 의무화하고, 어린이·노인 등에 한해 자전거를 타고 보도를 통행할 수 있도록 하며, 자전거 특성에 맞게 교차로에서의 좌회전방법이나 앞지르기방법 등 자전거 통행방법의 특례를 규정하여 안전과 편의를 확보하는 한편,
실제 도로상황과 관계없이 차종별 속도에 따라 차별적으로 규정된 차마간의 통행우선순위를 개선하여 자전거 운전자의 통행권을 확보하고, 자동차 운전자에게 자전거 옆을 지날 때 안전거리를 유지하도록 하고, 우회전시 보행자와 자전거에 주의하도록 하는 등 보호장치를 마련함.
  아울러, 법 체계의 일관성 유지 및 벌칙 적용의 형평 등을 위해 「자전거이용 활성화에 관한 법률」상 자전거 통행방법, 벌칙 규정 등을 이 법으로 옮겨 규정하도록 함.
주요내용
  가. 「자전거이용 활성화에 관한 법률」에 규정된 “자전거횡단도”를 교통안전표지에 관해 규정하고 있는 이 법에 규정함과 아울러, “자전거”의 정의를 자전거 등록에 관해 규정하고 있는 「자전거이용 활성화에 관한 법률」에 규정하고 이 법에서 준용하도록 함(안 제2조제11호의2·제18호의2 신설 및 부칙 제3조).
  나. 어린이가 자전거를 타는 경우 안전모를 착용해야 하는 장소를 모든 도로로 확대하고, 자전거에 어린이를 태우고 운행하는 때에도 안전모를 착용하도록 함(안 제11조제3호 및 제50조제4항 신설).
  다. 「자전거이용 활성화에 관한 법률」에 규정된 자전거 통행방법, 자동차등의 자전거도로 통행 금지 및 위반 시 벌칙에 관한 규정을 도로 통행방법의 통일과 법 체계의 유지 및 벌칙 적용의 형평을 기하기 위하여 이 법에 규정하도록 함(안 제13조제6항, 제13조의2제1항·제2항, 제18조제2항, 제19조제2항 신설 및 부칙 제3조).
  라. 교통사고에 취약한 어린이, 노인, 신체장애인은 자전거를 타고 보도를 통행할 수 있도록 하되, 차도 쪽 또는 안전표지로 지정된 곳을 서행하거나 필요시 일시 정지하도록 하는 등 보행자 안전에 유의하도록 함(안 제13조의2제3항 및 제4항 신설).
  마. 차마의 최고속도에 따라 차마 서로간의 통행 우선순위를 정해 후순위 차량에게 일률적으로 진로양보 의무를 부과하던 것을 운전자가 운전상황에 따라 뒤 차량보다 느린 속도로 가고자 하는 경우 진로를 양보하도록 함(제16조제1항 삭제 및 안 제20조).
  바. 속도가 느린 자전거가 앞차의 왼쪽으로 앞지르기를 하는 경우 위험할 수 있어 앞차의 오른쪽으로 앞지르기를 할 수 있도록 하되, 앞차에서 승·하차하는 사람의 안전에 유의하여 서행하도록 함(안 제21조제2항).
  사. 자전거가 교차로에서 중앙선 부근으로 이동하여 좌회전하는 것은 위험할 수 있어 교차로의 우측 가장자리로 붙어 좌회전하도록 하고, 우회전하는 차의 운전자는 신호에 따라 정지해 있거나 진행하는 자전거 또는 보행자 등에 유의하도록 함(안 제25조제1항 및 제3항 신설).
  아. 모든 차의 운전자는 자전거가 자전거횡단도를 통행하고 있는 경우 정지선 앞 일시정지 등 자전거를 보호하도록 함(안 제27조).
  자. 행정안전부령으로 정하는 크기와 구조를 갖추지 않아 교통안전에 위험을 초래할 수 있는 자전거를 운전하는 자를 처벌하도록 함(안 제50조제7항 신설 및 제156조제1호).","강명순,강승규,구본철,권경석,김성수,김소남,김용태",행정안전위원회
유정현,45,1800458,PRC_B0Y8C0Q7Y2W9A1P3E4C2E5C5I0J6L7,대통령기록물 관리에 관한 법률 일부개정법률안,의결,2008-07-29,2009-12-29,대안폐기,"제안이유
  현행법에 의하여 전직 대통령은 자신의 재임 시에 생산한 대통령기록물에 대한 열람권을 보장받고 있으나 열람에 관한 내용·방법·절차 및 대리인의 지정 등이 명확하지 않은 실정임. 이처럼 세부적인 규정이 없다 보니 대통령기록물의 관리에 허점이 노출될 수도 있으므로 예방의 차원에서 이를 법률적으로 마련할 필요가 있음.
  따라서 대통령기록관리위원회에서 전직 대통령의 대통령기록물 열람에 관한 기본정책 및 주요사항을 심의하도록 하고, 전직 대통령이 열람과 관련하여 대리인을 지정할 수 있는 명확한 근거 규정을 두며, 열람의 방법 및 절차에 관하여 그 밖에 필요한 사항은 대통령령에서 규정하도록 하는 등 법 시행 과정에서 나타난 일부 미비 사항을 수정·보완하려는 것임.
주요내용
  가. 대통령기록관리위원회에서 전직 대통령의 열람에 관한 기본정책 및 주요사항을 심의하도록 함(안 제5조제2항제3호의2 신설).
  나. 대통령기록관의 장은 열람에 필요한 편의 제공에 관한 협의 진행상황 및 편의 제공의 내용 등을 문서로 기록하여 별도로 관리하도록 함(안 제18조제1항).
  다. 열람과 관련하여 전직 대통령은 대리인을 지정할 수 있도록 명시하고 아울러 대리인의 요건을 정함(안 제18조제2항 신설).","강성천,고흥길,구본철,김동성,김성조,김정권,김효재",행정안전위원회
유정현,45,1800457,PRC_D0L8W0E7O2H9C1L3N4G0X5A8K2U0B9,전직대통령예우에관한법률 일부개정법률안,의결,2008-07-29,2009-12-29,대안폐기,"제안이유 및 주요내용
  전직 대통령이 재임 시 생산한 대통령기록물에 대한 열람은 「대통령기록물 관리에 관한 법률」에 의해서 보장되고 있으나, 이에 대해 본법에서는 명확한 규정이 없는 상황임.
  전직 대통령의 대통령 기록물에 대한 열람은 그 방식과 절차 등에 상관없이 전직 대통령에 대한 예우의 차원에서 보장된 측면도 있으므로 본법에 전직 대통령의 대통령기록물 열람에 필요한 편의 제공을 전직 대통령에 대한 예우로서 명확히 하려는 것임(안 제6조제3항제2호의2 신설).","강성천,고흥길,구본철,김동성,김성조,김정권,김효재",행정안전위원회
