허원제,30,1814536,PRC_G1L2D0M1F1T2F1E7W3Z6W1G7I6J1W1,경륜·경정법 일부개정법률안,계류,2012-01-12,"","","■ 제안이유 
  경륜·경정 경주에서의 승부조작 등의 부정행위를 방지하고, 경주사업자가 아닌 자의 불법도박 사업 운영과 그 도박에 참여하는 행위를 근절하여 경륜·경정 사업의 안정성과 공정성을 확보하기 위하여 승부조작 등의 행위를 한 자 및 불법경주도박 사업 운영과 그 도박에 참여한 자 등에 대한 처벌을 신설ㆍ강화하는 한편, 경륜경정 공익사업적립금 사용내역을 국회에 보고하도록 하는 등 그 밖에 현행 제도의 운영상 나타난 일부 미비점을 개선ㆍ보완하려는 것임.
■ 주요내용 
-  -가. 경륜경정 공익사업적립금 사용내역을 국회제출 의무화(안 제18조 제3항 신설)
나. 불법 경륜, 경정 도박관련 금지행위 구체화 및 벌칙 신설(안 제24조, 제26조제1호, 제27조제1호ㆍ제2호 및 제28조제1호)
다. 경륜·경정사업 관련 유사 행위를 한 자 등을 신고ㆍ고발한 자에 대한 포상금 지급 근거 마련(안 제25조의2 신설) 
라. 경륜·경정 경주의 승부조작 등 공정성을 해친 경우 등에 대한 벌칙 강화 및 징역과 벌금의 병과 규정 신설(안 제26조제2호, 제27조제3호부터 제8호까지, 제28조제2호 및 제29조)","김을동,박대해,박민식,안형환,이경재,이군현,이진복",문화체육관광방송통신위원회
허원제,30,1813796,PRC_M1L1U1T1N0V9Z1O7Z2D4Y3A4X5K9D6,국제문화교류진흥법안,계류,2011-11-09,"","","제안이유
  1988년 올림픽, 2002년 월드컵 개최에 이어 2018년 평창 동계올림픽 유치 등 국제 규모의 문화·체육 행사 개최를 통해 한국의 국가적 위상이 크게 강화되었음. 또한 과거 일반적 수준의 기술을 요구하는 반복적인 대량생산 경제에서 지적이고 창조적인 사고를  요구하는 지식문화 경제로의 전환에 따라 그 핵심기반으로서의 ‘문화’의 가치가 부상하고 있음.
  특히, 최근 아시아권을 넘어서 프랑스, 영국 등 서구 및 남미 여러 국가에서 한국영화, 드라마와 대중가요(K-pop)의 인기가 급상승하는 등 ‘한류’의 성과와 범위가 크게 확대되고 있음. 또한 국가브랜드 가치 제고 및 국가경제의 신성장동력으로서의 문화의 역할이 부각되면서 정부 관계부처 및 지자체 등의 관심이 고조되고 문화 콘텐츠 관련 산업이 확대되고 있는 실정임.
  그러나, 현행 법 체계상 문화교류·협력에 관한 사항이 문화예술진흥법, 문화산업진흥기본법 등에 단편적으로 분산되어 있어,  기본방향 설정 미흡, 개념의 혼선, 관련부처와 기관간 사업 중복, 상호 역할 분담 및 협력을 위한 조정 부족 등의 문제점이 나타나고 있음. 이에 따라 국제 문화교류 진흥사업의 기본 방향과 계획을 수립하고 진흥사업의 지원 근거를 명확히 하며, 관련부처와 기관간 문화교류 사업을 총괄·조정 및 협력할 수 있는 법적 근거를 마련하기 위하여 ‘국제문화교류 진흥법안“을 제정하고자 함.
주요내용
  가. 동 법안은 국제문화교류를 효율적으로 진흥하기 위한 필요한 사항을 정함으로써, 우리 문화의 다양성과 창의성을 증진하고 세계문화 발전에 기여함을 목적으로 함(안 제1조).
  나. 국제문화교류를 외국의 정부와 국민 등을 대상으로, 문화예술, 문화산업, 관광, 스포츠 등의 분야에서 각 개별 법령에 따라 추진하는 활동으로 정의함(안 제2조).
  다. 국가와 지방자치단체의 문화교류 진흥의 책무, 이를 위한 종합계획 및 시행계획의 수립과 추진, 이에 대한 지원 의무 등을 규정함(안 제4조부터 제6조까지).
  라. 국제문화교류 정책목표와 방향을 설정하고 관련사업의 총괄·조정 및 협력에 관한 사항을 심의하기 위하여 국무총리 산하에 국제문화교류위원회를 설치하도록 함(안 제7조).
  마. 동 법안의 목적 달성과 국제문화교류 관련사업의 효율적 추진을 위하여, 정부는 해외에 한국문화원과 코리아센터 등을 설치, 운영할 수 있도록 함(안 제10조).
  바. 국가와 지방자치단체는 국제 문화교류 행사를 직접 개최하거나 민간의 활동을 지원할 수 있도록 함(안 제12조).","강승규,김선동,김성동,김을동,김재윤,김정훈,김창수",문화체육관광방송통신위원회
허원제,30,1813727,PRC_I1A1H1J1N0I2C1O8Y1B8U1C8W4I8D2,저작권법 일부개정법률안,의결,2011-11-02,2011-11-22,원안가결,"제안이유
  「대한민국과 미합중국 간의 자유무역협정」(이하 “한·미 FTA”라 함)의 국내 이행을 위해 「저작권법」의 일부 개정이 요구됨.
  한·미 FTA의 국내 이행을 위하여 「저작권법 일부개정법률안」(정부 제출, 2008. 10. 10.)이 제출되었으나, 그 이후 저작권법이 네 차례(2009. 3. 25. 법률 제9529호, 2009. 4. 22. 법률 제9625호, 2009. 7. 31. 법률 제9785호, 2011. 6. 30. 법률 제10807호) 개정되어 제출 당시의 저작권법 내용에 많은 변화가 있었으므로 현행 저작권법 체계에 맞추어 조문과 체계 정비가 필요함.
  특히, 「대한민국과 유럽연합 및 그 회원국 간의 자유무역협정」(이하 “한·EU FTA”라 함) 이행을 위하여 개정된 저작권법(2011. 6. 30. 법률 제10807호)에서 한·미 FTA와 한·EU FTA의 온전한 이행을 위해서 저작권 보호기간의 연장 등 양 협정의 공통사항이 이미 반영되었음.
  이에 한·미 FTA의 합의사항에 따라 일시적 저장의 복제 인정, 저작인접권 보호기간의 연장 및 법정손해배상제도의 도입 등 이행에 필요한 관련 규정을 현행 저작권법 체계에 맞게 개정함으로써 저작권자의 권리 보호와 저작물의 공정한 이용을 도모하는 한편, 그 밖에 현행 제도의 운영상 나타난 일부 미비점을 개선ㆍ보완하려는 것임.
주요내용
  가. 디지털 환경에서 저작권자의 권리를 균형되게 보호하기 위하여 일시적 저장을 복제의 범위에 명시하고 이에 대한 예외를 규정함(안 제2조제22호, 제35조의2, 제101조의3제2항 신설).
  나. 저작물의 공정한 이용제도를 도입하여 저작물의 통상적인 이용방법과 충돌하지 아니하고 저작자의 정당한 이익을 부당하게 해치지 아니하는 경우에는 저작재산권자의 허락을 받지 아니하고 저작물을 이용할 수 있도록 하고, 그 판단의 기준을 규정함(안 제35조의3 신설).
  다. 출판권과 프로그램배타적발행권의 경우에만 인정되고 있는 배타적 권리를 모든 저작물등의 발행 및 복제·전송에 설정할 수 있도록 하고, 배타적발행권 설정에서 출판권 설정을 제외하여 배타적발행권과 출판권의 관계를 명확히 함[안 제7절(제57조부터 제62조까지), 제7절의2(제63조, 제63조의2)].
  라. 저작권자의 권리침해를 방지하기 위하여 위조라벨의 유통, 영화상영관등에서 저작재산권자의 허락 없이 영상저작물을 녹화·공중송신하는 행위 및 방송전 신호를 제3자에게 송신하는 행위 등 금지행위를 규정함(안 제104조의5, 제104조의6 및 제104조의7 신설).
  마. 법정손해배상제도를 도입하여 실손해 배상과 법정손해배상 중 하나를 선택적으로 청구할 수 있도록 하고, 법정손해배상 청구 요건으로 사전 등록하도록 함(안 제125조의2 신설).
  바. 저작인접권 보호의 공평성을 회복하고, 관련 국제조약 규정을 충실하게 이행하기 위하여 1987년 7월 1일부터 1994년 6월 30일 사이에 발생한 저작인접권의 보호기간을 발생한 때의 다음 해부터 기산하여 50년간 존속하도록 함(안 부칙 제4조 신설).","김성동,박영아,안형환,원희목,이병석,이철우,전재희",문화체육관광방송통신위원회
허원제,30,1812736,PRC_C1Q1Z0M7Q2M8V0W9T3L5I2U2F8W1D4,국가재정법 일부개정법률안,계류,2011-07-28,"","","제안이유 및 주요내용
  애니메이션은 높은 부가가치를 창출할 수 있는 산업이고, 투자에 비해 위험도가 높은 산업이므로 정부차원에서 애니메이션 산업을 지원·육성할 필요성이 있음.
  이에 애니메이션산업의 지원·육성을 위한 애니메이션발전기금을 설치하여 애니메이션의 질적 수준을 향상시키고 애니메이션산업의 진흥을 촉진하여 국민경제의 발전에 이바지 하려는 것임(안 별표 2 제67호 신설).
참고사항
  이 법률안은 허원제의원이 대표발의한 「애니메이션 진흥법안」(의안번호 제12540호)의 의결을 전제로 하는 것이므로 같은 법률안이 의결되지 아니하거나 수정의결되는 경우에는 이에 맞추어 조정되어야 할 것임.","김성동,김을동,김정훈,나성린,신성범,유정현,이병석",기획재정위원회
허원제,30,1812540,PRC_Y1Y1T0A7X0F1D1E6U0M4V2X6H0I5P9,애니메이션 진흥법안,계류,2011-07-01,"","","제안이유
  황금알을 낳는 거위로 불리우는 애니메이션은 미래산업으로서 무궁무진한 부가가치를 창출할 수 있기 때문에 미국, 일본 등의 선진국은 애니메이션 산업육성에 심혈을 기울이고 있음.
  세계 애니메이션 시장규모는 16조원 규모(2009년)로 매년 4.4%의 성장률을 보이고 있고, 세계 시장점유율은 미국 42.5%, 유럽 26.0%, 일본 18.9%, 중국 2.2%이고 우리나라는 0.3%에 불과한 실정임.
  애니메이션 산업은 전형적인 고위험도(High risk) 상품인 탓에 세계 각국은 정부차원에서 전폭적인 지원과 육성에 나서고 있는 실정임.
  이에 애니메이션에 관한 사항과 애니메이션산업의 지원ㆍ육성에 필요한 사항을 정한 애니메이션 진흥법을 제정함으로써 애니메이션의 질적 향상과 애니메이션산업의 진흥을 촉진하여 국민경제의 발전에 이바지 하려는 것임.    
주요내용
  가. 이 법의 목적을 애니메이션에 관한 사항 및 애니메이션산업의 지원ㆍ육성에 필요한 사항을 정함으로써 애니메이션의 질적 향상과 애니메이션산업의 진흥을 촉진하여 국민의 문화생활 향상과 국민경제의 발전에 이바지하는  것으로 함(안 제1조).
  나. 문화체육관광부장관은 애니메이션문화의 창달과 애니메이션산업의 진흥을 위하여 애니메이션진흥위원회의 의견을 들어 애니메이션진흥기본계획 및 시행계획을 수립ㆍ시행하도록 함(안 제3조).
  다. 애니메이션의 질적 향상을 도모하고 한국애니메이션 및 애니메이션산업의 진흥을 위하여 문화체육관광부 소속으로 애니메이션진흥위원회를 두도록 함(안 제4조).
  라. 애니메이션의 질적 향상과 한국애니메이션 및 애니메이션산업의 진흥ㆍ발전을 위하여 애니메이션발전기금을 설치하도록 함(안 제23조).
  마. 애니메이션업자가 되려는 자는 특별자치도지사ㆍ시장ㆍ군수ㆍ구청장에게 신고하도록 함(안 제27조).
  바. 애니메이션 및 그 관계 문헌 등 애니메이션자료의 수집ㆍ보존ㆍ전시와 애니메이션의 예술적ㆍ역사적ㆍ교육적인 발전을 위하여 문화체육관광부 소속으로 한국애니메이션자료원을 둘 수 있도록 함(안 제30조).
  사. 애니메이션의 창작자 및 애니메이션업자는 상호협동과 자율적인 경제활동을 도모하고 애니메이션산업의 건전한 발전을 위하여 문화체육관광부장관의 인가를 받아 각종 자금대여와 보증 등을 행하는 애니메이션공제조합을 설립할 수 있도록 함(안 제32조).
  아. 위원회 소속으로 1명 이상의 변호사와 애니메이션 산업전문가 3명 이상이 포함된 애니메이션분쟁조정위원회를 두도록 함(안 제46조).
  자. 위원회 소속으로 애니메이션창작자에 대한 법률ㆍ회계 관련 자문 등 무료 서비스를 제공하기 위하여 애니메이션상담센터를 두도록 함(안 제47조).
  차. 문화체육관광부장관은 애니메이션산업의 진흥을 위하여 애니메이션업자 및 애니메이션창작자 등이 집단적으로 입주하여 있거나 입주하고자 하는 지역을 애니메이션진흥단지로 지정하거나 조성할 수 있도록 함(안 제51조).","김성동,김을동,김정훈,나성린,신성범,안경률,안효대",문화체육관광방송통신위원회
허원제,30,1811269,PRC_Y1A1O0Q3R2D3O1E5L4R3D1U0W8A3Q9,도시 및 주거환경정비법 일부개정법률안,의결,2011-03-23,2011-12-30,대안폐기,"제안이유
  정비구역으로 지정된 후 사업의 추진이 부진하더라도 이를 해제하지 않는 경우에는 행위제한으로 인하여 주민의 재산권행사가 제한되고 주거환경의 슬럼화가 가속화되는 문제점이 있어, 정비계획에서 정한 정비사업시행 예정일부터 3년이 경과하였음에도 사업시행인가를 신청하지 않거나, 신청한 내용이 위법 또는 부당하다고 인정되는 때에는 정비구역을 해제할 수 있도록 함으로써, 주민의 자유로운 재산권 행사와 도시관리의 정상화를 도모하려는 것임.
  또한, 국·공유지를 소유한 국가 또는 지방자치단체에게 ‘공공조합원’의 자격을 부여하고, 국가 또는 지방자치단체가 지분에 따라 분양받은 주택과 상가를 세입자의 주거안정을 위하여 활용하도록 하는 한편, ‘공공관리’제도가 도입되면서 정비업자·설계자 및 시공자의 선정기준 및 절차 등을 시·도조례로 정하고 있는 것과 마찬가지로, 감정평가업자·회계감사기관의 선정과 예치금의 산정기준 등을 시·도조례로 정하도록 함으로써, 정비사업에 있어서의 투명성과 합리성을 제고하려는 것임.
주요내용
  가. 정비계획에서 정한 정비사업시행 예정일부터 3년 이내에 사업시행인가를 신청하지 않거나, 신청한 내용이 위법 또는 부당하다고 인정되는 때에는 정비구역을 해제할 수 있도록 함(안 제4조의3  신설).
  나. 국·공유지를 소유한 국가 또는 지방자치단체에게 공공조합원의 자격을 부여하고, 국가 등이 지분에 따라 분양받은 주택과 상가를  세입자의 주거안정을 위하여 활용하도록 함(안 제19조의2 신설).
  다. 감정평가업자·회계감사기관의 선정과 예치금의 산정기준 등을 시·도조례로 정하도록 함(안 제48조제5항 및 제76조제2항·제4항)","김성동,박대해,박민식,박순자,서병수,신영수,원희목",국토해양위원회
허원제,30,1810590,PRC_E1H1S0W1L0F7K1W3J3O1P4W0S8F8J2,관광진흥법 일부개정법률안,계류,2011-01-07,"","","제안이유
  최근 관광수요의 패턴이 도심형 또는 정주형을 선호함에 따라 단지형, 복합형 관광지 개발을 지향하는 추세이나, 현행 법령상 관광단지 내 도입 가능시설이 공공편익, 숙박, 운동·오락 등 장기운영시설로 제한되어 있어, 수익성이 낮고 투자회수기간이 장기화되어 투자유치가 어려워 사업이 난항을 겪고 있음.
  또한, 세계적 휴양리조트와 같은 관광단지의 조성이 불가능하여 관광의 다양화·다변화에 장애 요소가 되고 있는바, 관광지 및 관광단지 내 시설의 다양화와 더불어 사업성을 제고하고, 공동화를 방지하기 위한 주거시설 등의 도입 필요성이 제기되고 있음.
 이에 관광지 및 관광단지에 대한 민간투자의 증진과 관광의 활성화를 위하여 관광지 등에 휴양형 주거시설을 도입할 수 있도록 함.  
주요내용
  가. 관광지 또는 관광단지의 관리·운영 및 기능 활성화에 필요한 지원시설에 주거시설 등을 포함함(안 제2조제10호).
  나. 주거시설을 설치할 수 있는 관광지등은 총 지정면적이 50만 제곱미터 이상인 경우로 한다.(안 제54조제6항 신설)
  다. 주거시설 용지는 당해 개발 면적 중 가용 토지 면적의 10퍼센트 이내(가용토지면적은 도로·공원 등 공공·보전용지의 토지를 제외한 나머지 토지면적), 주택의 종류는 단독 또는 공동주택(4층이하, 아파트제외)으로 주택법에 따른 분양 절차에 따라 공급하도록 함(안제54조제7항 신설).","강용석,김성동,김세연,박대해,박영아,서병수,유기준",문화체육관광방송통신위원회
허원제,30,1809567,PRC_E1J0P1Q0E1N1I1M4R2B6V1W7V7O6F8,문화예술진흥법 일부개정법률안,의결,2010-10-11,2011-04-29,대안폐기,"제안이유 및 주요내용
  문화예술진흥기금 지원사업의 서울 및 수도권 편중지원으로 지역간 문화 불균형이 심화되고 있는 실정임. 이는 문화예술진흥기금의 운영 주체인 한국문화예술위원회의 위원 대다수가 서울 및 수도권 출신 인사로 구성되어 있기에 정책적으로 지방 현실을 반영하기가 어려울 뿐만 아니라 기금 지원사업의 선정에 있어서도 지방 문화예술이 소외를 당하고 있기 때문임. 
  이에 한국문화예술위원회 및 위원추천위원회의 위원을 구성함에 있어 지방 문화예술 인사를 균형 있게 고려하여 구성하도록 함으로써 지역간 문화 불균형을 해소하려는 것임(안 제23조제 1항 및 제2항).","김소남,박대해,박민식,박영아,원희목,유성엽,이경재",문화체육관광방송통신위원회
허원제,30,1809306,PRC_S1A0N0L9E0B9E1K8N0Q6E2L0K7Y0S6,국가재정법 일부개정법률안,계류,2010-09-09,"","","제안이유 및 주요내용
  총액계상사업은 세부적인 편성내역 없이 총액으로만 예산에 계상되어 정부의 자의적인 예산운용이 허용되어, 예산의 낭비 소지가 있으며, 국회의 재정심의 기능을 제한하고 있음.
  이에 총액계상사업의 세부사업시행계획과 세부집행실적의 국회제출시기를 명확히 하고, 국회 예산결산특별위원회뿐만 아니라 소관 상임위원회에도 제출토록 함으로써 국회의 재정심의 기능을 강화하고자 함(안 제37조제4항).","김성태,박영아,원희목,유기준,유재중,이상권,이종혁",기획재정위원회
허원제,30,1809189,PRC_E1R0Y0G8P2O7K1F4B2I5Q5W1K1D1M4,방송통신위원회의 설치 및 운영에 관한 법률 일부개정법률안,계류,2010-08-27,"","","제안이유
  현행법은 방송통신심의위원회가 「방송법」 제100조에 따른 제재조치 등에 대한 사항을 심의·의결하여 제재조치를 정한 때에는 지체 없이 방송통신위원회에 제재조치의 처분을 요청하고, 방송통신위원회는 방송통신심의위원회의 요청에 따라 그 처분을 명령하도록 하고 있음.
  그러나 「방송법」 제100조제1항에 따라 같은 법 제33조의 심의규정을 위반한 방송사업자 등에게 부과할 수 있는 과징금에 대하여는 제재조치와 달리 방송통신심의위원회가 심의·의결하여 방송통신위원회에 그 처분을 요청할 수 있는 명시적인 규정이 없어 동일한 심의규정 위반사항에 대하여 제재 수단을 정할 수 있는 주체가 방송통신위원회와 방송통신심의위원회로 이원화 되어 각각 서로 다른 제재 수단을 정할 수 있는 불합리한 결과가 발생할 수 있음.
  방송통신심의위원회는 방송 및 통신의 내용에 대한 심의 기능의 공공성 및 공정성 보장을 위하여 방송통신위원회로부터 분리하여 설치된 법정 독립기구로 심의 관련 직무의 수행에 필요한 심의규정을 제정·공표하고, 방송의 내용이 심의규정에 위반된다고 판단하는 경우 에는 제재조치 등을 정할 수 있으므로, 이와 동일하게 심의규정 위반에 따른 과징금 부과 결정의 심의·의결 또한 방송통신심의위원회가 수행할 수 있도록 법적 근거를 명시적으로 규정화 할 필요가 있음.
  이에 방송통신심의위원회의 직무에 「방송법」 제100조제1항 및 제3항에 따른 과징금 부과에 대한 심의·의결을 포함하고, 방송통신심의위원회의 과징금 부과 처분 요청에 따라 방송통신위원회가 그 처분을 명령하도록 함으로써 심의규정 위반에 대한 제재 수단을 정할 수 있는 주체를 방송통신심의위원회로 일원화하고, 제재의 실효성을 확보하려는 것임.
주요내용
  가. 방송통신심의위원회의 직무에 「방송법」 제100조에 따른 과징금의 부과에 대한 심의·의결을 포함함(안 제21조제2호).
  나. 방송의 내용이 심의규정에 위반된다고 판단하는 경우에는 방송통신심의위원회가 「방송법」 제100조제1항 및 제3항에 따른 과징금 부과를 정할 수 있도록 하고, 방송통신심의위원회의 과징금 부과 처분 요청에 따라 방송통신위원회가 그 처분을 명령하도록 함(안 제25조).","김성동,김을동,박대해,박민식,박순자,유재중,이경재",문화체육관광방송통신위원회
허원제,30,1808318,PRC_Y1F0M0X4D2O9S1U6U3O1W0Q5W9Q6R2,매장문화재 보호 및 조사에 관한 법률 일부개정법률안,의결,2010-04-29,2011-06-29,대안폐기,"최근 해양탐사 및 해양과학기술의 급속한 발전이 이루어지고 대규모 해양개발 및 국책사업 등이 진행됨에 따라 수중문화재의 조사·발굴에 관한 관심이 고조되고 있지만, 수중문화재와 관련된 전문조직의 부재, 관련기관 간의 협조 미흡, 전문조사기관 및 전문인력의 부족 등으로 인하여 수중문화재의 조사·발굴 및 보존에 어려움을 겪고 있음.
  이에 수중문화재위원회를 설치하여 전문성을 보강하고 유관 행정기관의 협조가 원활히 이루어지도록 하며, 국가가 수중문화재 전문조사기관을 설립하거나 전문인력을 양성하는 것을 지원할 수 있도록 하는 등 수중문화재와 관련한 법적·제도적 근거를 마련함으로써 수중문화재를 효율적으로 보호 및 조사·발굴하려는 것임.  
주요내용
  가. 문화재청장은 수중문화재가 존재하는 것으로 인정되는 수역을 수중문화재 보호수역으로 지정하여 고시할 수 있도록 함(안 제4조제2항 신설).
  나. 수중문화재 보호수역에서는 문화재청장의 보호조치와 국가에 의한 발굴을 제외하고는 누구든지 현상을 변경하거나 출입하는 행위를 하여서는 아니 되도록 함(안 제4조제3항 신설).
  다. 수중문화재의 보호 및 조사·발굴에 관한 사항 등을 심의하기 위하여 문화재청 소속으로 수중문화재위원회를 두도록 함(안 제5조의2 신설).
  라. 국가는 수중문화재의 조사·발굴 및 보존을 위하여 전문조사기관의 설립 및 전문인력의 양성을 지원할 수 있도록 함(안 제25조의2).","박선영,박영아,유기준,유재중,이경재,이군현,이성헌",문화체육관광방송통신위원회
허원제,30,1807824,PRC_G1P0T0B3B0V8K1L6V4V1O3E7D7N7G6,국민체육진흥법 일부개정법률안,계류,2010-03-08,"","","제안이유 및 주요내용
  수상레저스포츠의 발전 및 대중화를 위해서는 저렴한 수상레저기구의 보급이 중요함에도 불구하고 국내 수상레저기구의 개발과 생산이 저조하여 대부분의 기구들을 비싼 가격에 외국에서 수입하여 사용하고 있어 수상레저스포츠가 대중화되지 못하고 있을 뿐만 아니라 외화까지도 유출되고 있는 실정임. 
  이에 국민체육진흥기금의 용도에 「수상레저안전법」 제2조제3호에 따른 수상레저기구의 개발과 생산을 지원하기 위한 사업을 추가하여 수상레저기구산업의 발전을 유도함으로써 수상레저스포츠의 대중화와 국민체육의 진흥에 이바지하려는 것임(안 제22조제1항제10호의2 신설).","김금래,김무성,김세연,원희목,유기준,유재중,이경재",문화체육관광방송통신위원회
허원제,30,1807823,PRC_D1T0G0D3J0T8I1J6Q4W0H1F5I2L4Y6,수상레저안전법 일부개정법률안,의결,2010-03-08,2011-04-29,대안폐기,"제안이유
  현행 법에서 수상레저기구를 대여업을 하거나 교육사업을 하기 위해서는 수상레저사업자로 등록해야 가능하나, 수상레저기구 대여업의 경우 대여업과 직접 관련이 없는 사항을 등록요건으로 규정하는 등 수상레저관련 업종의 특성을 반영하지 않은 일률적인 등록요건으로 사업자에게 과다한 부담을 줌으로써 수상레저산업의 발전을 저해하고 있음.
  이에 수상레저기구 대여업 운영과 관련성이 적은 사항에 대하여는 등록요건을 완화할 수 있도록 하고, 수상레저사업자가 교육사업을 하고자 하는 경우에는 지방자치단체장에게 영업신고만으로도 사업이 가능하도록 함으로써 수상레저산업의 활성화를 도모하고자 함.
  또한 수상레저기구의 발달과 수상레저활동의 공간확대에 따른 운행범위를 확대하고, 요트를 「수상레저안전법」에 따른 등록 대상 동력수상레저기구에 포함하여 보험에 의무적으로 가입할 수 있게 함으로써 요트를 쉽고 안전하게 즐길 수 있는 환경을 조성하여 요트의 대중화에 기여하고자 함.
주요내용
  가. 원거리 수상레저활동의 신고 범위를 10해리로 확대함(안 제19조제1항).
  나. 등록 대상이 되는 동력수상레저기구를 명확히 함(안 제30조제3항 신설). 
  다. 수상레저기구를 빌려주는 사업을 경영하려는 수상레저사업자에게는 국토해양부령으로 정하는 바에 따라 등록요건을 완화할 있도록 함(안 제39조제1항).
  라. 수상레저사업자가 수상레저활동을 하려는 자를 위하여 국토해양부령으로 정하는 수상레저기구로 교육사업을 하고자 하는 경우에는 주소지를 관할하는 시장ㆍ군수ㆍ구청장에게 교육장 신고를 하도록 함(안 제39조의2 신설).","강승규,김금래,김무성,김세연,원희목,유기준,유재중",국토해양위원회
허원제,30,1807750,PRC_R1M0G0E2S2T6Z1P5U3L0V5L0D4C1Y0,1980년 불법강제해직언론인의 명예회복 및 배상 등에 관한 특별법안,계류,2010-02-26,"","","◎ 제안이유
  1980년 신군부에 의해 강압적으로 이루어진 언론인의 강제해직과 언론사 통폐합조치는 언론의 자유를 짓밟고 언론인의 생존권을 박탈한 반민주적 불법행위로서 2010년 1월 7일에 “진실·화해를 위한 과거사정리위원회”에서도 국가가 이를 시정하기 위한 조치를 취하도록 권고결정한 바 있음.
  이에 1980년에 신군부에 의하여 부당하게 해직된 언론인들의 명예회복과 배상조치를 위한 특별법을 제정하여 불법으로 강제해직된 언론인에게 국가가 적절한 배상금을 지급하도록 함으로써 은폐되어온 사실을 바로잡고 국민화합을 도모하려는 것임.   
◎ 주요내용
  가. 이 법의 목적을 국가보위비상대책위원회의 언론계정화계획 및 1980년 언론사 통폐합조치에 따라 해직된 언론인의 명예회복 및 피해구제를 하는 것으로 함(안 제1조).
  나. 해직언론인이란 1980년 5월 17일부터 동년 12월 31일까지의 기간 중 언론사에 임용되어 보도·논평, 그 밖의 방법으로 언론활동에 종사한 자로서 신군부의 내란과정에서 수행된 대언론조치에 의하여 해직된 자를 말하는 것으로 함(안 제2조제1호).
  다. 해직언론인의 배상금 결정 등에 관한 사항을 심의·의결하게 하기 위하여 국무총리 소속으로 1980년해직언론인배상심의위원회를 두도록 함(안 제3조).
  라. 해직언론인 또는 그 유족으로서 배상금 지급 등을 받고자 하는 자는 대통령령으로 정하는 바에 따라 관련증빙서를 첨부하여 위원회에 배상금 지급 등을 신청하고, 위원회는 배상금 지급 등의 신청을 받은 날부터 90일 이내에 그 지급여부와 금액 등을 결정하도록 함(안 제4조).
  마. 국가가 해직언론인에 대하여 이 법에 따른 배상금 지급 등을 하도록 함(안 제5조제1항).
  바. 해직에 따른 배상금액의 산정기준은 해직 당시의 직급 및 호봉과 이 법 시행일이 속하는 월의 봉급월액(제수당을 포함한다)과 이 법 시행일까지 근속한 것으로 간주한 퇴직금 정산액으로 함(안 제5조제2항).
  사. 정부와 해당 언론사는 위원회의 결정에 따라 정년이 남아 있는 해직언론인에 대하여 이 법 시행일부터 6개월 이내에 해직 당시의 소속 언론사에 복직이 이루어질 수 있도록 노력하도록 함(안 제8조).","강석호,권경석,김기현,박진,배은희,성윤환,손숙미",문화체육관광방송통신위원회
허원제,30,1807666,PRC_Z1F0O0Z2K2K3R1G0U2O1Q0T1O1K8C9,신문 등의 진흥에 관한 법률 일부개정법률안,계류,2010-02-23,"","","제안이유
  신문은 시사정보의 제공과 함께 공공의 문제에 대한 다양한 생각과 의견을 습득할 수 있는 매체로서, 특히 청소년들에게는 공동체 의식과 민주시민으로서의 소양을 기를 수 있는 중요한 수단이나, 최근 디지털 매체의 발달로 신문 등 인쇄매체의 활용이 크게 감소하고 있고, 인터넷 사용이 급격히 늘어남에 따라 청소년들이 인터넷의 단편적인 정보, 확인되지 않은 사실, 비속어 등을 무분별하게 받아들일 위험이 있음.
  따라서 청소년들의 논리적 사고와 다양한 의견에 대한 이해 고양, 소외계층에 대한 신문의 접근성 제고 등 다양한 신문읽기 시책을 수립하여 국민들의 신문에 대한 관심을 제고하고 더불어 인쇄미디어산업을 활성화하는 시발점으로 삼고자 함.
주요내용
  가. 문화체육관광부장관은 청소년, 소외계층의 신문읽기와 신문접근성 제고 등 신문읽기 진흥을 위한 시책을 수립·시행하여야 하며, 이를 위해 필요한 비용은 국고 또는 언론진흥기금에서 지원할 수 있도록 함. 이 경우 지원 또는 보조를 받는 신문에는 지역신문을 포함하여야 함(안 제4조의2 신설).
  나. 신문읽기 진흥 시책의 수립·시행을 위해 필요한 경우 관계중앙행정기관, 지방자치단체, 교육청, 공공단체의 장에게 협조를 요청하고 특별한 사유가 없는 경우 응하도록 함(안 제4조의2제3항 신설).","김세연,김효재,박영아,성윤환,원희목,유재중,이경재",문화체육관광방송통신위원회
허원제,30,1805737,PRC_Q0F9P0V8O2T0G1T5Q1Q4V5O9U1W9X3,인터넷 멀티미디어 방송사업법 일부개정법률안,의결,2009-08-20,2011-06-23,수정가결,"제안이유 및 주요내용
  「방송법」에 방송시장의 효율적인 경쟁체제 구축과 공정한 경쟁 환경을 조성하기 위하여 방송시장경쟁상황평가위원회를 두도록 하고, 방송시장경쟁상황평가위원회에서 이 법에 따른 인터넷 멀티미디어 방송 제공사업에 관한 경쟁상황 평가도 함께 실시하도록 하여 평가기구의 운영에 있어 효율성을 제고하도록 하고, 이에 맞추어 이 법에 따른 기존의 평가위원회 관련 조항을 삭제하려는 것임(안 제12조제2항부터 제5항까지).  
참고사항
  이 법률안은 허원제의원이 대표발의한 「방송법 일부개정법률안」(의안번호 제5736호)의 의결을 전제로 하는 것이므로 같은 법률안이 의결되지 아니하거나 수정의결되는 경우에는 이에 맞추어 조정되어야 할 것임.","강승규,김성태,박영아,성윤환,원희목,유재중,이종혁",문화체육관광방송통신위원회
허원제,30,1805736,PRC_O0H9Z0U8F2X0S1K5R1J2I4X1C0G7I8,방송법 일부개정법률안,의결,2009-08-20,2011-06-23,대안폐기,"제안이유
  IPTV 서비스의 개시 등 방송통신 융합기술의 발전과 신규 매체의 증가로 인하여 방송환경은 빠르게 변화하고 있으며 방송시장에서의 경쟁도 치열해지고 있음. 이러한 과정에서 우월적 지위를 이용하여 다른 방송사업자에게 부당한 거래조건을 요구하고, 이용약관과 다른 내용으로 시청자에게 요금을 청구하는 등 방송시장의 불공정행위가 확산되고 있으며 이는 방송의 경쟁력을 약화시키고 시청자 권익을 침해하는 요인으로 작용하고 있음.
  현행법은 불공정거래에 관한 규제로 방송사업자에게 방송프로그램을 공정하고 합리적인 시장가격으로 공급해야 한다고 규정하고 있으나 이에 걸맞은 실질적인 수단은 미비한 실정임. 
  또한, 인터넷멀티미디어방송사업자는 사업의 초기단계로 가입자 점유비율이 낮음에도 불구하고 사업자 간 또는 시청자를 대상으로 한 금지행위를 규제하고 있는 것을 감안하면, 불공정거래행위가 발생하고 있는 기존의 방송시장의 불공정행위에 관한 규제수단이 불비한 것은 균형성과 형평성 차원에서 개선되어야 할 문제임. 
  이에 사업자 간의 불공정행위를 규제하고, 시청자의 권익을 보호하기 위한 법적 근거 마련을 위해 「방송법」내에 방송사업자등 간 공정경쟁을 저해하는 행위와, 방송사업자의 시청자에 대한 권익침해 행위를 금지하는 규정을 신설하려는 것임.
  또한, 방송시장의 경쟁환경의 변화추이와 미래의 시장변화를 예측하고, 금지행위 조사의 객관성을 확보하여 방송시장의 효율적인 경쟁체제를 구축하고, 공정한 경쟁정책의 방안마련의 기초자료로 활용하기 위하여 방송시장 경쟁상황평가에 관한 법적 근거를 마련하려는 것임.  
주요내용
  가. 방송시장 경쟁상황평가에 대한 법적 근거를 마련함(안 제35조의5 신설).
  나. 방송사업자등 간 공정경쟁을 저해하는 행위와 시청자의 이익을 저해하거나 저해할 우려가 있는 특정 유형의 행위를 금지함(안 제85조의2제1항 신설).
  다. 방송통신위원회로 하여금 금지행위 위반 여부에 관하여 자료제출 요청과 조사를 할 수 있도록 하고, 위반한 사업자에 대하여 과징금을 부과하고 시정조치를 명할 수 있도록 함(안 제85조의2제2항부터 제5항까지 신설).
  라. 방송법에 규정된 금지행위의 세부유형과 기준을 대통령령으로 정할 수 있도록 함(안 제85조의2제6항 신설).
  마. 금지행위에 관한 자료조사 제출을 거부하거나 조사를 거부·방해한 자에게 벌칙을 과함(안 제108조제1항제19호의2 및 제19호의3 신설).","강승규,김성태,박영아,성윤환,원희목,유재중,이종혁",문화체육관광방송통신위원회
허원제,30,1805488,PRC_Z0L9O0A7Y1C7I1F3F0W2F0J5B3S0Z1,정보통신망 이용촉진 및 정보보호 등에 관한 법률 일부개정법률안,계류,2009-07-17,"","","제안이유
  「방송통신위원회의 설치 및 운영에 관한 법률」 제24조에서는 방송통신심의위원회(이하 “심의위원회”라 한다)가 현행법 제44조의7에 따른 불법정보 및 청소년에게 유해한 정보 등의 심의를 수행하기 위하여 필요한 ‘정보통신에 관한 심의규정’을 제정·공표하도록 하고 있음.
  그러나 현행법에서는 이에 관한 구체적인 사항을 명시하지 아니하고 심의위원회가 제44조의7에 따른 불법정보를 심의할 수 있는 근거조항만을 두고 있어 심의위원회가 심의업무를 수행하기 위하여 필요한 사항 및 기준을 추가할 필요가 있음.
  이에 방송통신심의위원회가 정보통신망을 통하여 유통되는 정보를 심의하기 위하여 필요한 사항을 명시함으로써, 보다 건전하고 안전한 정보통신망의 이용 환경을 조성하려는 것임.
주요내용
  방송통신심의위원회는 건전한 통신윤리의 함양을 위하여 헌법의 민주적 기본질서의 유지와 인권존중에 관한 사항, 불법정보 및 청소년유해정보 등의 심의에 관한 사항 등을 포함하는 정보통신에 관한 심의규정을 제정ㆍ공표하도록 함(안 제44조의11 신설).","강승규,김성태,성윤환,안형환,원희목,윤석용,이경재",문화체육관광방송통신위원회
허원제,30,1805346,PRC_T0G9A0U7P0I1W1U4X4S5E2G8U4K1Z9,방송법 일부개정법률안,의결,2009-07-01,2011-12-29,대안폐기,"제안이유
  현행법은 국내제작 애니메이션산업의 발전을 위해 신규편성의무 제도를 도입하였으나, 변화되는 다매체·다채널의 방송환경을 고려하여 방송 산업과 애니메이션 산업이 상생할 수 있는 제도 개선이 필요함.
  이를 위해 애니메이션 등 콘텐츠 산업 활성화를 위해 지상파방송사업자뿐만 아니라 종합편성을 행하는 방송채널사용사업자 및 애니메이션을 주로 공급하는 방송채널사용사업자에 대해서도 애니메이션 신규편성의무 제도를 확대하여 제도의 실효성을 제고함.
  반면에 경영여건이 어려운 지역방송의 경우에는 지역방송이 변화되는 환경에 적응할 수 있도록 애니메이션 신규편성 의무를 제외하도록 함.
  또한 시청자들이 특정국가 프로그램에 지나치게 노출되는 것을 방지하기 위해 도입한 1개 국가 프로그램 편성규제에 대해서도 국제문화 수용의 다양성을 보장하면서도 방송사업자의 편성자율을 보장할 수 있도록 편성비율을 연간 단위로 규정함.
  국내에서 제작된 방송프로그램의 판단에 대한 논란이 있을 수 있으므로 국내에서 제작된 방송프로그램에 관한 인정기준을 마련하도록 함.
주요내용
  가. 지역방송에 대해 국내제작 신규애니메이션 편성의무를 제외하고, 종합편성을 행하는 방송채널사용사업자 및 애니메이션을 주로 공급하는 방송채널사용사업자에 국내제작 신규애니메이션 편성의무 부과(안 제71조제2항, 제71조제3항 신설).
  나. 1개 국가 외국 제작물 편성비율 기준을 ‘연간’으로 법에 근거 규정 마련(안 제71조제4항)
  다. 국내에서 제작된 방송프로그램에 관한 인정기준 마련(안 제71조제5항).","배영식,성윤환,원희목,유재중,이경재,이성헌,이종혁",문화체육관광방송통신위원회
허원제,30,1805345,PRC_I0P9Q0Q7M0L1F1G4S4Y3T4N7L5F7S1,공직자윤리법 일부개정법률안,의결,2009-07-01,2011-09-08,폐기,"제안이유
  정부투자기관이나 정부의 출연·보조를 받는 기관·단체 등의 임원은 이 법이 정하는 바에 따라 재산을 등록하여야 하는 재산등록의무자임.
  그러나 정부투자기관 등의 자회사 등은 정부투자기관 등으로부터 거의 전액에 가까운 출자를 받는 경우까지 있는데도 불구하고 공직유관단체로 규정되어 있지 않기 때문에 그 임원이 재산등록의무자에 해당하지 않아 임원의 재산내역을 제대로 파악하기 어려운 측면이 있음.
  따라서 정부투자기관 등의 자회사 등에 대하여도 공직유관단체로 규정하되, 공직유관단체로 지정할 수 있는 조건을 정하여 공직유관단체 및 재산등록의무자의 범위가 과도하게 넓어지는 것은 방지하려는 것임.
주요내용
  공기업·정부 또는 지방자치단체의 출자·출연 등을 받는 기관·단체 등이 합하여 100분의 50 이상의 지분을 가지고 있거나 100분의 30 이상의 지분을 가지고 임원 임명권한 행사 등을 통하여 해당 기관의 정책결정에 사실상 지배력을 확보하고 있는 기관·단체도 공직유관단체로 지정할 수 있도록 함(안 제3조의2제1항제6호 신설).","김성태,원희목,유기준,유재중,이경재,이정현,이종혁",행정안전위원회
허원제,30,1805099,PRC_G0L9H0F6I1N2M1D2X3M6K5Q8M1C2T8,방송법 일부개정법률안,계류,2009-06-12,"","","제안이유
  현행법은 지역 민영 지상파방송사업자에 대하여 다른 한 방송사업자의 제작물을 일정 비율 이상 편성하지 못하도록 하여 자체편성비율을 규제하고 있음.
  그러나 낮방송시간이 확대되는 등 방송환경이 변화되고, 다양한 채널과 매체가 등장하는 상황에서 일률적인 자체편성비율 규제보다는 방송사의 자율성을 확보하면서 지역성을 구현할 수 있는 제도 개선이 필요함.
  따라서 지역 민영 방송사가 지역성을 구현할 수 있도록 제작 역량을 확충할 수 있는 기회를 마련하고, 편성의 자율성을 더욱 보장하기 위하여 자체제작비율로 전환하는 규정을 마련하려는 것임. 
주요내용
  지역 민영방송이 부담하였던 자체편성의무를 자체제작의무로 전환함.(안 제69조제6항).","김춘진,박영아,변재일,원희목,이군현,이명수,이성헌",문화체육관광방송통신위원회
허원제,30,1805098,PRC_R0G9V0K6G1D2C1B2O3G4W1F2M9B0U6,인터넷 멀티미디어 방송사업법 일부개정법률안,계류,2009-06-12,"","","제안이유
  방송·통신융합의 산물로서 등장한 인터넷 멀티미디어 방송(IPTV)은 정보통신망을 통하여 방송콘텐츠를 포함한 다양한 형태의 콘텐츠를 자유롭게 시청할 수 있는 새로운 플랫폼으로서 국가경제의 성장동력으로 활용하기 위한 다각적인 방안이 모색되고 있는 분야이기도 함.
  그러나 케이블TV 방송이 자체심의를 하고 있으며 모든 방송이 내용규제의 대상이 되고 있는데 반하여 IPTV 방송은 자체심의에 관한 규정이 없고, 비실시간 방송의 경우 내용규제의 대상에도 포함되지 않아 청소년 등의 시청자에 대한 보호가 충분히 이루어지지 못하고 있으며, “동일서비스 동일규제”의 원칙에도 부합되지 않고 있음.
  이에 케이블TV 방송과 마찬가지로 IPTV 방송 중 비실시간 방송도 내용규제의 대상에 포함시키고 IPTV 방송사업자에게 자체심의 의무를 부여하여 인터넷 멀티미디어 방송의 질적 제고 및 방송 내용의 공공성·공정성 확보에 이바지하려는 것임.  
주요내용
  가. 인터넷 멀티미디어 방송 콘텐츠사업자가 제공하는 실시간 방송프로그램뿐만 아니라 비실시간 방송 프로그램에 대해서도 내용심의를 하도록 하고, 이 경우 방송통신심의위원회는 내용심의를 수행하기 위하여 인터넷 멀티미디어 방송 사업자에게 관련 자료의 제출을 요구할 수 있으며 해당 사업자는 정당한 사유가 없는 한 이에 따르도록 함(안 제21조제2항). 
  나. 인터넷 멀티미디어 방송사업자의 자체심의에 관하여는 「방송법」 제86조를 준용하도록 함(안 제21조제6항 신설). 
  다. 자료의 제출요구에 따르지 아니하거나 거짓으로 자료를 제출한 인터넷 멀티미디어 방송사업자에게는 1천만원 이하의 과태료를 부과하도록 함(안 제28조제1항제4호의2 신설).
  라. 「질서위반행위규제법」 시행에 따라 불필요해진 과태료에 대한 불복절차 및 재판절차 등에 관한 규정을 삭제함(안 제28조제3항부터 제5항까지 삭제).","김춘진,이군현,이명수,이성헌,이종혁,이한성,이해봉",문화체육관광방송통신위원회
허원제,30,1804841,PRC_P0Z9O0A5U1E3B1Z6K5Y5M4O5R5Y3R6,이스포츠 진흥에 관한 법률안,의결,2009-05-13,2011-12-30,수정가결,"제안이유
  정보화시대에 신(新)문화로 부각되고 있는 이스포츠(e-sports)의 종주국이자 선진국으로서 우리나라의 이스포츠는 성장잠재력이 매우 큰 고부가가치의 문화산업이지만 이를 지원할 수 있는 법적·제도적 근거가 미비하여 보다 장기적이고 체계적인 이스포츠 진흥정책을 수행하는데 어려움이 있음.
  이에 「이스포츠 진흥에 관한 법률」을 제정하여 이스포츠 및 이스포츠 산업기반의 조성과 경쟁력 강화 및 진흥을 촉진함으로써 국민의 건전한 여가문화 조성과 여가 활용을 촉진하고 이스포츠를 고부가가치의 문화산업으로 육성하여 국민경제의 발전과 정보화시대에 문화강국으로 도약하는데 이바지하도록 하려는 것임.
주요내용
  가. 이 법은 이스포츠의 진흥에 필요한 사항을 규정함으로써 이스포츠의 문화와 산업의 기반조성 및 경쟁력 강화를 도모하고 이스포츠를 통하여 국민의 여가선용 기회 확대와 국민경제의 건전한 발전에 이바지함을 목적으로 함(안 제1조).
  나. 지방자치단체는 지역 주민의 여가와 친목 도모를 위하여 이스포츠 활동을 활성화할 수 있도록 시설 등의 여건 조성 및 이스포츠 단체의 설립·운영을 지원하여야 함(안 제5조).
  다. 문화체육관광부장관은 이스포츠의 발전을 위하여 중·장기 진흥기본계획과 분야별·연도별 세부시행계획을 수립·시행하도록 함(안 제6조).
  라. 정부는 이스포츠 관련 정책의 수립·시행을 위하여 이스포츠에 관한 실태조사를 실시하여야 함(안 제7조).
  마. 정부와 지방자치단체는 기본계획 및 시행계획을 효과적으로 추진하기 위하여 필요한 자금을 확보하기 위해 노력하여야 함(안 제8조).
  바. 이스포츠 진흥을 효율적으로 추진하기 위하여 문화체육관광부에 이스포츠진흥자문위원회를 둘 수 있도록 함(안 제9조).
  사. 문화체육관광부장관은 이스포츠 진흥에 필요한 전문인력 양성기관을 지정할 수 있도록 함(안 제10조).
  아. 문화체육관광부장관은 이스포츠산업의 발전을 위한 상담 등을 효율적으로 지원하기 위하여 「고등교육법」에 따른 대학 등을 이스포츠산업지원센터로 지정할 수 있도록 함(안 제14조).
  자. 정부는 국제 교류 및 해외시장 진출 활성화를 위한 사업 등을 효율적으로 지원하기 위하여 예산의 범위에서 이에 필요한 경비의 전부 또는 일부를 보조할 수 있도록 함(안 제15조).
  차. 국가는 이스포츠의 발전을 도모하고 국민의 건전한 여가활동을 진작하기 위하여 전문 및 생활 이스포츠 육성에 필요한 시책을 강구하도록 함(안 제16조).","강승규,김옥이,김용태,남경필,손숙미,안상수,안홍준",문화체육관광방송통신위원회
허원제,30,1804562,PRC_E0B9G0V4S1Z4V1H6W5L5W4Y2V4A4J4,신문 등의 자유와 기능보장에 관한 법률 일부개정법률안,계류,2009-04-14,"","","제안이유
 신문은 시사정보의 제공과 함께 공공의 문제에 대한 다양한 생각과 의견을 습득할 수 있는 매체로서, 특히 청소년들에게는 공동체 의식과 민주시민으로서의 소양을 기를 수 있는 중요한 수단이나, 최근 디지털 매체의 발달로 신문 등 인쇄매체의 활용이 크게 감소하고 있고, 인터넷 사용이 급격히 늘어남에 따라 청소년들이 인터넷의 단편적인 정보, 확인되지 않은 사실, 비속어 등을 무분별하게 받아들일 위험이 있음.
 따라서 청소년들의 논리적 사고와 다양한 의견에 대한 이해 고양, 소외계층에 대한 신문의 접근성 제고 등 다양한 신문읽기 시책을 수립하여 국민들의 신문에 대한 관심을 제고하고 더불어 인쇄미디어산업을 활성화하는 시발점으로 삼고자 함
주요내용
  가. 문화체육관광부장관은 청소년, 소외계층의 신문읽기와 신문접근성 제고 등 신문읽기 진흥을 위한 시책을 수립·시행하여야 하며, 이를 위해 필요한 비용은 국고 또는 신문발전기금에서 지원할 수 있도록 함. 이 경우 지원 또는 보조를 받는 신문에는 지역신문을 포함하여야 함(안 제37조의2)
  나. 신문읽기 진흥 시책의 수립·시행을 위해 필요한 경우 관계중앙행정기관, 지방자치단체, 교육청, 공공단체의 장에게 협조를 요청하고 특별한 사유가 없는 경우 응하도록 함(안 제37조의2 제3항)","김선동,김성수,김용태,박영아,성윤환,손범규,손숙미",문화체육관광방송통신위원회
허원제,30,1803880,PRC_E0Q9K0Q2L1G9A1B0D3X2Z0M8E0F5M2,지역신문발전지원 특별법 일부개정법률안,계류,2009-02-19,"","","제안이유
  이 법은 지역신문의 건전한 발전기반을 조성하여 여론의 다원화, 민주주의의 실현 및 지역사회의 균형발전에 이바지함을 목적으로 하고 있음.
  지역신문은 지역사회의 다양한 여론을 수렴하고 지역사회의 공론의 장의 역할을 수행하고 있지만, 열악한 경영여건 등으로 인하여 그 역할과 기능 및 위상이 갈수록 약화되고 있음.
  이에 따라 2005부터 지역신문발전기금의 지원이 이루어져 이제부터 실제적인 지원의 효과가 나타나기 시작하고 있음으로 이 법의 유효기간을 2016년 12월 31일까지 연장하여 지역신문의 건전한 발전기반을 조성하고자 함.
  또한 경쟁력을 높이기 위하여 지역신문 전체가 공동으로 또는 일정한 지역 내의 지역신문들이 공동으로 취재ㆍ사업 또는 인프라를 구축 할 수 있도록 기금의 용도를 추가하고, 지역신문발전위원회의 위원도 전문성과 동시에 지역성을 담보할 수 있는 단체에서 추천하는 것이 필요함.
주요내용
  가. 지역신문발전위원회 위원의 전문성과 지역성을 담보할 수 있도록 하기 위하여 한국신문협회ㆍ한국기자협회 및 한국언론학회가 추천하는 인사를 지역신문단체ㆍ한국기자협회 및 한국지역언론학회가 추천하는 인사로 변경함 (안 제8조제3항제2호).
  나. 지역신문 전체가 공동으로 또는 일정 지역 내의 지역신문들이 공동으로 취재ㆍ사업 또는 인프라 구축을 할 수 있도록 기금의 용도를 추가함 (안 제15조제6호 신설).
  다. 이 법의 유효기간을 현행 2010년 9월 22일에서 2016년 12월 31일까지 연장함 (안 법률 제7206호 지역신문발전지원 특별법 부칙 제2호).","김성수,김춘진,박대해,박영아,손범규,안효대,우제창",문화체육관광방송통신위원회
허원제,30,1803581,PRC_X0H9Q0R1L1A6J1Y7I0S0I3J3A4H2E2,영화 및 비디오물의 진흥에 관한 법률 일부개정법률안,의결,2009-01-16,2009-04-17,대안폐기,"■ 제안이유 
 영화 제한상영가 규정에 대한 헌법재판소의 헌법불합치 결정(2008. 7. 31.)이 내려짐에 따라 제한상영가의 내용과 등급분류 기준의 대강을 법률에 명확히 규정하는 한편 관련 제한사항을 정비하고, 비디오물 등급보류제도에 대한 헌법재판소의 위헌결정(2008. 10. 30.)에 따라 비디오물 등급보류제도를 폐지하는 대신 ‘제한관람가’ 등급을 신설하며, 영상물에 대한 실질적인 내용정보 제공을 통한 대국민서비스 기능을 향상시키기 위하여 영상물 내용정보 기술제를 도입함으로써 보다 실효성 있는 등급분류 제도 개선을 통해 영상물의 적절한 이용지도를 통한 청소년 보호, 헌법상 보호 받는 표현의 자유 신장, 과도한 성적·폭력적 표현물로부터 일반 국민의 정서를 보호하고 그 밖에 현행 제도의 운영상 나타난 일부 미비점을 개선ㆍ보완하려는 것임. 
■ 주요내용 
가. 「제한상영가 영화」등급의 내용과 분류기준을 법률에 명확하게 규정하되, 상영 및 광고·선전에 일정한 제한을 하도록 함.
  (1) “제한상영가” 영화는 성, 폭력, 반사회적 행위 등의 묘사가 과도한 영상물로서 선량한 국민정서를 유지하고 청소년을 보호하는 한편 등급 규정의 명확성 원칙과 포괄위임 금지 원칙을 충족하기 위하여 등급분류 기준을 법률에 명시함(안 제29조제2항제5호, 안 제30조제4항).
  (2) “제한상영가” 영화는 제한상영관에서만 상영하도록 하되, 비디오물 등급보류제 폐지에 따른 “제한관람가 비디오물”을 신설함을 고려하여 종전의 “제한상영가” 영화의 비디오물 등 타 매체로의 전환 및 유통을 제한하던 조항을 폐지하고, “제한상영가” 영화의 광고·선전물은 청소년 유해성 심의를 받는 점을 감안하여 제한상영관에서만 게시하도록 제한함.(안 제43조제2항).
  나. 「제한관람가 비디오물」 등급을 신설하되, 청소년 보호를 위하여 판매·대여·시청에 관하여 일정한 제한을 하도록 함.
  (1) 비디오물 등급보류 관련 조항을 폐지하고 “제한관람가” 비디오물 등급을 신설하여 영화와 마찬가지로 비디오물 등급분류 기준을 법률에 명시함으로써 명확성의 원칙과 포괄위임금지의 원칙을 준수함.(안 제50조제3항제5호).
  (2) 제한관람가 비디오물로부터 청소년을 보호하기 위하여 공중의 시청제공금지, 판매·대여시 포장의무 및 구분격리 등 일정한 제한사항을 규정함.(안 제66조제5항)
다. 영화 및 비디오물 내용정보제공 근거 규정 신설
  영화 및 비디오물의 등급분류 규정에 내용정보제공의 세부적인 사항을 규정할 법적근거를 마련하고, 영상물의 내용정보제공 실시에 따른 내용별 유해 정도를 사전에 주지시켜 적절한 이용과 지도가 가능하도록 영상물내용정보 제공 관련사항을 규정함(안 제2조제20호, 제30조제2항, 제50조제5항, 제65조).
라. 영화 및 비디오물 광고선전물의 청소년 유해성 확인 강화
  청소년 유해성 확인이 제외되던 “제한상영가” 영화의 광고선전물 및 정보통신망을 이용한 배너 형태의 영화 및 비디오물의 광고선전물에 대해서도 영상물등급위원회로부터 청소년 유해성 여부를 확인받도록 함.(안 제32조제1항, 제66조제1항)
마. 등급분류 제도 운영상 미비점 보완
  등급분류 신청인에게 등급분류 결과 및 관련 정보를 제공토록하며, 등급분류 사후관리를 위한 자료제출에 관한 사항을 규정함(안 제29조제7항, 제50조제4항, 제83조제3항).","김성곤,김성수,김소남,나성린,박대해,박종희,손숙미",문화체육관광방송통신위원회
허원제,30,1803199,PRC_I0I8S1Z2D2P4Z1X7A3J5X4F4H0V8X6,방송법 일부개정법률안,의결,2008-12-24,2009-07-22,수정가결,"■ 제안이유 
  신문, 방송, 통신, 인터넷이 융합되는 새로운 미디어 환경 변화에 부응하고 국제적 시장개방 조류에 대응하여 우리 방송산업의 경쟁력을 강화하고 미디어산업 발전에 적합한 환경을 조성하기 위하여 현행법 상의 1인 지분 소유제한과 대기업, 신문·뉴스통신 및 외국자본의 종합편성 또는 보도전문편성 콘텐츠 사업에 대한 겸영 또는 주식·지분 소유금지 등의 규제를 완화하려는 것임.
■ 주요내용 
  가. 누구든지 지상파방송사업자 및 종합편성 또는 보도에 관한 전문편성을 행하는 방송채널사용사업자의 주식 또는 지분 총수의 100분의 49를 초과하여 소유할 수 없도록 함(안 제8조제2항).
  나. 대기업 또는 신문이나 뉴스통신을 경영하는 자는 지상파방송사업자의 주식 또는 지분 총수의 100분의 20을 초과하여 소유할 수 없도록 하고, 종합편성을 하는 방송채널사용사업자의 주식 또는 지분 총수의 100분의 30을 초과하여 소유할 수 없도록 함(안 제8조제3항).
  다. 지상파방송사업자와 종합유선방송사업자는 상호 겸영하거나 그 주식 또는 지분을 소유할 수 없도록 한 규정을 삭제함(안 제8조제5항).
  라. 신문이나 뉴스통신을 경영하는 자는 종합유선방송사업자 및 위성방송사업자의 주식 또는 지분 총수의 100분의 49를 초과하여 소유할 수 없도록 하고, 대기업의 위성방송사업자에 대한 소유제한규정을 삭제함(안 제8조제4항).
  마. 종합편성 또는 보도전문편성을 하는 방송채널사용사업 또는 중계유선방송사업에 대한 외국자본의 출자 또는 출연을 해당 법인의 주식 또는 지분 총수의 100분의 20을 초과할 수 없도록 함(안 제14조제2항).
  바. 위성방송사업에 대한 외국자본의 출자 또는 출연을 해당 법인의 주식 또는 지분 총수의 100분의 49를 초과할 수 없도록 함(제14조제3항).
  사. 종합유선방송사업, 중계유선방송사업, 방송채널사용사업, 공동체라디오방송사업의 허가 또는 승인의 유효기간을 최대 7년의 범위에서 대통령령으로 정하도록 함(안 제16조).
  아. 방송사업자 등이 위반행위를 하는 경우 광고의 중단 또는 허가·승인의 유효기간 단축 등의 제재조치를 할 수 있도록 함(안 제18조제1항).
  자. 방송통신위원회는 방송사업자 등에 대하여 허가·승인 또는 등록을 취소하는 경우 해당 사업자에게 그 사업을 승계하는 자가 방송을 개시할 때까지 12개월의 범위 내에서 기간을 정하여 방송을 계속하게 할 수 있도록 함(안 제18조제4항).
  차. 광고의 종류에 가상광고, 간접광고를 추가함(안 제73조제6호·제7호 신설).
  카. 방송심의규정, 협찬고지규칙 등을 위반하는 경우 5천만원 이하의 과징금을 부과할 수 있도록 함(안 제100조제1항).
■ 본회의 수정사항 
  □ 수정이유
  개정안의 지상파방송, 종합편성PP, 보도전문PP에 대한 1인지분 소유한도를 49%에서 40%로 하향 조정하고, 지상파방송 및 보도전문PP에 대한 대기업, 일간신문, 뉴스통신의 소유한도 및 보도전문PP에 대한 외국자본 등의 진입한도를 하향 조정함.
  또한 지상파방송사업 등의 주식이나 지분을 소유하고자 하는 일간신문사는 경영의 투명성을 위해 전체 발행부수, 유가 판매부수 등의 자료를 방송통신위원회에 제출하여 공개해야 하며, 일간신문의 구독률이 20% 이상인 경우에는 지상파방송사업 등의 겸영이나 주식·지분소유를 금지하고, 아울러 대기업, 일간신문 또는 뉴스통신이 2012년 12월 31일까지는 지상파방송사업자의 최다액 출자자나 경영권을 실질적으로 지배하는 자가 될 수 없도록 제한함.
  그리고 여론의 다양성을 확보·보강하기 위하여 미디어다양성위원회를 설치하고, 시청점유율 제한제도를 도입하는 것과 더불어 일간신문사가 방송사업을 겸영하거나 주식 또는 지분을 소유하는 경우에는 신문 및 방송 매체간 영향력이 합산될 수 있도록 그 일간신문의 구독률을 대통령령으로 정하는 바에 따라 일정한 비율의 시청점유율로 환산하여 해당 방송사업자의 시청점유율에 합산하도록 함.
  그 밖에도 헌법재판소에서 방송광고 사전심의 제도를 위헌이라고 결정함에 따라 해당 규정을 삭제하여 방송광고를 방송사업자의 자율적인 심의제로 개선함.
□ 수정주요내용
  가. 지상파방송, 종합편성PP, 보도전문PP에 대한 1인지분 소유한도를 49%에서 40%로 하향 조정하고, 대기업, 일간신문, 뉴스통신의 지상파방송에 대한 소유한도를 20%에서 10%로, 보도전문PP에 대한 소유한도를 종합편성PP와 마찬가지인 30%로 하향 조정함. 또한 지상파방송사업 등의 주식이나 지분을 소유하고자 하는 일간신문사는 경영의 투명성을 위하여 전체 발행부수, 유가 판매부수 등의 자료를 방송통신위원회에 제출하여 공개해야 하며, 일간신문의 구독률이 20% 이상인 경우에는 지상파방송사업 등에 대한 진입을 금지함(안 제8조제2항부터 제4항까지).
  나. 보도전문PP에 대한 외국자본 등의 소유한도를 20%에서 10%로 하향 조정함(안 제14조제2항).
  다. 헌법위반 결정을 받은 방송광고 사전심의 제도는 이를 폐지함(현행 제32조제2항부터 제4항까지 삭제).
  라. 방송광고 관련 심의규정을 보완함(안 제33조제2항).
  마. 방송통신위원회는 여론 다양성 보장을 위해 방송사업자의 시청점유율 조사 및 산정과 매체간 합산 영향력지수 개발 등을 수행하는 미디어다양성위원회를 구성·운영하도록 하고, 매체합산 영향력지수의 개발은 2012년 12월 31일까지 완료하도록 함(안 제35조의4).
  바. 어느 한 방송사업자의 시청점유율이 100분의 30을 초과할 수 없도록 제한하고, 일간신문을 경영하는 법인이 방송사업을 겸영하거나 주식 또는 지분을 소유하는 경우에는 그 일간신문의 구독률을 일정한 비율의 시청점유율로 환산하여 해당 방송사업자의 시청점유율에 합산하도록 하며, 방송통신위원회가 시청점유율 초과 사업자에 대하여 방송사업 소유제한, 방송광고시간 제한, 방송시간의 일부양도 등의 필요한 조치를 명할 수 있도록 함(안 제69조의2). 또한 시청점유율 초과 사업자가 방송통신위원회의 조치 명령을 이행하지 아니한 때에는 허가·승인·등록을 취소할 수 있도록 하고(안 제18조제1항제11호), 시청점유율 제한은 공포 후 12개월이 경과한 날부터 시행하도록 함(안 부칙 제1조).
  사. 방송사업자는, 허위ㆍ과장 등 시청자가 오인할 수 있는 방송광고를 방송하지 않도록 하며, 방송광고가 방송되기 전에 자체적으로 심의하거나 방송 관련 기관 또는 단체에 위탁하여 심의할 수 있도록 함(안 제86조제2항 및 제3항 신설).
  아. 방송통신위원회는 시청점유율 조사 및 산정을 위하여 필요한 자료를 해당 개인, 법인·단체 또는 기관에 요청할 수 있도록 함(안 제98조제3항, 제108조제1항제25의3호).
  자. 대기업, 일간신문 또는 뉴스통신이 2012년 12월 31일까지는 지상파방송(지역방송을 제외한다)의 최다액 출자자나 경영권을 실질적으로 지배하는 자가 될 수 없도록 경과조치를 둠(안 부칙 제3조)
  차. 기존에 소유제한을 초과하여 주식 또는 지분을 보유하고 있는 방송사업자에 대해 경과조치를 둠(안 부칙 제3조).","강승규,김금래,성윤환,안형환,이경재,정병국,진성호",문화체육관광방송통신위원회
허원제,30,1802924,PRC_B0K8Y1Q2R0I9R1Q0U5V6J2J0E1L9I5,방송법 일부개정법률안,계류,2008-12-09,"","","제안이유
  방송통신사업자가 방송통신심의위원회의 심의결과에 대해 불복할 경우 재심청구의 법적 절차와 근거가 미비해 심의제도 개선 및 재심절차 마련 등 현행 제도의 운영상 나타난 미비점을 개선·보완하려는 것임.
주요내용
  가. 심의규정 위반 관련 과징금 부과 시 방송통신심의위원회의 의견을 듣도록 하여 심의제재의 실효성 제고에 기여할 수 있을 것임(안 제100조제3항 후단 신설).
  나. 종전에 제재조치 명령의 이행결과를 방송통신위원회에만 보고하도록 하던 것을 방송통신심의위원회에도 보고 하도록 함(안 제100조제4항).
  다. 방송법 현행 제100조제5항과 방송통신위원회 설치 및 운영에 관한 법률 제25조제2항의 동일 처분에 대한 의견진술 절차의 중복을 해소하기 위해 의견진술을 방송통신심의위원회로 일원화함(제100조제5항 삭제).
  라. 재심청구 시 재심을 지체 없이 방송통신심의위원회에 요청 하도록 하고, 재심결과를 당사자 또는 대리인에게 지체 없이 통지 하도록함(안 제100조제7항)
  마. 방송통신심의위원회는 재심 요청을 받은 날부터 30일 이내에 그 재심결과를 방송통신위원회에 통보 하도록 하고 부득이한 경우 1회에 한하여 30일을 넘지 않는 범위에서 그 기간을 연장할 수 있도록 하고 방송통신심의위원회는 기간의 연장 사유를 지체 없이 방송통신위원회와 당사자 또는 그 대리인에게 통보하도록 함(안 제100조제8항 신설).
  바. 회복하기 어려운 손해를 예방하기 위하여 긴급한 필요가 있다고 인정될 때에는 원심결정의 효력이나 집행 또는 절차의 속행의 전부 또는 일부의 정지를 정할 수 있도록 함(안 제100조제9항 신설).
  사. 제재조치 및 재심의 절차 등에 관하여 그 밖에 필요한 사항은 방송통신위원회 규칙으로 정하도록 함(안 제100조제10항 신설).","구본철,김금래,김무성,김선동,김용태,남경필,박영아",문화체육관광방송통신위원회
허원제,30,1802223,PRC_H0G8L1U1I2X4Q1C5U5R7Y0E9P7V6G5,주한미군 공여구역주변지역 등 지원 특별법 일부개정법률안,의결,2008-11-24,2010-03-02,대안폐기,"■ 제안이유 
  주한미군 공여구역주변지역 등 지원 특별법은 대한민국의 방위를 위하여 대한민국 영역 안에서 미합중국 군대에게 공여되거나, 공여되었던 구역으로 인해 낙후된 주변지역의 경제를 진흥시켜 지역간의 균형 있는 발전과 주민의 복리 증진을 도모하는데 필요한 사항을 규정함을 목적으로 제정되었음.
  그리고 법 제12조 제5항에서 반환공여구역을 처분하기 전에 국방부장관은 지상물, 지하매설물, 위험물, 토양 오염 등을 제거하도록 하고 있음.
  다만, 단서에서 국가, 지방자치단체, 정부투자기관, 지방공사가 지상물 또는 지하매설물의 계속 활용을 희망하는 경우와 국방부장관이 토양오염 등의 제거에 필요한 비용을 부담하고 관할 지방자치단체장에게 그 복구를 의뢰하는 경우는 그러하지 아니할 수 있는 예외를 인정하고 있음.
  여기에서 제12조 제5항 본문의 처분 전 제거 열거사항과 단서의 처분 전 제거 예외 열거사항이 일치하지 않아 단서의 ‘토양오염 등’에 관한 해석의 논란이 있음.
■ 주요내용 
 국방부장관이 지상물, 지하 매설물, 위험물, 토양 오염 등의 제거에 필요한 비용을 부담하고 관할 지방자치단체장에게 그 복구를 의뢰하는 경우로 하여 처분 전 제거 예외 사항을 명확히 하고자 함(안 제12조제5항제2호).","강성종,권영진,김성수,김세연,김정훈,김태원,박민식",행정안전위원회
허원제,30,1800343,PRC_M0H8D0N7D2B1X1J3V1R3R4N9P0J8C5,공직선거법 일부개정법률안,계류,2008-07-21,"","","제안이유
  현행 「공직선거법」은 선거비용 보전금 반환의 규정을 당선된 자에 한하여 규정되어 있는 실정임.
  「공직선거법」 제263조(선거비용의 초과지출로 인한 당선무효), 제264조(당선인의 선거범죄로 인한 당선무효), 제265조(선거사무장등의 선거범죄로 인한 당선무효)는 당선자의 당선무효를 규정하고, 제265조의2(당선무효된 자 등의 비용반환)는 당선된 자가 당선이 무효로 확정된 경우 선거비용의 반환·보전금액을 국가에 반환하도록 하는 규정임. 
  그러나 동일한 행위의 낙선자는 보전받은 기탁금 및 선거비용을 반환하지 않는 실정임.
  현행 「공직선거법」에서 당선자가 당선이 무효로 되는 경우 기탁금 및 선거비용보전금을 전액 반납하고 있지만, 낙선자의 경우 제263조, 제264조, 제265조에 해당하는 범죄를 범한 경우에도 기탁금 및 선거비용보전금을 반환하는 근거는 없는 실정임.
  이는 법의 취지에도 부합하지 않고 선진 선거문화 정착에도 역행하는 바, 「공직선거법」에 제265조의3(낙선된 자 등의 비용반환)을 신설하여 낙선자에게도 동일하게 적용하여 법의 취지를 살리고 건전한 선거풍토를 이룩하고자 함.
주요내용
  낙선된 자가 선거범죄를 저지른 경우 선거비용 반환·보전 금액을 반환하도록 함(안 제265조의3 신설).","구본철,남경필,박대해,박영아,손숙미,신상진,안홍준",행정안전위원회
