박준선,46,1813940,PRC_J1G1U1I1I2Q8J1M1F1W8I5Q6X5R1G1,헌법재판소법 일부개정법률안,계류,2011-11-28,"","","제안이유
  2012년 법학전문대학원 출신 인력이 1,500여 명에 이르는 상황에서 헌법재판소는 「변호사법」에 의해 변호사 개업요건 등을 갖출 수 있는 법률사무종사기관에 해당하는 만큼, 법학전문대학원 출신자의 실무교육에 대한 일정 부분의 역할 담당이 필요한 점, 신규 법조인에게 국가의 기본법인 「헌법」과 헌법재판에 대한 이해와 경험은 필수적인 점, 헌법재판 및 헌법연구의 역량 강화를 위해 헌법재판 인력보강이 절실한 점 등을 고려하여 헌법연구원 제도를 도입하려는 것임.
주요내용
  헌법연구원 제도를 2012년부터 도입하되, 헌법연구원은 변호사의 자격이 있는 사람 중에서 총 3년의 범위에서 기간을 정하여 계약직공무원으로 채용하고, 헌법연구원의 정원은 30명 이내로 함(안 제19조의5 신설).","강성천,김호연,박준선,우윤근,윤석용,이사철,이정현",법제사법위원회
박준선,46,1813675,PRC_W1N1F1Q0J2E8U1E7V0Z4P3K1C7Z9B8,독점규제 및 공정거래에 관한 법률 일부개정법률안,계류,2011-10-28,"","","제안이유 및 주요내용
  현행법에 따르면 공정거래위원회의 처분에 대한 불복의 소는 서울고등법원을 전속관할로 하는 2심제임. 이로 인해 공정거래위원회의 심결은 사실상 1심재판에 해당함. 그러나 현실적으로 공정거래위원회는 1심재판의 역할을 전혀 수행하지 못하여, 국민의 재판을 받을 권리를 침해하고 있음.
  이에 공정거래위원회의 처분에 대한 불복의 소는 서울행정법원을 전속관할로 하여 기존의 2심제를 3심제로 전환하고자 함(안 제55조).","강성천,권택기,김선동,박준선,신지호,원희목,이범래",정무위원회
박준선,46,1813674,PRC_U1C1S1W0R2O8V1F7V0E2A1K7E9S1J0,보호관찰 등에 관한 법률 일부개정법률안,계류,2011-10-28,"","","제안이유
  갱생보호서비스를 지원하는 정책 및 사회적 환경 변화로 인한 서비스 방법의 변경에 따라 신규 갱생보호서비스 내용을 법률에 포함하는 것이 현실적으로 요구되는 상황이며, 「사회복지사업법」에 갱생보호사업이 포함됨에 따라 갱생보호시설의 설치·운영 기준을 정하여 사회복지시설에 상응한 수준으로의 정비가 필요하고, 갱생보호사업 활성화를 위하여 한국법무보호복지공단의 임원 수를 증원 조정하는 것이 필요함. 
  따라서 갱생보호의 방법 중 신규 갱생보호서비스 내용을 법률에 포함하고, 갱생보호시설 신고 및 보험가입·안전점검 의무규정을 신설하며, 한국법무보호복지공단의 임원 수를 증원 조정하고, 이사장의 임기를 3년으로 연장하는 등 갱생보호사업 활성화를 위하여 현행법상 갱생보호 관련 일부 내용을 수정·보완하려는 것임.
주요내용
  가. 갱생보호의 방법에 신규 갱생보호서비스로서 현재 실시 중인 주거 지원, 창업 지원, 긴급원호, 출소 전 사전상담, 사회복귀교육, 사후관리 등의 내용을 포함하도록 함(안 제65조제1항).
  나. 갱생보호사업이 「사회복지사업법」에 포함됨에 따라 갱생보호시설에 대한 신고 및 보험가입·안전점검 의무규정을 신설하여 시설수준이 사회복지시설에 상응하도록 함(안 제65조의2 신설).
  다. 교정시설 출소예정자에 대한 사전상담제도가 시행되고 있음에 따라 갱생보호대상자에 대한 개인정보 자료조회 근거를 규정함(안 제66조제4항 신설).
  라. 직무상 취득한 개인정보 관련 비밀누설 금지규정을 정하여 갱생보호대상자에 대한 개인정보를 보호하고자 함(안 제66조제5항 신설).
  마. 갱생보호사업 정지(6개월 이내) 시 청문절차를 거치도록 규정함(안 제70조의2).
  바. 보호공단 이사의 수를 10명에서 15명으로, 감사의 수를 1명에서 2명으로 증원함(안 제76조제1항).
  사. 보호공단 이사장을 이사장추천위원회의 추천을 받아 법무부장관이 임명하도록 하고 그 임기를 2년에서 3년으로 연장함(안 제76조제2항).
  아. 직무상 알게 된 개인정보의 비밀누설에 대한 벌칙조항을 신설함(안 제99조제3호 신설).","강성천,권택기,김선동,박준선,신지호,원희목,이범래",법제사법위원회
박준선,46,1812220,PRC_B1S1Z0P6O1X3I1Y7O2Z9X1Q5K9U2E6,여객자동차 운수사업법 일부개정법률안,계류,2011-06-13,"","","제안이유
  수도권 주민들은 수도권 광역버스의 노선부재 및 혼잡 문제로 출·퇴근 시 큰 고통을 겪고 있을 뿐만 아니라 안전띠도 없이 서서 고속도로를 운행하는 등 승객들의 안전 또한 위험에 노출되어 있음. 수도권과 정도의 차이는 있지만, 부산, 울산, 경남 등을 포함한 대도시권역은 이러한 문제가 발생하고 있음. 
  상황이 이러함에도 국가는 수도권 교통문제와 관련하여 국민들의 요구에 맞는 뚜렷한 대책을 내놓지 못하고 있는 실정임. 
  한편, 지난 해 말 한 벤처기업에서 인터넷에서 회원을 모집, 출·퇴근 시간 및 장소가 유사한 사람들을 모아 출근 시 전세버스를 운행하여 수도권 주민들로부터 엄청난 호응과 극찬을 받았으나, 운행개시 후 얼마 뒤 국토해양부가 불법이라는 유권해석을 내린 후 현재 운행이 중단된 상태임.
  이러한 출·퇴근 및 통학 등을 위해 국민의 수요에 대응한 버스운행은 버스의 혼잡 및 승객의 안전문제를 해결할 수 있을 뿐만 아니라 더 나아가 자가용 운행으로 인한 교통혼잡, 환경오염 및 유류소비 감소를 가져와 국가경제적으로도 도움이 됨. 
  이에 국가가 해결하지 못하는 수도권을 포함한 대도시권역 교통문제를 해결하기 위해 통근, 통학 등을 목적으로 하는 경우에 여객운송 주선을 할 수 있도록 규정함과 동시에 여객운송사업의 종류에 통학, 통근 등의 목적을 위하여 결성된 단체의 요청이나 협의에 따라 정하여진 노선으로 여객을 운송하는 사업, 즉 수요대응 여객자동차운송사업을 추가하고자 함.
주요내용
  가. 여객자동차운수사업의 범위에 여객자동차 운송주선사업을 추가하고, 그 개념을 정의함(안 제2조제2호 및 같은 조 제10호 신설).
    다른 사람이나 단체의 요구에 의하여 유상으로 여객운송계약을 중개ㆍ대리하거나 여객자동차 운송사업 또는 여객자동차 운송가맹사업을 경영하는 자의 여객 운송수단을 이용하여 자기 명의(名義)와 계산으로 여객을 운송하는 사업을 “여객자동차 운송주선사업”으로규정함.
  나. 여객자동차운송사업의 종류에 수요대응 여객자동차운송사업을 추가함(안 제3조제1항제3호 신설).
    통근, 통학 등 대통령령으로 정하는 목적을 위하여 결성된 단체의 요청이나 협의에 따라 정하여진 노선으로 여객을 운송하는 사업을 수요대응 여객자동차운송사업으로 규정함.
  다. 여객자동차 운송주선사업의 장을 신설하여 면허 관련 사항, 개선 명령, 타 여객운송사업의 준용 규정 등을 마련함(안 제49조의9부터 제49조의12까지 신설).","강승규,김금래,김동성,김성동,김성회,김소남,김영우",국토해양위원회
박준선,46,1812118,PRC_F1U1B0W6J0U2I1T4Z4L6C1F7Z8C4D6,통신비밀보호법 일부개정법률안,계류,2011-06-02,"","","제안이유 및 주요내용
   2010년 12월 28일 헌법재판소는 통신비밀보호법 제6조 제7항 단서 중 ‘통신제한조치기간의 연장’ 관련하여 총연장기간 또는 총연장횟수의 제한 없이 통신제한조치기간을 연장할 수 있도록 규정한 것에 대해 헌법불합치 결정을 하였음(2011. 12. 31.까지 개정 안될 경우 효력 상실). 
  이와 관련하여, 위 헌법재판소 결정의 취지는 통신제한조치기간의 연장을 허가하는 것 자체가 헌법에 위반된다는 것이 아니라 통신제한조치기간을 연장함에 있어 법운용자의 남용을 막을 수 있는 ‘최소한의 한계’를 설정할 필요가 있다는 것이라는 점, 통신제한조치가 활용되는 사건 대부분이 장기간 내사가 필요한 대공사범 또는 조직폭력사범이라는 점, 개별 사건에 있어서의 기간연장 결정시 법원의 사법적 통제가 가능하다는 점 등 제반사정을 종합적으로 고려하여 통신제한조치의 총 연장기간을 1년으로 제한함으로써 수사상 통신제한조치의 필요성과 통신의 비밀 등 국민의 기본권이 적절히 조화를 이루도록 하려는 것임(안 제6조제7항 후단 신설).","강성천,김동성,김무성,김옥이,김학송,나경원,노철래",법제사법위원회
박준선,46,1812094,PRC_X1M1D0F6K0E1I1M1H5Y7G5G4W1E8C4,주택법 일부개정법률안,의결,2011-06-01,2011-12-29,폐기,"제안이유
  최근 ‘입주자대표회의’의 공동주택 위탁관리업체 선정과정에서의 불법행위로 입주자들의 재산상 손실이 많이 발생하자, 입주자대표회의를 법정단체화하고 불법행위 시에는 손해배상책임 의무를 부여하여야 한다는 지적이 있음.
 이에 현재의 ‘전국아파트입주자대표회의연합회’ 등이 입주자의 권익보호를 위하여 입주자단체를 설립할 수 있도록 하고, 업무집행 과정에서 입주자에게 재산상의 손해를 입힌 경우에는 그 손해를 배상하도록 함으로써, 공동주택관리에 있어서의 자율성과 투명성을 확보하고 입주자들의 권익을 보호하려는 것임.
주요내용
  가. 입주자대표회의 회장이 업무를 집행하면서 고의 또는 과실로 입   주자에게 재산상의 손해를 입힌 경우 그 손해를 배상하도록 함(안 제43조의3).
  나. 입주자는 공동주택관리 업무의 효율적·합리적인 수행을 통한 입주자의 권익보호를 위하여 입주자단체를 설립할 수 있음(안 제81조제3항 신설).
  다. 입주자단체는 제43조의3에 따른 손해배상책임을 보장하기 위하여 공제사업을 할 수 있음(안 제81조의2제1항).","강승규,권성동,김성동,박준선,손숙미,안형환,원희목",국토해양위원회
박준선,46,1811863,PRC_E1H1Z0E5K1Q9W1J7B0A5Z2O1B6A1X6,수질 및 수생태계 보전에 관한 법률 일부개정법률안,의결,2011-05-19,2011-12-29,수정가결,"제안이유 및 주요내용
  저수지는 농업용수의 원천으로서의 기능뿐만 아니라 저수지 주변 주민의 생활환경을 구성하는 시설로서 수질 오염방지와 수질 개선을 위한 노력이 필요함.
  그러나 최근 수도권 지역 내에 있는 대규모 저수지들의 경우 그 주변지역 개발로 인한 오염물질의 증가와 하수 방류 등으로 인하여 저수지의 수질이 생활용수로서 기능하기 어려울 뿐만 아니라 주변지역의 악취로 지역주민들의 생활에 불편을 끼치고 있고 오염이 갈수록 가중되고 있어 수질 개선 대책이 필요한 실정임.
  따라서 규모가 상대적으로 크고 주변에 많은 수의 인구가 거주하는 저수지의 경우 중점관리저수지로 지정하여 그 저수지의 수질을 특별관리하도록 하고, 해당 저수지의 수질을 관리함에 있어 관할 지방자치단체가 관리주체가 되는 것이 효과적이라고 인정되는 경우에는 그 저수지의 소유권 및 관리권한을 해당 지방자치단체로 양도하도록 하여 수질오염으로 인한 지역주민의 건강과 환경상의 위해를 예방하려는 것임(안 제31조의2부터 제31조의4까지 신설).","김금래,김세연,김학송,김호연,박준선,손범규,송영선",환경노동위원회
박준선,46,1811555,PRC_I1T1Z0P4N2B1W1Y7E1P9V1X3W8K4U7,여객자동차 운수사업법 일부개정법률안,의결,2011-04-21,2011-06-09,철회,"제안이유
  수도권 주민들은 수도권 광역버스의 노선부재 및 혼잡 문제로 출·퇴근 시 큰 고통을 겪고 있을 뿐만 아니라 안전띠도 없이 서서 고속도로를 운행하는 등 승객들의 안전 또한 위험에 노출되어 있음. 수도권과 정도의 차이는 있지만, 부산, 울산, 경남 등을 포함한 대도시권역은 이러한 문제가 발생하고 있음. 
  상황이 이러함에도 국가는 수도권 교통문제와 관련하여 국민들의 요구에 맞는 뚜렷한 대책을 내놓지 못하고 있는 실정임. 
  한편, 지난해 말 한 벤처기업에서 인터넷에서 회원을 모집, 출·퇴근 시간 및 장소가 유사한 사람들을 모아 출근 시 전세버스를 운행하여 수도권 주민들로부터 엄청난 호응과 극찬을 받았으나, 운행개시 후 얼마 뒤 국토해양부가 불법이라는 유권해석을 내린 후 현재 운행이 중단된 상태임.
  이러한 출·퇴근 및 통학 등을 위해 국민의 수요에 대응한 버스운행은 버스의 혼잡 및 승객의 안전문제를 해결할 수 있을 뿐만 아니라 더 나아가 자가용 운행으로 인한 교통혼잡, 환경오염 및 유류소비 감소를 가져와 국가경제적으로도 도움이 됨. 
  이에 국가가 해결하지 못하는 수도권을 포함한 대도시권역 교통문제를 해결하기 위해 통근, 통학 등을 목적으로 하는 경우에 여객운송 주선을 할 수 있도록 규정함과 동시에 여객운송사업의 종류에 통학, 통근 등의 목적을 위하여 결성된 단체의 요청이나 협의에 따라 정하여진 노선으로 여객을 운송하는 사업, 즉 수요대응 여객자동차운송사업을 추가하고자 함.
주요내용
  가. 여객자동차운수사업의 범위에 여객자동차 운송주선사업을 추가하고, 그 개념을 정의함(안 제2조제2호 및 같은 조 제10호 신설).
    다른 사람이나 단체의 요구에 의하여 유상으로 여객운송계약을 중개ㆍ대리하거나 여객자동차 운송사업 또는 여객자동차 운송가맹사업을 경영하는 자의 여객 운송수단을 이용하여 자기 명의(名義)와 계산으로 여객을 운송하는 사업을 “여객자동차 운송주선사업”으로규정함.
  나. 여객자동차운송사업의 종류에 수요대응 여객자동차운송사업을 추가함(안 제3조제1항제3호 신설).
    통근, 통학 등 대통령령으로 정하는 목적을 위하여 결성된 단체의 요청이나 협의에 따라 정하여진 노선으로 여객을 운송하는 사업을 수요대응 여객자동차운송사업으로 규정함.
  다. 여객자동차 운송주선사업의 장을 신설하여 면허 관련 사항, 개선 명령, 타 여객운송사업의 준용 규정 등을 마련함(안 제49조의9부터 제49조의12까지 신설).","강승규,공성진,권택기,김금래,김동성,김성동,김성회",국토해양위원회
박준선,46,1811204,PRC_I1R1X0X3A1A7S1A5B4U0A3T3C2P1I5,주택임대차보호법 일부개정법률안,계류,2011-03-17,"","","제안이유
  임차인을 보호하기 위한 특별법인 「주택임대차보호법」은 임대인과 임차인의 사적 거래를 규율하기 위한 법률이므로 사적자치를 바탕으로 조화로운 이해관계의 조정이 필요할 것이지만, 2009년 1월부터 차임 또는 보증금이 지속적으로 상승하여 주택임차인이 고통을 겪고 있는 ‘전세대란’ 상황은 시장경제의 원리만으로 해결하기 어려운 측면이 있음.
  이와 같은 전세대란의 양상은 서울ㆍ경기, 대전, 부산 등  특정 지역에서 더 심각하게 나타나고 있는데, 전세가격이 비교적 안정된 지역과는 달리 전세가 폭등 현상이 지속되고 있는 일부 지역에 대하여는 국가의 개입이 불가피함 
  전세대란 해결을 위하여 국토해양부장관은 임차인의 생활안정을 도모하기 위하여 필요한 경우에는 ‘주택임대차 관리지역’ 또는 ‘주택임대차 신고지역’으로 지정ㆍ고시할 수 있도록 하고, 관리지역의 주택에 대하여는 물가안정에 관한 법률의 취지에 따라 차임 또는 보증금의 최고가격을 지정ㆍ고시하도록 하고, 신고지역의 주택에 대해서는 차임 또는 보증금의 권장가격을 지정·고시할 수 있도록 하고 임대인 등이 권장가격을 초과하여 계약을 체결하려고 하는 경우 임차인 등은 시장·군수·구청장에게 조정신청을 할 수 있도록 함. 
주요내용
  가. ‘주택임대차 관리지역’의 지정(제5조)
    1) 국토해양부장관으로 하여금 대통령령으로 정하는 바에 따라 매년 지역별 주택의 차임이나 보증금의 변동 가격을 고시하도록 함(제1항).
    2) 국토해양부장관은 국민주거생활의 안정을 위하여 주택임대차의 차임이나 보증금의 제한이 필요하다고 판단하는 경우 해당 지역을 ‘주택임대차 관리지역’으로 지정할 수 있음(제2항).
    3) 관리지역의 주택에 대하여는 「물가안정에 관한 법률」 제2조에 준하여 차임이나 보증금의 최고가격을 지정할 수 있음(제3항).
    4) 관리지역 및 최고가격을 지정한 경우 이를 지체 없이 고시하여야 하고, 지정의 유효기간은 1년 이내의 기간으로 하며, 당사자는 30일 이내에 이의를 제기할 수 있도록 함(제4항부터 제6항까지).
  나. ‘주택임대차 신고지역’의 지정(제5조의2)
    1) 국토해양부장관으로 하여금 대통령령으로 정하는 바에 따라 변동 지수가 지속적으로 상승하는 등의 지역을 ‘신고지역’으로 지정하고, 권장가격을 지정하여 고시할 수 있도록 함(제1항).
    2) 신고지역 및 권장가격 지정 권한을 지방자치단체에 위임할 수 있음(제6항 및 제7항).
   다. 주택임대차 신고ㆍ관리 심의위원회의 설치ㆍ운영(제5조의3)
    1) 국토해양부장관이 관리ㆍ신고 지역 또는 최고ㆍ권장 가격을 지정할 때에는 주택임대차 신고ㆍ관리 심의위원회의 심의를 거치도록 함(제1항).
    2) 국토해양부차관을 심의위원회의 위원장으로 하고, 민간위원 중 40% 이상을 법률가로 구성하되, 구체적인 위원회의 구성 등 조직 및 운영에 필요한 사항은 대통령령으로 정하도록 함(제2항부터 제4항까지)
  라. 관리지역에서의 특칙(제7조의3)
    1) 임대인 등은 차임이나 보증금의 최고가격을 초과하여 주택임대차계약을 할 수 없게 함(제1항).
    2) 임차인 등이 최고가격을 초과하여 차임이나 보증금을 임대인 등에게 지급한 때에는 초과 차임 또는 초과 보증금의 원금 및 이자상당액에 대한 반환을 청구 할 수 있게 함(제2항)
  마. 신고지역에서의 특칙(제7조의4)
    임대인 등이 권장가격을 초과하여 계약을 체결하려고 하는 경우 임차인 등은 시장ㆍ군수ㆍ구청장에게 조정신청을 할 수 있도록 함
  바. 적정 임대료의 지정(제7조의5)
    국토해양부장관은 매년 물가상승률, 건축비상승지수 등을 고려하여 단독주택 및 공동주택별로 적정한 차임 및 보증금을 지정하여 이를 고시하여야 함. 
  사. 지방자치단체의 의무(제8조의3)
    지방자치단체장은 주택임대차관리지역에서 확정일자를 부여할 때 주택임대차계약서상의 차임이나 보증금이 최고가격을 초과하였는지 확인하여야 하고 초과사실을 확인한 경우 이를 국토해양부장관에게 알려야 함
  아. 과징금 부과(제14조)
    국토해양부장관은 제5조제3항에 따른 최고가격을 초과하여 차임 또는 보증금을 수령한 자에게는 최고가격을 초과한 차임 상당액 또는 최고가격을 초과한 보증금에 연 100분의 14를 곱한 금액의 범위에서 과징금을 부과할 수 있음.","강성천,권성동,김세연,김호연,박준선,백성운,심재철",법제사법위원회
박준선,46,1810139,PRC_G1A0A1Q2H0I6D1E4J0B9R3E0Q3C9G6,원격영상재판에 관한 특례법 일부개정법률안,계류,2010-12-06,"","","제안이유
  1995. 12. 6. 제정·시행된 「원격영상재판에 관한 특례법」은 교통이 불편한 도서·산간벽지의 주민이 원거리에 있는 법정에 직접 출석하지 않고도 재판을 받을 수 있도록 하는 취지에서 시·군법원의 관할 사건에 관하여 원격영상재판을 가능하게 하였음.
  위 법률은 시·군법원에만 적용됨으로써 지역적으로 한정되었고, 민사소액, 화해, 조정 사건 및 즉결심판 등에만 적용됨으로써 사건의 유형이 한정됨으로써 원격영상재판의 혜택을 누릴 수 있는 국민의 범위가 협소하였음.
  원격영상재판을 실시할 수 있는 대상법원을 확대하고 대상사건의 범위도 일반 소송사건으로 확대하여 정보통신기술의 발전을 사법서비스에 반영함으로써 원격지 거주자의 법정 출석에 따른 불편을 해소하고 사법접근성 강화에 대한 국민적 요구에 부응하려는 것임. 
주요내용
  가. 원격영상재판을 할 수 있는 장소를 법정뿐만 아니라 그 밖의 장소도 포함시킴(안 제2조제2호).
  나. 모든 법원의 민사·가사·행정·특허소송사건 및 민사조정사건으로 대상법원 및 대상사건을 확대함(안 제3조제1항).
  다. 당사자의 신청에 따라 소송절차와 조정절차의 전부 또는 일부에 관하여 법원이 결정으로 원격영상재판을 허가하도록 하고, 결정을 하기 전에 상대방의 의견을 듣도록 함(안 제3조제1항 및 제3항).","강성천,김금래,김세연,김학송,박민식,박준선,안형환",법제사법위원회
박준선,46,1809332,PRC_J1U0Y0Z9H1D3S1Z6C3H5M3S1T4C6W2,형사소송법 일부개정법률안,계류,2010-09-13,"","","제안이유
  헌법재판소는 상소제기후 구금일수 중 일부만 형기(刑期)에 산입할 수 있도록 한 「형사소송법」제482조 제2항이 헌법상 무죄추정원칙 및 적법절차원칙에 위반되고 신체의 자유를 침해한다면서 헌법불합치결정을 함.
  위 헌법재판소 결정의 취지에 따라 상소심 형사소송 절차에서 발생할 수 있는 미결구금일수를 일괄적으로 본형에 산입할 수 있도록 하는 근거규정을 마련하고자 하는 것임.
주요내용
 가. 원심판결 선고후 판결확정전 미결구금일수 전부를 본형에 산입토록 함(안 제482조제1항).","김금래,박준선,손범규,안형환,이사철,이윤성,이정선",법제사법위원회
박준선,46,1809331,PRC_N1E0O0E9M1W3A1R6J3R0M4F5X5K6R3,소송촉진 등에 관한 특례법 일부개정법률안,의결,2010-09-13,2011-12-29,대안폐기,"제안이유 및 주요내용
  헌법재판소는 상소 제기 후 구금일수 중 일부만 형기(刑期)에 산입할 수 있도록 한 「형사소송법」 제482조제2항이 헌법상 무죄추정원칙 및 적법절차원칙에 위반되고 신체의 자유를 침해한다면서 헌법불합치결정을 함.  
  피고인 또는 피고인 아닌 자의 상소를 기각할 경우 상당한 이유 없이 상소를 제기한 것으로 인정되는 때에 상소 제기 후의 판결 선고 전 구금일수 중 상소 제기기간 만료일로부터 상소이유서 제출기간 만료일까지의 일수를 본형에 산입하지 아니하도록 한 「소송촉진 등에 관한 특례법」 제24조는 위 헌법재판소 결정 취지에 반하므로 이를 삭제하려는 것임(제24조 삭제).","김금래,박준선,손범규,안형환,이사철,이윤성,이정선",법제사법위원회
박준선,46,1809142,PRC_G1H0D0A8H2R0S1B1B5Z4I1Y6X6T2F5,소음·진동관리법 일부개정법률안,계류,2010-08-20,"","","제안이유 및 주요내용
  지난 해 환경부 보고에 따르면 전국 45개 도시, 348개 지역에서 연평균 환경소음을 측정한 결과 낮 시간대에는 60 ～ 70%, 밤 시간대에는 80% 이상이 소음기준을 초과한 것으로 드러남. 
  이는 소음에 관한 국민들의 인식이 부족하고, 위반 행위에 대한 국가의 단속이 잘 이루어지지 않기 때문으로 보여짐.
  이에 환경부장관은 소음에 관한 국민들의 인식 개선 교육 및 현행 법규 위반 시의 벌칙에 관한 홍보 시책을 마련하여 시행하도록 하고, 위반행위를 신고한 사람에게 포상금을 지급할 수 있도록 하려는 것임(안 제4조의3 및 제53조의2 신설).","강성천,김낙성,김세연,김정권,박민식,박준선,안효대",환경노동위원회
박준선,46,1808792,PRC_Z1Q0I0Q7G0B2Z1E4U0N8Y1G4X2P0U0,마약류 불법거래 방지에 관한 특례법 일부개정법률안,의결,2010-07-02,2011-04-29,원안가결,"제안이유 및 주요내용
  「마약류 불법거래 방지에 관한 특례법」 제9조제2항의 취지는 약물이나 그 밖의 물품이 사실은 마약류가 아님에도 마약류인 것으로 잘못 알고서 양도·양수 또는 소지한 자도 처벌하려는 것인데, 한자 용어를 알기 쉬운 한글로 일괄 정비하는 과정에서 그 취지가 오해될 소지가 있는 내용으로 개정되어 이를 바로잡으려는 것임(안 제9조제2항).","강성천,권영세,김금래,박준선,안효대,윤석용,이사철",법제사법위원회
박준선,46,1808364,PRC_I1X0P0T4F3B0K1N6F5Y0E0G1Q3C2Y6,영어공교육강화특별법안,계류,2010-04-30,"","","제안이유
  세계화가 급속도로 진행되고 있는 현실에서 영어의 중요성이 날로 커지고 있고, 영어교육을 통한 영어경쟁력 강화가 우리나라의 미래 발전에 필수적인 요소가 되고 있음.
  그러나 현재 우리나라의 영어경쟁력은 아시아 국가들 중에서도 낮은 수준으로 평가되고 있는 바, 이는 대학입시를 위한 영어교육제도, 영어교원(英語敎員)의 역량 부족, 영어교육 환경기반 부족 등에서 그 원인을 찾을 수 있음.
  이로 인해 학부모들의 엄청난 사교육비 부담 증가와 공교육 부실화 등 사회적 문제가 발생하고 있음.
  이에 공교육을 강화하기 위해 대학입시(수학능력평가시험)에서 영어과목 폐지, 영어교육에 관한 국가 및 지방자치단체의 의무를 강화, 영어교원의 양성·임용·연수제도를 개선, 영어교육환경 개선을 위한 사항 등을 제도화함으로써 우리나라의 영어경쟁력 강화에 기여하려는 것임.
주요내용
  가. 국가 및 지방자치단체는 영어교육 진흥을 위한 시책을 강구하고 이에 필요한 재원(財源)을 우선적으로 확보하도록 함(안 제3조).
  나. 국가는 영어교원의 영어수업능력을 배양하기 위하여 대학의 영어교원 양성과정을 객관적으로 평가하고, 평가결과를 공신력이 있는 자료로 활용하기 위한 인증(認證)제도의 개발에 노력하여야 하고, 교육과학기술부장관은 영어교원(英語敎員)의 영어수업능력을 객관적으로 평가하기 위한 임용시험제도를 개발·시행하도록 함(안 제5조 및 제6조).
  다. 교육과학기술부장관 및 교육감은 해외 연수제도의 확대 등 영어교원의 연수를 실시하여야 함(안 제7조).
  라. 교육과학기술부장관은 「고등교육법」 제34조제3항에 따른 시험을 시행하는 때에는 영어영역은 시험과목에서 제외하도록 하고, 대학의 장은 대학에 입학할 학생의 선발할 때 대통령령으로 정하는 바에 따라 제12조에 따른 국가영어능력평가원이 주관하는 평가시험의 결과를 활용할 수 있도록 함(안 제8조).
  마. 국가 및 지방자치단체는 다양한 체험을 통하여 영어를 학습할 수 있는 환경을 갖춘 영어체험학습시설을 설치·운영할 수 있도록 함(안 제9조).
  바. 교육과학기술부장관은 원어민영어보조교사의 모집·연수 및 관리에 관한 종합계획을 수립·시행하며, 교육감 및 학교의 장(長)은 학생들의 영어능력 향상을 위하여 원어민영어보조교사를 채용하고 학교의 규모 등을 고려하여 균형 있게 배치하되, 농산어촌(農山漁村) 등 영어교육 환경이 열악한 지역에 우선적으로 배치하도록 함(안 제10조).
  사. 교육과학기술부장관은 국민의 영어능력을 종합적으로 평가하고 공신력 있는 자료를 제공하기 위하여 영어시험을 실시하는 국가영어능력평가원을 두고, 국가·지방자치단체 및 대통령령으로 정하는 공공기관이 해당 임직원을 채용할 때 국가영어능력평가시험 또는 「자격기본법」 제17조에 따라 국가의 공인을 받은 민간영어자격시험의 결과를 우선적으로 반영하도록 함(안 제12조 및 제13조).
  아. 학교의 장은 학생들의 영어능력 향상을 위하여 「초·중등교육법」 제23조에 따른 교육과정 외의 특별 영어과정을 설치·운영할 수 있도록 함(안 제15조).
  자. 교육과학기술부장관은 인터넷 등 정보통신망을 활용한 사이버 영어교육을 실시하도록 함(안 제16조).","강명순,고승덕,권성동,권영진,김광림,김선동,김정권",교육과학기술위원회
박준선,46,1808238,PRC_H1F0L0L4N2C2G1R7Q1C0G4M5N7B7J9,대부업 등의 등록 및 금융이용자 보호에 관한 법률 일부개정법률안,계류,2010-04-22,"","","제안이유 및 주요내용
  최근 대부업체들이 공격적인 마케팅을 통해 우리의 가정과 일상 속에 깊숙이 침투하고 있음. 유명 연예인들이 출연하는 광고는 시간과 매체를 가리지 않고 방송되고 있고 대부업 자체가 드라마의 소재로 등장할 정도임.  
  불법적인 영업형태와 불법추심을 유발하는 대부업 광고가 국민 법 감정상 지나치게 자주 방영을 하다보니 서민들의 무분별한 대부계약을 유발할 뿐만 아니라 시청자로 하여금 불쾌감을 유발하는 등 사회상규와 법 감정상 지나치다는 여론이 팽배함.
  이에 대부업에 관한 무분별한 광고를 막기 위하여 대부업 광고를 일정한 방법으로만 하도록 허용함으로서, 일간지 신문뿐만 아니라 케이블을 포함한 방송광고를 제한하는 근거규정을 마련하려는 것임(안 제9조제2항 신설).","강석호,강성천,구상찬,권경석,김성회,김태원,박대해",정무위원회
박준선,46,1808237,PRC_U1X0E0L4F2S2F1U7E0F9C5N0P5T4S9,국민건강증진법 일부개정법률안,의결,2010-04-22,2011-04-29,대안폐기,"제안이유
  현행법은 지나친 음주·흡연으로 인한 국민건강의 저해를 방지하기 위하여 주류나 담배에 관한 광고를 금지하거나 제한할 수 있도록 정하고 있으며, 이에 대통령령에서는 주류에 관하여 알콜성분 17도 이상의 주류를 광고하거나 일정시간 대에 광고하는 행위 등을 금지하고, 담배에 관하여는 이를 더욱 엄격히 하여 지정소매점의 내부에 광고물을 전시 또는 부착하게 하거나, 연간 60회 이내에서만 잡지광고를 하게 하는 등 정하여진 방법으로만 광고할 수 있도록 하고 있음. 
  그럼에도 불구하고 2009년도 한국보건사회연구원의 발표에 따르면 음주와 흡연으로 인한 사회적 비용이 24조 6,235억원에 이르는 것으로 나타나고 있음. 과도한 음주와 흡연은 국민의 건강과 삶의 질을 저해할 뿐만 아니라 사회적으로 막대한 비용을 발생시키므로  대국민 교육·홍보의 강화와 더불어 국민의 음주·흡연율을 낮추기 위한 적극적인  노력이 필요함.
  이에 담배에 관한 광고의 금지 및 제한과 관련한 내용을 법률에서 규정하고, 주류에 관하여도 동일한 수준의 제한 규정을 두도록 함으로써 국민건강을 증진시키려는 것임.     
주요내용
  가. 대통령령으로 정하고 있는 담배에 관한 광고의 금지 및 제한과 관련한 내용을 법률에서 규정함(안 제9조의2 신설).
  나. 「주세법」에 따른 주류의 광고는 영업소 내부에 광고물을 전시 또는 부착하게 하거나, 연간 60회 이내에서 잡지광고를 하거나, 사회·문화·음악·체육 등의 행사를 후원하거나, 국제선의 항공기 및 여객선 등 보건복지부령으로 정하는 장소의 안에서 광고하는 등 법률에서 정하는 범위에서 할 수 있도록 함(안 제9조의3 신설)
  다. 담배나 주류에 관한 광고의 금지 및 제한 규정을 위반하여 광고를 한 자는 1년 이하의 징역 또는 1천만원 이하의 벌금에 처하도록 함(안 제31조제2호·제2호의2).","강석호,강성천,구상찬,권경석,김성회,김태원,박대해",보건복지위원회
박준선,46,1808001,PRC_H1I0X0V3V2V9G1N6B5C3C1D4H2B5Z4,하수도법 일부개정법률안,의결,2010-03-29,2011-03-10,대안폐기,"제안이유 및 주요내용
  하수관로 확충사업이 진행되면서 과거에 사용되던 정화조의 필요성이 점차 감소함에 따라 분뇨수집·운반업자들이 경영 악화, 수입 감소 등으로 폐업하는 사례가 증가하고 있음.
  이에 분뇨수집·운반업자가 경영악화 등의 사유로 폐업하는 경우에는 시장·군수·구청장이 대체 사무의 주선 또는 폐업지원금의 지급·융자알선 등을 할 수 있도록 함으로써 어려움을 겪고 있는 분뇨수집·운반업자의 생활안정에 기여하려는 것임(안 제47조의2 신설).","강성천,박대해,박준선,서상기,송영선,이두아,이화수",환경노동위원회
박준선,46,1807664,PRC_T1I0R0E2K2R2F1E7O3K5F2B3Z6O0N6,공공기관 지방이전에 따른 혁신도시 건설 및 지원에 관한 특별법 일부개정법률안,의결,2010-02-22,2011-04-29,대안폐기,"◎ 제안이유
  수도권 과밀과 국토의 불균형 해소를 위해 추진중인 공공기관 지방이전과 관련하여 혁신도시를 비롯한 세종(행복)도시, 기업도시 등 추진을 위해 40조원이 넘는 국고가 지원되고 있으나 기존 공공기관 소재 지방자치단체에는 아무런 권한과 지원이 없는 실정임.
  특히, 공공기관 소재 지방자치단체의 지방공기업이 종전부동산을 매입할 수 있는 규정이 없으며, 지방자치단체 등에서 난개발 방지, 인구유발 억제 등 정부정책에 부합되는 공공목적 용도로 활용하고자 종전부동산을 매입하는 경우 이러한 부분이 감정평가에 감안되어야 하나 관련 규정이 없어 개선이 필요함.
  또한, 지방자치단체에서 종전부동산에 대한 국토해양부장관의 도시 관리계획변경 요구를 일방적으로 수용토록 하는 것은 지방자치단체의 자치권한을 침해할 소지가 있음.
  따라서 이를 개정하여 지방자치의 근본취지를 되살리는 한편 공공  기관의 이전으로 인해 생활여건에 상당한 변화를 겪게 될 지역주민의 삶의 질 향상에 기여하고자 함.
◎ 주요내용
  가. 종전부동산을 지방자치단체, 정부투자기관, 지방공기업이 매입할 수 있도록 하고, 지방자치단체 또는 지방공기업이 공공목적으로 종전부동산을 매입하고자 할 경우에는 활용계획상의 용도를 감안하여 감정평가를 실시하도록 함(안 제43조제3항 전단 개정 및 단서 신설).
  나. 종전부동산 활용계획을 도시관리계획에 반영될 필요가 있는 경우 종전부동산 소재지 지방자치단체와 사전에 협의하도록 함(안 제43조제6항 개정).","강성천,구상찬,김금래,김성수,김옥이,김학용,박보환",국토해양위원회
박준선,46,1807583,PRC_K1U0O0U2B0W8S1R6E2V3S1O4G2K3E1,보건범죄단속에 관한 특별조치법 일부개정법률안,계류,2010-02-08,"","","제안이유 및 주요내용
  사형은 국민일반에 대한 심리적 위하를 통하여 범죄의 발생을 예방하고, 이를 집행함으로써 특수한 사회악의 근원을 영구히 제거하여 사회를 방어한다는 공익상의 목적을 가진 필요한 형벌임.
  사형은 생명형으로서 인간존재의 바탕인 생명을 빼앗아 사람의 사회적 존재를 말살하는 극형인 궁극의 형벌이므로 타인의 생명을 침해하거나 생명침해에 못지 아니한 중대한 공공이익을 침해한 경우에 한하여 예외적으로 사형을 인정할 필요가 있음. 
  그럼에도 불구하고 우리의 형사 관계법령에 생명침해 등과 관련 없는 범죄의 경우에도 지나치게 폭넓게 사형을 법정형으로 규정하고 있어 이들 법률조항들에 대한 정비가 필요한 실정임. 
  이에 이 법상 인체에 유해한 부정식품 등을 제조하여 사람을 사상에 이르게 한 자에 대하여 최고 사형까지 부과할 수 있도록 한 경우 등 죄질에 비하여 형벌이 지나치게 높은 법정형을 일부 조정함으로써 개인의 인권을 보호하고 존중하는 형벌체계를 수립하려는 것임(안 제2조 및 제3조).","강성천,박준선,안효대,유성엽,윤석용,이정선,이한성",법제사법위원회
박준선,46,1807582,PRC_H1R0C0H2L0I8L1Z6T1X9S2N9W6Y1Q5,형의 집행 및 수용자의 처우에 관한 법률 일부개정법률안,계류,2010-02-08,"","","제안이유 및 주요내용
  현행 「형법」 제66조에서는 사형집행의 방법으로 교수형만을 규정하고 있으나 선진 외국의 입법례를 참고하여 인도적인 방법으로 실시할 수 있는 다양한 사형집행 방법을 도입할 필요가 있음. 이에 「형의 집행 및 수용자의 처우에 관한 법률」를 개정하여 사형집행방법을 다양하게 하려는 것임(안 제91조제1항).","강성천,박준선,안효대,유성엽,윤석용,이정선,이한성",법제사법위원회
박준선,46,1807573,PRC_F1C0W0B2X0Q8R1H5F3M6J3K4Q6T1E3,마약류관리에 관한 법률 일부개정법률안,의결,2010-02-08,2011-04-29,대안폐기,"제안이유 및 주요내용
  사형은 국민일반에 대한 심리적 위하를 통하여 범죄의 발생을 예방하고, 이를 집행함으로써 특수한 사회악의 근원을 영구히 제거하여 사회를 방어한다는 공익상의 목적을 가진 필요한 형벌임.
  사형은 생명형으로서 인간 존재의 바탕인 생명을 빼앗아 사람의 사회적 존재를 말살하는 극형인 궁극의 형벌이므로 타인의 생명을 침해하거나 생명침해에 못지 아니한 중대한 공공이익을 침해한 경우에 한하여 예외적으로 사형을 인정할 필요가 있음. 
  그럼에도 불구하고 우리의 형사 관계 법령에 생명침해 등과 관련 없는 범죄의 경우에도 지나치게 폭넓게 사형을 법정형으로 규정하고 있어 이들 법률조항들에 대한 정비가 필요한 실정임. 
  이에 현행법상 사형과 무기징역으로 규정된 법문에서 사형을 삭제하고 무기징역만을 두려는 것임(안 제58조제2항).","강성천,박준선,안효대,유성엽,윤석용,이한성,이화수",보건복지위원회
박준선,46,1807572,PRC_L1X0P0W2D0G8A1T5X3J5A1F3Z3E2S8,문화재보호법 일부개정법률안,계류,2010-02-08,"","","제안이유 및 주요내용
  사형은 국민일반에 대한 심리적 위하를 통하여 범죄의 발생을 예방하고, 이를 집행함으로써 특수한 사회악의 근원을 영구히 제거하여 사회를 방어한다는 공익상의 목적을 가진 필요한 형벌임.
  사형은 생명형으로서 인간 존재의 바탕인 생명을 빼앗아 사람의 사회적 존재를 말살하는 극형인 궁극의 형벌이므로 타인의 생명을 침해하거나 생명침해에 못지 아니한 중대한 공공이익을 침해한 경우에 한하여 예외적으로 사형을 인정할 필요가 있음. 
  그럼에도 불구하고 우리의 형사 관계 법령에 생명침해 등과 관련 없는 범죄의 경우에도 지나치게 폭넓게 사형을 법정형으로 규정하고 있어 이들 법률조항들에 대한 정비가 필요한 실정임. 
  이에 단체나 다중(多衆)의 위력(威力)을 보이거나 위험한 물건을 몸에 지니고 문화재를 은닉하거나 도굴하는 죄 등을 범하면서, 지정문화재나 가지정(假指定)문화재를 관리 또는 보호하는 자를 다치게 한 자에 대하여는 사형을 폐지하고 무기 또는 5년 이상의 징역에 처하도록 하려는 것임(안 제105조제2항 및 제3항 신설).","강성천,박준선,안효대,유성엽,윤석용,이정선,이한성",문화체육관광방송통신위원회
박준선,46,1807571,PRC_O1H0G0R2I0P8B1Z5X3I1Z2A5K8L4L7,형법 일부개정법률안,계류,2010-02-08,"","","◎ 제안이유 및 주요내용
  현행법에서는 교정시설에 대하여 ‘형무소’라는 용어를 사용하고 있으므로 이를 개칭하여 ‘교도소’ 또는 ‘구치소’로 용어를 정리하려는 것임. 또한 「형법」에서는 사형집행방법으로 교수형만 규정하고 있으나 교수형 외에 약물주사·전기살·가스살 등을 포함하는 것으로 확대하여 「형의집행 및 수용자의 처우에 관한 법률」에 규정하고 「형법」에서는 사형집행방법에 관한 내용을 삭제하려는 것임(안 제66조부터 제68조까지).","강성천,박준선,안효대,유성엽,윤석용,이정선,이한성",법제사법위원회
박준선,46,1807570,PRC_H1M0O0Z2F0B8T1F5R2E9Z3A6K7S2K1,법원조직법 일부개정법률안,계류,2010-02-08,"","","◎ 제안이유 및 주요내용
  사형은 국민일반에 대한 심리적 위하를 통하여 범죄의 발생을 예방하고, 이를 집행함으로써 특수한 사회악의 근원을 영구히 제거하여 사회를 방어한다는 공익상의 목적을 가진 필요한 형벌임.
  그럼에도 불구하고 사형은 생명형으로서 인간존재의 바탕인 생명을 빼앗아 사람의 사회적 존재를 말살하는 극형인 궁극의 형벌이므로 비록 법정형으로서의 사형이 적정한 것이라 하더라도 이를 선고함에 있어서는 특히 신중을 기하여야 함. 
  사형은 인간의 생명 자체를 영원히 박탈하는 극히 예외적인 형벌로서 다른 형벌과는 달리 심리(審理)할 필요가 있음에도 불구하고 현행 규정은 대법원의 심판권 행사시 특별한 사유가 없는 한 대법관 3인 이상으로 구성된 부(部)에서 심리하고 있음.
  따라서 하급심에서 사형을 선고한 경우 대법원에서는 이를 대법관 전원의 3분의 2 이상의 합의체에서 재판하도록 함으로써 사형판결에 신중을 기하도록 하려는 것임(안 제7조제1항제4호 신설).","강성천,박준선,안효대,유성엽,윤석용,이정선,이한성",법제사법위원회
박준선,46,1807569,PRC_I1F0E0Y2G0R8W1B5C2O7M5Q2L7M0L6,폭력행위 등 처벌에 관한 법률 일부개정법률안,계류,2010-02-08,"","","◎ 제안이유 및 주요내용
  사형은 국민일반에 대한 심리적 위하를 통하여 범죄의 발생을 예방하고, 이를 집행함으로써 특수한 사회악의 근원을 영구히 제거하여 사회를 방어한다는 공익상의 목적을 가진 필요한 형벌임.
  사형은 생명형으로서 인간존재의 바탕인 생명을 빼앗아 사람의 사회적 존재를 말살하는 극형인 궁극의 형벌이므로 타인의 생명을 침해하거나 생명침해에 못지 아니한 중대한 공공이익을 침해한 경우에 한하여 예외적으로 사형을 인정할 필요가 있음. 
  그럼에도 불구하고 우리의 형사 관계법령에 생명침해 등과 관련 없는 범죄의 경우에도 지나치게 폭넓게 사형을 법정형으로 규정하고 있어 이들 법률조항들에 대한 정비가 필요한 실정임. 
  이에 현재 사형과 무기징역으로 규정된 법문에서 사형을 삭제하고 무기징역만 두려는 것임(안 제4조제1항제1호).","강성천,박준선,안효대,유성엽,윤석용,이정선,이한성",법제사법위원회
박준선,46,1807568,PRC_Z1A0J0L2S0J8A1A5U1N5C5V9V3D8B8,특정범죄가중처벌 등에 관한 법률 일부개정법률안,계류,2010-02-08,"","","제안이유 및 주요내용
  사형은 국민일반에 대한 심리적 위하를 통하여 범죄의 발생을 예방하고, 이를 집행함으로써 특수한 사회악의 근원을 영구히 제거하여 사회를 방어한다는 공익상의 목적을 가진 필요한 형벌임.
  사형은 생명형으로서 인간존재의 바탕인 생명을 빼앗아 사람의 사회적 존재를 말살하는 극형인 궁극의 형벌이므로 타인의 생명을 침해하거나 생명침해에 못지 아니한 중대한 공공이익을 침해한 경우에 한하여 예외적으로 사형을 인정할 필요가 있음. 
  그럼에도 불구하고 우리의 형사 관계법령에 생명침해 등과 관련 없는 범죄의 경우에도 지나치게 폭넓게 사형을 법정형으로 규정하고 있어 이들 법률조항들에 대한 정비가 필요한 실정임. 
  이에 현재 사형과 무기징역으로 규정된 법문에서 사형을 삭제하고 무기징역만 두려는 것임(안 제5조의4제3항, 제5조의8제1호 및 제10조).","강성천,박준선,안효대,유성엽,윤석용,이정선,이한성",법제사법위원회
박준선,46,1807567,PRC_W1U0B0C2S0V8B1T5R1U4Z3A6T5K1V4,마약류 불법거래 방지에 관한 특례법 일부개정법률안,계류,2010-02-08,"","","제안이유 및 주요내용
  사형은 국민일반에 대한 심리적 위하를 통하여 범죄의 발생을 예방하고, 이를 집행함으로써 특수한 사회악의 근원을 영구히 제거하여 사회를 방어한다는 공익상의 목적을 가진 필요한 형벌임.
  사형은 생명형으로서 인간존재의 바탕인 생명을 빼앗아 사람의 사회적 존재를 말살하는 극형인 궁극의 형벌이므로 타인의 생명을 침해하거나 생명침해에 못지 아니한 중대한 공공이익을 침해한 경우에 한하여 예외적으로 사형을 인정할 필요가 있음. 
  그럼에도 불구하고 우리의 형사 관계법령에 생명침해 등과 관련 없는 범죄의 경우에도 지나치게 폭넓게 사형을 법정형으로 규정하고 있어 이들 법률조항들에 대한 정비가 필요한 실정임. 
  이에 현행법상 사형과 무기징역으로 규정된 법문에서 사형을 삭제하고 무기징역만을 두려는 것임(안 제6조제1항).","강성천,박준선,안효대,유성엽,윤석용,이한성,이화수",법제사법위원회
박준선,46,1807287,PRC_L0L9J1C2A3Z1K1A1B0E8E4K1X1M9Z8,유해화학물질 관리법 일부개정법률안,의결,2009-12-31,2011-12-29,대안폐기,"제안이유
   유해화학물질 안전교육기관을 화학물질관리협회로 한정하여 운영하는 것은 교육관련 기관의 경쟁을 제한하는 요소로 작용하고 교육수요자가 교육기관을 선택할 수 없는 불편을 초래하므로 이를 개선하려는 것임
주요내용
   유해화학물질 안전교육에 전문성을 갖춘 기관이 참여할 수 있도록 법률에 근거를 마련함","강성천,김세연,박대해,박준선,송영선,이화수,정갑윤",환경노동위원회
박준선,46,1806401,PRC_O0B9D1T0R3L0Z1I1T2Z1N0H5I6X7J0,도로교통법 일부개정법률안,계류,2009-10-30,"","","◎ 제안이유
  경찰청의 최근 음주운전 교통사고 통계에 따르면 음주운전 단속에서 적발된 사람의 39.2%가 다시 음주운전 단속에서 적발되고, 이와 같이 재위반한 사람 중 32.5%는 3회 위반자로서 다시 적발되고 있어 음주운전을 상습적으로 하는 사람이 많다는 것을 알 수 있음.
  따라서 상습 음주운전자에게는 일정 기간 음주운전방지장치(음주운전을 하려는 경우 알코올이 감지되면 시동이 걸리지 않는 장치)가 설치된 차량만을 운전하도록 강제하여 음주운전의 재발을 방지하도록 하려는 것임.
◎ 주요내용
  가. 술에 취한 상태에서의 운전금지 규정을 3회 이상 위반하여 운전면허가 취소된 사람이 운전면허를 새로 받아 자동차등의 운전을 하는 때에는 운전면허증을 교부받은 때부터 3년 이내의 범위에서 음주운전방지장치가 설치된 자동차만을 운전하도록 함(안 제44조의2 신설).
  나. 음주운전방지장치가 설치된 자동차등을 운전하여야 하는 사람이 이를 위반하여 음주운전방지장치가 설치되지 아니한 자동차등을 운전한 때에는 운전면허를 취소하거나 1년 이내의 범위에서 운전면허의 효력을 정지시킬 수 있도록 함(안 제93조제1항제3호의2 신설).
  다. 음주운전방지장치가 설치된 자동차등을 운전하여야 하는 사람이 이를 위반하여 그 기간 중에 술에 취한 상태에서 자동차등을 운전한 때에는 5년 이하의 징역이나 1천 500만원 이하의 벌금에 처하도록 함(안 제148조제1호 신설).
  라. 음주운전방지장치가 설치된 자동차등을 운전하여야 하는 사람이 이를 위반하여 음주운전방지장치가 설치되지 아니한 자동차등을 운전한 때에는 1년 이하의 징역이나 300만원 이하의 벌금에 처하도록 함(안 제152조제1호의2 신설).","강길부,강석호,강성천,고승덕,권영세,권영진,김광림",행정안전위원회
박준선,46,1806022,PRC_X0X9E0S9Y1X5U1X1F4W8E5Z2A6F6Z4,공직선거법 일부개정법률안,계류,2009-09-15,"","","제안이유 및 주요내용
  현행법은 재외선거의 투표방법을 공관에 설치된 재외투표소에 가서 투표하는 것으로만 국한하고 있는데, 재외선거를 실질적으로 보장하기 위하여 공관 외에도 재외투표소를 설치할 수 있도록 하고, 투표방법에 거소에서 투표하는 우편투표를 추가하려는 것임(안 제218조의6 및 제218조의16).","강성천,김성수,김성회,김세연,박대해,박민식,박준선",정치개혁특별위원회
박준선,46,1806021,PRC_V0C9V0R9Z1U5H1Z1Z1C0H3O1N1T1R1,금융실명거래 및 비밀보장에 관한 법률 일부개정법률안,계류,2009-09-15,"","","제안이유
  최근 전화 등 통신수단을 이용하여 세금환급, 카드대금 연체, 출석요구 등을 빌미로 하여 송금을 요구하거나 개인정보 및 금융정보를 탈취하여 현금을 인출하는 금융사기가 급증하고 있음에도 불구하고, 이를 예방하고 범인의 신속한 검거를 위한 제도적인 기반은 미비한 실정임. 
  이에 따라 통신수단을 이용한 금융사기를 예방하고 범인의 신속한 검거를 위하여 필요한 금융거래 정보를 명의인의 요구나 동의 없이도 해당 수사기관에 제공할 수 있도록 법적근거를 마련하려는 것임. 
주요내용
  금융기관에 종사하는 자는 통신수단을 이용한 금융사기의 예방과 범인의 신속한 검거를 위하여 필요한 금융거래 정보를 명의인의 요구나 동의 없이도 해당 수사기관에 제공할 수 있도록 함(안 제4조제1항제1호의2 신설).","강성천,김성수,김세연,박대해,박민식,박준선,서상기",정무위원회
박준선,46,1805404,PRC_M0L9I0P7M0P8J1J0L2T9L1W9F3J8T0,여객자동차 운수사업법 일부개정법률안,의결,2009-07-08,2011-12-29,폐기,"제안이유 및 주요내용
  현행법에 따르면 시·도지사가 여객자동차운송사업의 사업계획변경을 인가하고자 할 때 둘 이상의 시·도에 걸칠 경우 관계 시·도지사와 협의하도록 하고, 협의가 성립되지 않으면 국토해양부장관이 조정을 행하도록 하고 있음.
  그러나 수도권 내 광역버스 노선 신·증설 등에 관한 해당 지방자치단체 간 협의 시 지역 사정 및 이해관계가 서로 다른 가운데 해당 주민의 이익을 옹호하여 상호 원만한 협의·조정에 차질이 빚어지는 사례가 빈발하고 협의·조정 절차가 지연됨에 따라 국민들의 불편이 가중되고 있는 실정임. 
  이에 사업계획변경 내용이 둘 이상의 시·도에 걸칠 경우에는 그 인가권을 시·도지사 대신 국토해양부장관이 직접 행사하도록 하여 지역이기주의에 따른 지방자치단체의 자의적 처리를 막고 공익적 관점에서 보다 공정하고 조속한 처리를 도모하려는 것임.
  그 외 사업자에게 개선명령을 할 경우에도 사업계획 변경 등의 내용이 둘 이상의 시·도에 걸칠 때에는 시·도지사 대신 국토해양부장관이 직접 행하도록 하려는 것임(안 제10조제2항 및 제23조제1항 단서 신설).","남경필,박민식,박준선,성윤환,손범규,원유철,이사철",국토해양위원회
박준선,46,1804782,PRC_F0U9O0V5E0V6U1R3Q2N8I4O5J5H2O8,여객자동차 운수사업법 일부개정법률안,의결,2009-05-06,2011-12-29,폐기,"제안이유 및 주요내용
  시내버스 운전자가 취객 등의 승객으로부터 폭행 당하는 것을 방지하기 위하여 시행규칙에서 시내일반버스에는 운전자를 보호하는 보호벽의 설치를 의무화하고 있음.
  그러나 시내버스 외 시외버스, 고속버스 등과 택시의 경우에는 보호벽 설치에 관한 규정이 없어 운전자가 승객의 폭행과 강력범죄의 위험에 무방비로 노출되어 있는 실정임.
  이에 보호벽 설치 대상차량을 시내버스 뿐만 아니라 모든 여객자동차 운송사업에 사용하는 자동차로 확대하여 법률에서 직접 규정함으로써, 여객자동차 운수종사자의 안전운행을 보장하고 강력범죄를 예방하려는 것임(안제21조제3항 신설).","강성천,김세연,박민식,박준선,손범규,손숙미,안형환",국토해양위원회
박준선,46,1804280,PRC_X0W9D0Y3J2O7I1V6V1V3A5F0E7C3I0,교통사고처리특례법 일부개정법률안,의결,2009-03-27,2009-12-29,대안폐기,"제안이유
  2009. 2. 26. 헌법재판소에서 제4조제1항 본문 중 업무상 과실 또는 중대한 과실로 인한 교통사고로 말미암아 피해자로 하여금 중상해에 이르게 한 경우에 공소를 제기할 수 없도록 규정한 부분이 피해자의 재판절차 진술권과 평등권을 침해한다는 이유로 헌법에 위반된다고 결정함에 따라 교통사고를 일으킨 사람이 피해자에게 중상해를 입힌 경우에 검사가 공소를 제기할 수 있도록 하려는 것임.
주요내용
  교통사고를 일으킨 사람이 피해자의 생명을 위태롭게 하거나, 피해자에게 영구적인 신체적·정신적 장애를 일으켜 일상생활이나 사회생활을 할 수 없게 한 경우 등에 검사가 공소를 제기할 수 있도록 함(안 제4조제1항 단서).","강석호,김금래,김세연,김우남,박준선,손범규,손숙미",법제사법위원회
박준선,46,1804279,PRC_Q0D9U0Y3W2D7K1X6V1H2E0Q4P1T7D2,조세특례제한법 일부개정법률안,의결,2009-03-27,2010-02-07,폐기,"제안이유
     「수도법」제23조에 따라 일반수도사업자가 수도시설의 운영·관리 업무를, 「하수도법」제74조에 따라 공공하수도관리청이 공공하수도시설의 운영·관리업무를 수탁사업자에게 위탁함에 있어서, 
     지방자치단체 또는 지방공단이 제공하는 용역에 대해서는 부가가치세가 면제되나, 지방자치단체나 지방공단이 아닌 수탁사업자는 부가가치세를 부담하게 되어 필수 공공업무인 상하수도사업의 운영효율 개선을 도모하는 민간위탁 제도의 효과를 반감시키는 문제가 발생하므로 이러한  현행 제도의 미비점을 개선·보완하려는 것임.
주요내용
  가. 수도시설 및 공공하수도시설의 운영·관리업무를 위탁받은 자가 공급하는 용역에 대한 부가가치세를 면제함 (안 제106조)
   (1) 부가가치세가 면제되는 재화 또는 용역 중 「수도법」에 따른 수도시설 및 「하수도법」에 따른 공공하수도시설의 운영·관리업무를 위탁받은 자가 공급하는 용역을 면제 대상에 추가함
   (2) 수도시설 및 공공하수도시설의 위탁운영에 대한 조세부담 완화로 필수 공익사업인 상하수도 서비스의 원가상승 요인을 제거하고, 수탁사업자간 공정한 경쟁 환경이 조성될 것으로 기대됨","강성천,김우남,박민식,박준선,손숙미,송민순,송영선",기획재정위원회
박준선,46,1804078,PRC_C0E9N0D3V0X6E1D6Z2U6G4B8F9L8J7,한국은행법 일부개정법률안,의결,2009-03-06,2011-08-31,대안폐기,"제안이유
  최근 위조 또는 변조된 한국은행권을 유통시켜 경제질서를 문란하게 하는 사건들이 발생하여 금전적인 손실을 입은 자가 속출함에도 불구하고 이들을 보호하기 위한 제도적인 기반이 미흡한 실정임.
  이에 한국은행은 위조 또는 변조된 한국은행권을 선의로 취득한 자에 대하여 발생한 금전적인 손실을 보상할 수 있도록 법적인 근거를 마련하려는 것임.
주요내용
  한국은행은 위조 또는 변조된 한국은행권을 선의로 취득한 자에 대하여 발생한 금전적인 손실을 대통령령으로 정하는 바에 따라 보상하도록 함(안 제52조의2 신설).","강성천,김성회,김세연,박민식,박준선,손범규,손숙미",기획재정위원회
박준선,46,1803858,PRC_W0D9O0U2K1G6Z1W7Q3S2A0F6J0I4U1,석면에 의한 건강피해의 관리 및 구제에 관한 법률안,의결,2009-02-16,2010-02-26,대안폐기,"제안이유
  석면은 폐암, 악성 중피종 등의 질병을 유발하는 1급 발암물질임에도 불구하고 그 동안 석면에 대한 관리가 제대로 이루어지지 않아  최근 석면 광산이나 공장의 근로자와 주변지역 주민 등의 석면으로 인한 건강피해 사례가 증가하고 있음.
  그러나 산업재해보상보험이 적용되는 사업장의 근로자가 아닌 피해자의 경우에는 이에 대한 보상제도가 미비하며, 석면으로 인한 질병은 대부분 10년～40년 정도의 긴 잠복기를 걸쳐 나타나기 때문에 근로자의 경우에도 상당수가 산업재해보상보험의 소멸시효에 해당되어 보상을 받기 어려운 실정임. 
  이에 석면으로 인해 질병을 얻은 피해자와 유족 등의 피해구제 제도를 마련함으로써 석면으로 인한 건강피해를 신속하고 공정하게 구제하는 데 기여하려는 것임.
주요내용
  가. 석면 건강피해자의 구제를 위하여 요양급여, 요양수당, 장의비, 특별유족조위금을 지급하도록 함(안 제5조부터 제9조까지).
  나. 구제급여에 관한 업무를 효율적으로 수행하기 위하여 석면피해구제기구를 설립함(안 제10조).
  다. 석면 건강피해의 인정 여부를 심의하기 위하여 환경부에 석면피해심의위원회를 설치함(안 제11조).
  라. 석면 건강피해자를 구제하기 위한 구제급여에 충당하기 위하여 석면피해구제기금을 설치함(안 제22조).
  마. 구제급여 결정에 대하여 불복이 있는 자는 석면피해구제심사위원회에 심사청구를 할 수 있도록 함(안 제27조).
  바. 거짓이나 그 밖의 부정한 방법으로 구제급여를 받은 자는 2년 이하의 징역 또는 2천만원 이하의 벌금에 처하도록 함(안 제39조제1항).","강성천,김동성,박대해,박민식,박준선,손범규,이윤성",환경노동위원회
박준선,46,1803122,PRC_N0C8T1S2K1B9F1Q6E1P4D1W2G0A9E3,수도법 일부개정법률안,의결,2008-12-19,2010-04-28,대안폐기,"■ 제안이유 
  국민들의 수돗물 직접 음용비율이 1%대에 그치는 등 수돗물에 대한 국민의 신뢰도가 낮은 실정에서 지방자치단체인 일반수도사업자와 한국수자원공사에 한하여 수돗물을 용기에 담아 판매할 수 있도록 하여 수돗물에 대한 막연한 불안감을 가지고 있는 국민들이 수돗물을 보다 친숙하게 음용할 수 있도록 하여 수돗물에 대한 인식을 개선하기 위함.
  아울러, 그간에 정부 지침으로 운영되어 오던 상수원보호구역 상류지역 공장설립 제한에 대한 법적 근거를 마련하여 법적 기반아래 제도를 운영할 수 있는 기반을 마련하고, 
기후변화 대비 빗물의 이용 필요성이 높아지고 있는 실정에서 기존에 실내체육관과 종합운동장만 포함되던 빗물이용시설 의무설치대상에 공공청사를 추가하여 빗물의 이용을 보다 활성화할 수 있도록 하기 위함.
  또한, 물에 접촉하는 수도용 자재 및 제품은 환경부장관으로부터 위생안전기준에 적합하다는 인증을 받은 것만을 제조ㆍ수입ㆍ공급ㆍ판매하거나 사용하도록 하여 수도용 자재 및 제품으로부터 발생할 수 있는 수돗물 수질악화 가능성을 원천적으로 봉쇄하여 국민들에게 보다 안전한 수돗물을 공급하도록 하기 위함.
■ 주요내용 
  가. 상수원보호구역 외의 지역에서의 공장설립 제한(안 제7조의2 신설)
    (1) 상수원보호구역의 상류지역에 설립된 공장에서 발생하는 사고 등으로 인하여 상수원이 오염될 가능성이 있음에도 공장의 설립을 제한할 수 있는 법적 근거가 없음.
    (2) 상수원보호구역의 상류지역 또는 취수시설의 상류ㆍ하류 일정 지역에서는 공장을 설치할 수 없도록 하되, 공장설립제한지역 중 일정범위의 지역에서는 공장의 설립을 부분적으로 승인할 수 있도록 함.
    (3) 이와 같이 상수원보호구역 상류지역 등에서 공장의 설립을 제한할 수 있는 근거를 마련함으로써 공장의 화재 등으로 인한 상수원의 수질오염을 예방할 수 있을 것으로 기대됨.
  나. 수돗물 판매 허용(안 제13조)
    (1) 수돗물에 대한 인식을 개선하기 위하여 수돗물의 판매를 제한적으로 허용할 필요가 있음.
    (2) 지방자치단체인 일반수도사업자와 한국수자원공사는 환경부장관의 인가를 받아 수돗물을 판매할 수 있도록 하되, 수돗물을 판매하는 자는 수돗물을 다시 처리하지 아니하고 판매하여야 하고, 환경부령으로 정하는 수질기준을 지켜야 하며, 그 밖에 용기나 포장의 표시 등 환경부장관이 정하여 고시하는 기준을 지키도록 함.
    (3) 이와 같이 수돗물의 판매를 제한적으로 허용함으로써 수돗물에 대한 국민들의 인식이 개선되고, 수돗물 음용(飮用)의 편리성이 증대될 것으로 기대됨.
  다. 수도용 자재 및 제품의 인증(안 제14조, 안 제14조의2 신설)
    (1) 물에 접촉하는 수도용 자재와 제품을 제조하는 자에 대하여는 위생안전기준에 맞는 자재와 제품을 제조할 의무가 부과되어 있지 아니하여 수도용 자재와 제품의 신뢰성을 확보하기 곤란함.
    (2) 물에 접촉하는 수도용 자재 또는 제품을 제조ㆍ수입하려는 자는 환경부장관으로부터 수도용 자재 및 제품이 위생안전기준에 맞는지에 대하여 인증을 받도록 하고, 인증을 받지 아니한 수도용 자재 및 제품은 제조ㆍ수입ㆍ공급ㆍ판매하거나 사용하지 못하도록 함.
    (3) 이와 같이 물에 접촉하는 수도용 자재와 제품은 환경부장관의 인증을 받도록 함으로써 수도용 자재와 제품의 신뢰성이 제고되고, 기준에 미달하는 수도용 자재와 제품으로 인한 수돗물의 오염을 예방할 수 있을 것으로 기대됨.
  라. 빗물이용시설 설치대상시설 확대(안 제16조)
    (1) 종합운동장과 실내체육관에만 빗물이용시설을 설치ㆍ운영하도록 하고 있어 그 설치대상시설을 확대할 필요가 있음. 
    (2) 공공청사의 경우에도 빗물이용시설을 설치ㆍ운영하도록 하고, 시장 등은 빗물이용시설의 관리상태를 조사하여 필요한 경우 개수ㆍ보수 등의 조치를 명할 수 있도록 함.
    (3) 이와 같이 공공청사에도 빗물이용시설을 설치ㆍ운영하도록 함으로써 빗물의 이용이 제고될 수 있을 것으로 기대됨.","강성천,박대해,박준선,손범규,이윤성,이화수,정진섭",환경노동위원회
박준선,46,1803084,PRC_S0Q8N1H2O1O6I1J7X0K8B2X5Z3B7Z0,공직선거법 일부개정법률안,계류,2008-12-16,"","","제안이유 및 주요내용
  현행은 수당·실비를 지급할 수 있는 선거사무원의 수 및 교체 선임할 수 있는 선거사무원의 수를 선거 별로 제한하고, 이를 위반하여 선거사무원을 둔 때에는 1년 이하의 징역 또는 200만원 이하의 벌금에 처하도록 하고 있음. 
  그러나 선거사무원수만 규정되어 있고, 그 역할이 명확히 규정되어 있지 않아 대부분의 후보자가 수당·실비를 지급할 수 있는 선거사무원은 거리유세지원으로 배치하는 실정임.
  한편 대부분의 선거에서 활용하고 있는 전화홍보 자원봉사자의 경우 수당·실비를 지급할 수 없는 별도의 자원봉사자를 활용하고 있어, 편법으로 이뤄지고 있는 사례가 빈번할 뿐만 아니라 자원봉사자의 모집이 어려운 정치초년생은 상대적으로 선거운동에 어려움을 겪고 있는 실정임.
  따라서 법적으로 허용하는 현행 선거사무원 외에 전화를 이용한 선거운동에 활용되는 전화홍보원을 읍·면·동수인의 1명 이내로 둘 수 있게 하고 법적으로 수당·실비를 지급할 수 있도록 하려는 것임(안 제62조제3항 신설).","강성천,고승덕,권경석,김성회,박준선,손숙미,유재중",행정안전위원회
박준선,46,1800842,PRC_R0L8L0N9U0V4W1J6U2O2K5N2I9Q9M5,도로교통법 일부개정법률안,의결,2008-09-04,2009-12-07,대안폐기,"제안이유 및 주요내용
  고유가 시대를 맞아 에너지 절약의 일환으로 자전거 이용 활성화에 대한 필요성이 커지고 있으나 「자전거이용 활성화에 관한 법률」과「도로교통법」이 동시에 적용되면서 규정이 미비하거나 상충되어 자전거 이용에 혼란을 주는 경우가 발생함.
  따라서 “자전거도로”와 “자전거횡단도”의 정의를 「자전거이용 활성화에 관한 법률」과 연계하여 명확히 하고, 자전거횡단도의 설치를 의무화하여 보행자 및 자전거운전자의 안전을 확보하려는 것임(안 제2조제8호의2 및 제10조제6항·제7항 신설).","강용석,고승덕,김소남,김영우,김정권,박민식,박준선",행정안전위원회
박준선,46,1800737,PRC_R0V8S0Q8Q2I6F1N1T3D1J2E5M5C7N0,국민투표법 일부개정법률안,의결,2008-08-26,2009-02-05,수정가결,"제안이유 및 주요내용
  민주주의 국가에서 참정권은 국민주권과 대의제 민주주의의 실현수단으로서 최대한 보장되어야 하고, 헌법에서 규정하고 있는 국가안전보장·질서유지 또는 공공복리를 위하여 필요하고 불가피한 예외적인 경우에만 그 제한이 정당화될 수 있음.
  국민투표는 주민등록 여부와 관계없이 19세 이상의 국민에 대하여 투표권을 부여하고 있으나, 실제 이 법에 따른 국민투표의 투표인명부는 국민투표일 공고일 현재로 그 관할 구역 안에 주민등록이 된 투표권자에 한하여 작성하도록 하여 「주민등록법」에 따라 주민등록을 할 수 없는 재외국민의 투표권을 제한하고 있음.  
  이는 국가의 노력에 의하여 극복될 수 있는 투표기술적 사유 등으로 주민등록을 할 수 없는 재외국민의 투표권을 제한하여 헌법에서 보장하고 있는 참정권 및 평등권을 침해하는 것임. 
  따라서 국민투표의 투표권자 및 이 법에 따른 국민투표의 투표인명부 작성 대상자에 국민투표일 공고일 현재 그 관할 구역 안에 국내거소신고가 되어 있는 재외국민을 포함하도록 하려는 것임(안 제4조제1항).
■ 위원회 수정사항 
  □ 수정이유 및 수정주요내용 
헌법재판소 불합치결정에 따라 실효된 조항의 우선정비를 위하여 이 법의 시행시기를 공포한 날로 함.","강성천,구본철,김효재,남경필,박준선,안상수,유기준",행정안전위원회
박준선,46,1800733,PRC_O0Q8C0J8Q2A6T1E1P1O9N1O7L5I1S8,공직선거법 일부개정법률안,의결,2008-08-26,2009-02-05,대안폐기,"제안이유
  민주주의 국가에서 선거권 및 피선거권은 국민주권과 대의제 민주주의의 실현수단으로서 최대한 보장되어야 하고, 헌법에서 규정하고 있는 국가안전보장·질서유지 또는 공공복리를 위하여 필요하고 불가피한 예외적인 경우에만 그 제한이 정당화될 수 있음.
  그러나 현행은 대통령선거 및 국회의원선거는 주민등록 여부와 관계없이 19세 이상의 국민에 대하여, 지방의회의원 및 장의 선거는 19세 이상의 국민으로서 선거인명부작성기준일 현재 해당 지방자치단체에 주민등록이 되어 있는 자에 한하여 각각 선거권을 부여하고 있으나, 실제 이 법에 따른 모든 공직선거의 선거인명부는 작성기준일 현재로 그 관할 구역 안에 주민등록이 되어 있는 선거권자에 한하여 작성하도록 하여 「주민등록법」에 따라 주민등록을 할 수 없는 재외국민의 선거권을 제한하고 있으며,
  피선거권이 있는 자는 대통령선거는 선거일 현재 5년 이상 국내에 거주하고 있는 40세 이상의 국민, 국회의원선거는 25세 이상의 국민으로 각각 규정하여 대한민국국적을 가지고 있는 자는 주민등록 여부에 관계없이 대통령선거 및 국회의원선거의 후보자가 될 수 있도록 하고 있으나, 지방의회의원 및 지방단체의 장의 선거는 선거일 현재 계속하여 60일 이상 해당 지방자치단체의 관할 구역 안에 주민등록이 되어 있는 주민으로서 25세 이상의 국민으로 규정하여 주민등록을 할 수 없는 재외국민의 피선거권을 제한하고 있음.
  또한, 부재자신고는 그 대상을 선거인명부에 오를 자격이 있는 국내거주자로 한정하고 있어 주민등록이 되어 있더라도 선거일에 국외에 거주·체류하는 자의 선거권을 제한하고 있음.
  이는 국가의 노력에 의하여 극복될 수 있는 선거기술적 사유 등으로 주민등록을 할 수 있으나 국외에 거주·체류하는 국민 또는 주민등록을 할 수 없는 재외국민의 선거권·피선거권을 제한하여 헌법에서 보장하고 있는 선거권·공무담임권 및 평등권을 침해하고, 보통선거의 원칙에도 위반됨. 
  따라서 지방의회의원 및 지방자치단체의 장의 선거의 선거권자·피선거권자 및 이 법에 따른 공직선거의 선거인명부 작성 대상자에 명부작성기준일 현재 그 관할 구역 안에 국내거소신고가 되어 있는 재외국민을 포함하도록 하고, 임기만료에 의한 대통령선거 및 비례대표국회의원선거에 있어서 국외에 거주·체류하거나 선거일에 국외에 거주·체류할 것이 예상되는 19세 이상의 대한민국 국민은 국외부재자투표를 할 수 있도록 하려는 것임.
주요내용
 가. 19세 이상의 재외국민으로서 해당 지방자치단체의 관할 구역 안에 국내거소신고가 되어 있는 자에 대하여 지방자치단체의 의회의원 및 장의 선거권을 부여함(안 제15조제2항제1호의2 신설).
  나. 25세 이상의 재외국민으로서 해당 지방자치단체의 관할 구역 안에 국내거소신고가 되어 있는 자에 대하여 지방의회의원 및 지방자치단체의 장의 피선거권을 부여함(안 제16조제3항).
  다. 명부작성권자는 해당 지방자치단체의 관할 구역 안에 국내거소신고가 되어 있는 재외국민에 대하여 선거인 명부를 작성하도록 함(안 제37조제1항).
  라. 임기만료에 의한 대통령선거 및 비례대표국회의원선거에 있어서 국외에 거주·체류하거나 선거일에 국외에 거주·체류할 것이 예상되는 19세 이상의 대한민국국민은 선거일 전 150일부터 선거일 전 60일까지 대한민국재외공관의 장 또는 중앙선거관리위원회에 서면으로 부재자신고를 할 수 있도록 함(안 제218조의2 신설).
  마. 중앙선거관리위원회는 대통령선거 및 비례대표국회의원선거일 전 49일 현재 국외부재자신고를 한 자를 대상으로 국외부재자신고인명부를 작성하도록 함(안 제218조의3 신설).
  바. 정당 또는 후보자가 국내에서 송출하는 텔레비전 및 라디오방송시설을 이용하여 선거운동기간 중 소속 정당의 정강·정책이나 후보자의 정견 등을 광고하고, 정보통신망을 이용하여 선거운동기간 중에 인터넷홈페이지 또는 그 게시판·대화방 등에 선거운동을 위한 내용의 정보를 게시하거나 전자우편을 전송하는 등 국외에 거주·체류하는 국외부재자신고인에 대하여 할 수 있는 선거운동의 방법을 규정함(안 제218조의9 신설).
  사. 재외공관의 장은 선거일 전 12일부터 3일간 재외공관에 국외부재자투표소를 설치·운영하되, 필요하다고 인정하는 때에는 분소를 설치·운영할 수 있도록 함(안 제218조의12 신설).
  아. 국외부재자투표의 개표사무는 중앙선거관리위원회가 지정하는 구·시·군선거관리위원회가 행하도록 함(안 제218조의18 신설).","강성천,구본철,김성태,김효재,남경필,박준선,안상수",행정안전위원회
박준선,46,1800615,PRC_H0Z8I0W8R1A4Z1V0P5V5N1M0I2N3F4,독도의 지속가능한 이용에 관한 법률 일부개정법률안,의결,2008-08-14,2011-12-30,대안폐기,"■ 제안이유 
  독도는 역사적·지정학적으로 뿐만 아니라 국제법상으로도 영토주권 요건인 실효적 지배를 하고 있음에도 불구하고 일본은 독도영유권 주장을 계속적으로 제기하고 있음.
  그러나 현행법에서는 독도 및 그 주변해역의 생태계와 자연환경의 보존 및 해양수산자원의 연구·조사 등에 관한 사항, 독도 안 시설 등의 관리·운용에 관한 사항, 독도의용수비대원과 그 유가족에 대한 지원 등에 대해서 주로 규정하고 있을 뿐 독도의 실효적 지배를 뒷받침하기 위한 규정은 미비한 실정임.
  따라서 국가가 독도 거주자에 대하여 주거지원, 정착금품 지원, 세액의 감면, 소득공제 및 의료지원 등을 하도록 함으로써 일반인들의 독도 거주를 유도하여 독도의 실효적 지배를 강화하려는 것임.
■ 주요내용 
  가. 국가는 독도 거주자의 기본적인 생활과 적응활동이 이루어질 수 있도록 주거지원을 할 수 있도록 함(안 제9조의2 신설).
  나. 국가는 독도 거주자에게 정착여건 및 생계유지능력 등을 고려하여 정착금품을 지원할 수 있도록 하고, 독도 거주자에 대하여 세액의 감면, 소득공제, 국민건강보험료와 국민연금보험료의 전부 또는 일부 지원, 건강검진과 질환의 예방 및 치료를 위한 시설의 설치·운영 등에 필요한 지원을 할 수 있도록 함(안 제9조의3 신설).","강승규,권영진,김기현,김동성,김성태,김소남,김정권",독도영토수호대책특별위원회
박준선,46,1800596,PRC_U0S8P0F8B1M2T1V7S3K6N3O1O1B2G3,법률구조법 일부개정법률안,계류,2008-08-12,"","","■ 제안이유 및 주요내용 
  현행 「법률구조법」에서 법률구조공단이 지방법원, 지방법원지원, 시·군법원의 소재지에만 지부·출장소·지소를 둘 수 있도록 하여 법원이 없는 읍·면 지역에는 법률구조공단이 사무소를 둘 수 없는바, 법원이 없는 지역에서도 법률구조공단의 법률서비스를 받을 수 있도록 하기 위하여 법원이 없는 읍·면 지역에도 법률구조공단의 지소를 둘 수 있도록 하고, 법률구조공단이 공익법무관을 다른 지역에 우선하여 읍·면에 배치하도록 하려는 것임(안 제10조 및 제33조의2).","강용석,김동성,김소남,김영우,김정권,박준선,손범규",법제사법위원회
박준선,46,1800237,PRC_H0N8T0C7L1U1B1L7S1T2J1E7W5E0X2,농지법 일부개정법률안,의결,2008-07-11,2009-04-29,대안폐기,"제안이유
  「농지법」상 농지는 농업인과 농업법인만이 농업경영의 목적으로 소유할 수 있고, 예외적으로 주말·체험영농 목적으로 소유하는 경우와 상속받은 농지를 소유하는 경우 등이 허용됨.
  한계농지는 영농여건이 불리한 지역임에도 불구하고 일반 농지와 동일하게 농업경영 목적으로만 소유하도록 함에 따라 농지의 유동화 및 농촌경제 활성화에 지장을 초래하고 있음.
  이에 한계농지에 대한 소유규제 등을 완화하여 비농업인이 농업경영 외의 목적으로도 소유·임대 등을 할 수 있도록 조치할 필요가 있음.
  다만, ？농어촌정비법？상 한계농지라 함은 농업진흥지역 밖 농지 중 최상단부에서 최하단부까지의 평균경사율이 15퍼센트 이상인 농지이거나 집단화된 농지의 규모가 2만제곱미터 미만인 농지를 말하는데, 최근 고조되고 있는 식량위기 상황 등을 고려하여 동 한계농지 중 평균경사율이 15퍼센트 이상인 경우에만 한정하여 소유규제 등을 완화할 필요가 있음.
주요내용
  「농어촌정비법」 제2조제10호에 따른 한계농지 중 최상단부에서 최하단부까지의 평균경사율이 15퍼센트 이상인 농지로서 같은 법 제79조제2항에 따라 고시된 농지의 소유·임대차 또는 사용대차에 대한 제한을 완화함(안 제6조제2항제9호의2 신설).","김동성,김영우,김희철,박민식,박종희,박준선,손범규",농림수산식품위원회
