신상진,105,1813841,PRC_F1H1L1Q1B1A1G1U4I4U0N1N7Y3E8R8,국민건강보험법 일부개정법률안,의결,2011-11-11,2011-12-29,대안폐기,"■ 제안이유 
  현재 건강보험 가입자 중 직장가입자의 보험료는 보수만을 기준으로 산정하고 있으나, 이는 같은 직장가입자 중 보수 이외의 소득을 보유하는 있는 자와의 관계에서는 부담능력에 따라 차등 부과하여야 한다는 원칙에 부합하지 않으며, 모든 종합소득에 보험료가 부과되는 지역가입자와의 형평성에도 맞지 않음. 이에 직장가입자에 대하여 보수 외의 소득에 대하여도 보험료를 부과할 수 있는 근거를 마련함으로써 가입자간 부담의 형평성을 제고하고자 하는 것임.
■ 주요내용 
  가. 소득월액보험료 징수 근거 마련(안 제62조제4항, 제63조의2, 제67조 및 제68조)
    (1) 직장가입자(임의계속가입자 포함)에 대하여 보수를 기준으로 산정하는 보수월액보험료 이외에 다른 소득을 기준으로 산정하는 소득월액보험료를 징수하도록 함
  나. 소득월액 보험료 신설에 따른 관련 규정 정비(안 제48조제3항, 제74조제4항·제5항, 제79조제3항, 제82조제1항, 제84조제1항 및 제93조의2제4항)
    (1) 직장가입자가 소득월액 보험료를 체납하는 경우에도 급여제한이 가능하도록 함
    (2) 그 외 휴직자의 보수월액 보험료 고지유예, 직장가입자의 자료제출, 보고·검사의무 등 소득월액 보험료 신설에 따라 관련규정을 정비함.","곽정숙,박순자,박은수,신상진,원희목,윤석용,이애주",보건복지위원회
신상진,105,1813723,PRC_T1B1O1T1Y0U2O1D7Y1L1M3T8B5K0T7,감염병의 예방 및 관리에 관한 법률 일부개정법률안,계류,2011-11-02,"","","제안이유
  감염병의 예방 및 관리에 관한 업무 중 일부는 전문성을 갖춘 기관 및 단체에서 수행하여 효율과 효과성을 제고할 수 있으므로, 이들 기관 및 단체에서 보건복지부장관이 수행하는 업무 중 일부를 위탁하기 위해 법적근거를 마련하고자 함.
주요내용
  보건복지부장관이 감염병의 예방 및 관리에 관한 업무의 일부를 관련 기관 또는 관련 단체에 위탁할 수 있도록 함(안 제76조제2항 신설)","강명순,김을동,박상은,손숙미,신상진,유재중,이명수",보건복지위원회
신상진,105,1813684,PRC_E1X1V1F0P2W8O1T7H3E8Q4C6E3Y7Y9,의료법 일부개정법률안,의결,2011-10-28,2011-12-29,대안폐기,"제안이유
  최근 기승을 부리는 사무장 병·의원(비의료인이 의사의 명의를 빌어 개설한 의료기관)이 허위과다청구, 비인권적인 환자 처우, 주변 병·의원과의 마찰 등 많은 문제점을 안고 있어 정부가 나서 집중 단속하고자 하나 내부고발이나 자진신고 없이는 사무장병·의원 단속이 거의 불가능함. 의료법상 비의료인에게 고용된 의료인이 자진하여 신고하더라도 처벌에 정상참작이 되지 않고 있어 이에 대해 의료인들이 자진신고를 할 경우 그 행정처분을 면제함으로써 불법을 자행하는 사무장병·의원을 퇴출시키고자 하려는 것임.
  또한, 법 위반행위에 대해 검사의 불기소처분이나 법원의 선고유예 판결의 경우 처벌의 필요성이 없음을 사법기관이 공식적으로 인정한 경우로 보건복지부장관 또는 시장·군수·구청장의 행정처분도 유예 근거를 마련하고 자 함임.
주요내용
  가. 비의료인에게 고용된 의료인들이 그 사실을 자진신고를 할 경우 그에 대한 행정처분을 면제하는 법적근거 마련함(안 제66조제3항 신설).
  나. 의료인이나 의료기관이 이 법을 위반하여 검사의 입건유예 처분이나 불기소 처분 또는 법원의 선고유예 판결을 받았을 경우, 보건복지부장관 또는 시장·군수·구청장의 행정처분에 대한 유예 근거를 마련함(안 제68조제2항 신설).","강명순,김성회,김을동,박상은,변웅전,신상진,이낙연",보건복지위원회
신상진,105,1813680,PRC_J1I1I1Q0E2H8Y1A7Q1S1A1B3D4Q2B4,장사 등에 관한 법률 일부개정법률안,의결,2011-10-28,2011-12-30,대안폐기,"","강명순,김을동,박상은,박순자,신상진,유성엽,이낙연",보건복지위원회
신상진,105,1813678,PRC_F1V1G1R0W2W8E1I7F0G8S2N5S3W2R6,인체유래세포 보관 및 관리에 관한 법률안,계류,2011-10-28,"","","제안이유
  인체에 이식할 목적으로 인체유래세포(조직세포, 면역세포, 줄기세포 등)를 채취, 배양, 검사, 보관, 공급하는데 있어 명확한 규정이 마련되어 있지 않아 정부의 관리가 용이하지 않으며 윤리적 문제까지 대두될 소지가 큼. 이에 필요한 사항을 법률로 정해 인체유래세포의 품질과 안전성을 확보하고 국민보건의 향상에 이바지하는 것을 목적으로 함.
  또한, 인체유래세포에 관한 사항을 정부가 투명하게 관리함으로써 국가 신성장동력으로써의 관련 산업 육성에도 크게 이바지 할 것으로 기대함.
주요내용
  가. 이 법은 인체에 이식할 목적으로 인체유래세포를 채취, 배양, 검사, 보관, 공급하는 데 있어 필요한 사항을 정함으로써 인체유래세포의 품질과 안전성을 확보하고 국민보건의 향상에 이바지하는 것을 목적으로 함(안 제1조).
  나. “인체유래세포”란 인체에서 추출한 조직세포(피부, 연골, 지방, 심장, 뼈, 신경, 근육세포 등), 면역세포(수지상세포, 자연살해세포, 림프구 등), 줄기세포(배아줄기세포는 제외한다) 등을 말함(안 제2조제1호).
  다. 누구든지 금전 또는 재산상의 이익, 그 밖의 반대급부를 주고받거나 주고받을 것을 약속하고, 자신의 인체유래세포를 타인에게 주거나 타인의 인체유래세포를 자신에게 이식하기 위하여 받는 행위 또는 이를 각각 약속하는 행위를 하여서는 아니 됨(안 제4조).
  라. 인체유래세포의 보관 및 관리 등에 관하여 보건복지부장관의 자문에 응하여 심도 있는 심의를 위하여 보건복지부에 인체유래세포자문위원회를 둠(안 제5조).
  마. 누구든지 본인 또는 타인의 질병치료 등을 목적으로 본인의 인체유래세포의 채취, 배양, 검사, 보관, 공급 등에 관한 사항을 인체유래세포은행의 장에게 위탁 또는 기증할 수 있음(안 제6조).
  바. 인체유래세포는 위탁ㆍ기증자 또는 그 법정대리인이 동의한 경우에 한하여 채취하여야 함(안 제7조).
  사. 인체유래세포은행을 개설하고자 하는 자는 대통령령으로 정하는 시설, 장비, 인력 및 품질관리체계 등을 갖추어 보건복지부장관의 허가를 받아야 함(안 제8조).
  아. 인체유래세포를 이식 시술하려는 의료기관은 대통령령으로 정하는 시설·장비·인력 등을 갖추고 보건복지부장관으로부터 이식의료기관으로 지정을 받아야 함(안 제17조).
  자. 보건복지부장관은 인체유래세포의 효과적인 관리를 위하여 인체유래세포정보센터를 설치하고 운영하여야 함(안 제23조).
  차. 보건복지부장관은 인체유래세포의 품질관리 및 안전성 향상을 위하여 보건복지부령으로 정하는 바에 따라 인체유래세포은행의 인체유래세포관리업무에 관한 심사·평가를 실시하고, 그 결과를 공표할 수 있음(안 제27조).
  카. 인체유래세포은행·이식의료기관 또는 인체유래세포 연구기관 등에 종사하는 자 또는 종사하였던 자는 그 업무상 알게 된 타인의 비밀을 누설하거나 공개하여서는 아니 됨(안 제31조).","강명순,김을동,박상은,신상진,유재중,이명수,이종혁",보건복지위원회
신상진,105,1813677,PRC_I1S1Q1S0U2E8E1K7D0B6G5P6B3Y2V5,의료급여법 일부개정법률안,계류,2011-10-28,"","","제안이유
  국가가 생활이 어려운 자의 의료비를 부담하는 의료급여제도의 수가결정 과정이 현행 「의료급여법」 제7조제2항에 따라 “의료수가기준과 그 계산방법 등에 관하여는 보건복지부장관이 정한다.”라고 되어 있으나, 그 자세한 방법과 절차 등이 규정되어 있지 않아 건강보험과 같은 과정 없이 십여 년 간 방치됨은 물론 심각한 형평성 문제를 초래함.
  그 결과 일부 의료급여 환자의 경우 10여 년 전에 규정된 예외 조항에 의하여 그간의 의료 환경의 변화 및 의료 발전의 혜택을 받지 못하고 동일한 진료 현장에서 건강보험 환자에 비해 차별받는 낙인 복지의 대표적인 사례가 되고 있음.
  의료행위의 다양성, 복잡성 및 급격한 발전성을 고려할 때 의료급여 수가를 건강보험 수가와 다른 체계로 결정하는 것이 현실적으로 매우 어렵고, 또 이는 동일한 장소 동일한 시점에 같은 내용의 진료를 다른 수가로 시행하여야 한다는 근본적인 모순을 내포하고 있다는 점, 그리고 현재 거의 대부분의 의료급여 수가를 건강보험 수가를 준용한다는 점 등을 고려하여 의료급여 수가 결정 과정을 현행 「의료급여법」 내에 개정안과 같이 명시하여 모든 의료급여 환자가 건강보험 환자와 차별 없이 진료받게 하고자 함.
주요내용
  의료수가기준과 그 계산방법 등에 관하여는 「국민건강보험법」 제42조에 따라 산정된 요양급여비용을 준용하도록 함(안 제7조제2항).","강명순,김광림,김을동,박상은,신상진,유재중,이명수",보건복지위원회
신상진,105,1813555,PRC_P1Q1H1P0R2S1U1M5N0J6C2R5C6O7V5,응급의료에 관한 법률 일부개정법률안,계류,2011-10-21,"","","제안이유 및 주요내용
 2010년 기준 우리나라의 응급실 이용 환자수는 1,000만명으로 국민 5명당 1인이 응급의료를 이용하고 있으며 응급환자의 경우 생명에 위협을 느낄만한 상황에 자주 노출되고 의료기관이나 의사를 선택할 능력과 시간이 없어 응급환자가 자신의 생명에 대해 의료기관이나 의사를 선택하지 못하는 상황이 자주 발생하며 환자발생 초기의 정확한 처치가 생존률과 유병률에 큰 영향을 미치고 있다. 이런 이유로 지역별 혹은 의료기관별로 최소한의 평준화된 응급의료수준이 갖추어져야 한다. 또한 전세계적으로 증가하고 있는 각종 재난사고에 따른 응급환자 발생시의 재난안전망으로서의 응급의료체계의 구축은 국민의 생명보호를 위한 기본적인 사회안전망으로 헌법에 보장된 국민보건권의 실현을 위한 가장 기본적인 국가의 의무이자 국민복지 실현의 출발점이라 할 것이다.
  그러나, 우리나라의 응급의료는 OECD국가 중 최하위 수준이며 다른 의료분야의 국민 만족도가 60～65%인 것에 비하여 25%대에 머물고 있고 외상환자의 예방가능한 사망률도 선진국의 10%대에 비하여 32.6%에 달하는 등 국가 전반적인 응급의료 수준이 현저히 낙후되어 있고 지역적으로 응급의료 취약지가 다수 존재하며 외상환자를 치료하기 위한 외상센터의 부재, 사회 취약계층에 대한 의료비 지원부족 등의 여러 가지 문제가 상존하기 때문에 일정수준의 응급의료 인프라가 구축될 때까지는 안정적 재원이 필요하다.
 응급의료는 현장치료, 이송중 치료 등 의료기관 이외의 장소에서도 
의료행위가 수행되므로, 의료기관 이외에서의 인프라 구축비용이 필요
하지만 민간의료가 90% 이상을 차치하고 있는 현재의 의료현실에서 
민간의료기관이 이에대한 투자를 기대하기 어려운 실정이다. 그러므
로, 국가의 직접적인 지속 지원이 필요하며 응급환자로 인한 사회적 
손실은 년간 17조 5천억원으로서, 우리나라 사망원인 1위인 암으로 인
한 사회적 손실인 년간 17조원 보다 손실규모가 크므로(2002. 보건사
회연구원) 응급의료체계 구축에 의한 사회적 편익도 매우 큰 것이 현
실이다.
  선진국형 응급의료체계 구축을 위한 당면과제로 취약계층과 취약지
의 해소, 외상센터의 설립, 대국민 응급처치 교육, 119구급대 등의 이
송체계 확립, 도서, 산간지역 주민에 대한 응급처치 제공, 급성기 응급
질환 치료를 위한 의료기관 지원 등의 문제 해결을 위해서는 선진외
국과 같이 응급의료에 대한 일정 수준의 안정적이고 지속적인 재정확
보가 필요한 실정이다.
  그러나 우리나라는 응급의료기금을 조성하는 재원 중 정부출연금에 해당하는 「도로교통법」 제160조제2항 및 제3항에 따른 과태료(같은 법 제161조제1항제1호에 따라 지방경찰청장이 부과·징수하는 것에 한한다)에 관한 규정은 2012년 12월 31일까지 한시적으로 적용하도록 하고 있어, 그 유효기간이 경과된 이후 실효되면 응급의료기금의 재원 마련에 어려움이 있고 이 경우 선진국형 응급의료체계 구축은 요원하며 후진국형 응급의료체계로 질적 저하가 이루어지고 그 피해는 고스란히 일반국민에게 전가될 위험성이 있으며 OECD 국가로서의 국가위상에도 영향을 미칠것임 . 
  따라서 정부출연금에「도로교통법」에 따른 수입의 25%에 해당하는 금액을 출연토록 하고, 응급의료기금의 재원 조성 과태료 수입을 한시적으로 규정한 유효기간을 삭제함으로써 응급의료기금 재원을 안정적으로 확보하여 예방 가능한 응급환자의 생명보호 및 건강증진에 이바지 하려는 것임.  
주요내용
 가. 응급의료기금의 재원을 조성하기 위한 정부출연금에 과태료 수입의 25%에 해당하는 금액을 출연토록함(안 제20조제2항).
 나. 응급의료기금의 재원 조성 과태료 수입을 한시적으로 적용하도록 규정한 유효기간을 삭제(안 부칙제3항 삭제)","김호연,신상진,원희목,유기준,유재중,이진복,이한성",보건복지위원회
신상진,105,1813243,PRC_C1W1K0H9H2X0C1C7K1C6T0Z4Y5H9G3,지방의료원의 설립 및 운영에 관한 법률 일부개정법률안,의결,2011-09-20,2011-12-30,대안폐기,"제안이유
  지방의료원의 설립목적은 지역주민의 건강증진과 지역보건의료발전을 위함임. 질 높고 저렴한 진료를 받고자 하는 서민의 요구는 높아지지만 지방자치단체의 열악한 재정과 우수 인력 확충의 어려움으로 지방의료원 경영은 악화되고 있음.
  이에 현행 「지방의료원의 설립 및 운영에 관한 법률」 제26조제3항에서는 지방자치단체의 장이 경영상의 상당한 이유가 있을 경우 지방의료원 운영을 대학병원에 위탁할 수 있다는 근거조항을 두고 있음. 그러나 전국 34개 지방의료원 중 단 2개 의료원만 대학병원에 위탁하고 있을 뿐 위탁병원에 대한 뚜렷한 인센티브가 없어 제도적 실익이 없음.
  이에 지방의료원의 본래 기능인 지역주민의 건강증진과 지역보건의료발전을 제고시키기 위해 위탁 지방의료원에 서민을 위한 국고보조사업 지원과 각종 비급여 진료비 및 본인부담금을 감면하는 근거규정을 보완하자고자 함임. 아울러 지방자치단체의 조례에 따라 대학병원 등에 위탁을 할 수 있도록 하여 위탁 승인에 대한 지방자치단체의 권한을 확대하려는 것임.
주요내용
 가. 국가는 대학병원 등에 위탁한 지방의료원의 경우 비급여 진료비와 본인부담금을 각각 감면함(안 제17조의2 신설).
 나. 지방자치단체의 장은 보건복지부장관의 승인을 얻어 조례로 정하는 바에 따라 지방의료원 운영을 대학병원 등에 위탁운영함. 이 경우 보건복지부장관은 서민을 위한 국가보조사업을 우선적으로 지원함(안 제26조제3항).","강길부,강명순,권경석,나성린,신상진,안효대,원희목",보건복지위원회
신상진,105,1813114,PRC_T1I1I0U9V0K2H1U6H0Q6Q2A3A6Y6C4,지방의료원의 설립 및 운영에 관한 법률 일부개정법률안,의결,2011-09-02,2011-09-20,철회,"■ 제안이유 
  지방의료원의 설립목적은 지역주민의 건강증진과 지역보건의료발전을 위함임. 질 높고 저렴한 진료를 받고자 하는 서민의 요구는 높아지지만 지방자치단체의 열악한 재정과 우수 인력 확충의 어려움으로 지방의료원 경영은 악화되고 있음.
  이에 현행 「지방의료원의 설립 및 운영에 관한 법률」 제26조제3항에서는 지방자치단체의 장이 경영상의 상당한 이유가 있을 경우 지방의료원 운영을 대학병원에 위탁할 수 있다는 근거조항을 두고 있음. 그러나 전국 34개 지방의료원 중 단 2개 의료원만 대학병원에 위탁하고 있을 뿐 위탁병원에 대한 뚜렷한 인센티브가 없어 제도적 실익이 없음.
  이에 지방의료원의 본래 기능인 지역주민의 건강증진과 지역보건의료발전을 제고시키기 위해 위탁 지방의료원에 서민을 위한 국고보조사업 지원과 각종 비급여 진료비 및 본인부담금을 감면하는 근거규정을 보완하자고자 함임. 아울러 지방자치단체의 조례에 따라 대학병원 등에 위탁을 할 수 있도록 하여 위탁 승인에 대한 지방자치단체의 권한을 확대하려는 것임.
■ 주요내용 
 가. 국가는 대학병원 등에 위탁한 지방의료원의 경우 비급여 진료비와 본인부담금을 각각 감면함(안 제17조의2 신설).
 나. 지방자치단체의 장은 보건복지부장관의 승인을 얻어 조례로 정하는 바에 따라 지방의료원 운영을 대학병원 등에 위탁운영함. 이 경우 보건복지부장관은 서민을 위한 국가보조사업을 우선적으로 지원함(안 제26조제3항).","강길부,강성천,김성조,박상은,신상진,원희목,이경재",보건복지위원회
신상진,105,1812847,PRC_U1F1X0W8D1T1R1E3X2M2T0Z8Q9B4M2,영유아보육법 일부개정법률안,의결,2011-08-11,2011-12-29,대안폐기,"제안이유 및 주요내용
  최근 보육현장은 지층 및 4층 폐쇄, 놀이터설치기준, 재해대비시설 등 보육시설 설치기준을 강화하는 내용의 「영유아보육법」(법률 제7153호, 2004. 1. 29)과 「영유아보육법 시행규칙」(여성부령 제14호, 2005. 1. 29)을 기 인가받은 보육시설에 대하여도 무리하게 소급적용함으로 인하여 영·유아에게 양질의 보육서비스를 제공하고자 하는 입법 취지와는 달리 수많은 보육시설이 보육정원을 축소하거나 시설운영 자체를 중단하게 하였음. 이로 말미암아 보육시설종사자의 실직은 물론 수천여명의 영유아가 기존에 재원 중인 보육시설에서 보육을 받지 못하는 불합리한 사태를 초래함. 
  따라서 재해대비시설의 경우 지방보육정책위원회의 심의를 거쳐 안전에 지장에 없다고 판단할 경우 법규의 제정·개정 등의 사유로 기존 인가받은 시설에 대해 무리하게 소급적용을 아니하도록 하여 보육시설의 안정적 운영을 보장받고자 함(안 제15조의3 신설).","김기현,김선동,노철래,박우순,신상진,신지호,유재중",보건복지위원회
신상진,105,1812623,PRC_F1O1G0L7G1C4W1M4T4L7M0B0H0U9X7,주택법 일부개정법률안,의결,2011-07-14,2011-12-29,폐기,"제안이유 및 주요내용
  주택을 건설하여 공급하는 경우 「주택법」 제38조제1항 후단에 따라 국가유공자, 장애인, 철거주택의 소유자 등 취약계층은 특별공급의 대상자가 되는 반면, 소득 수준이 열악한 여객자동차 운수종사자는 주택 공급과 관련하여 혜택이 없거나 미미한 실정임.
  이에 「여객자동차 운수사업법」에 따른 운수종사자의 경우에도 국민주택 등의 특별 공급 대상자로 지정할 수 있도록 함으로써 운수종사자의 처우를 개선하려는 것임(안 제38조제1항).","김성수,김성태,김을동,김정권,김정훈,신상진,유재중",국토해양위원회
신상진,105,1812572,PRC_M1H1H0C7Y0C6E1X6M1B0C0M7J1O7O8,조세특례제한법 일부개정법률안,계류,2011-07-06,"","","■ 제안이유 
  「조세특례제한법」 제106조의7은 일반택시운송사업자에 부과되는 부가가치세 납부세액의 90%를 경감하고, 그 경감분을 운수종사자에게 현금으로 지급하도록 하고 있음.
  그러나 운수종사자들의 열악한 임금복리후생과 근로여건 개선에 여전히 한계가 있어, 부가가치세 경감률을 납부세액의 90%에서 100%로 상향조정하고, 현재 2011년 12월31일로 되어 있는 특례 적용 기한을 3년 연장하고자 함. 또한 현행법에 의하면 일반택시운송자업자가 부가가치세 경감분을 운수종사자에게 현금으로 지급하지 않을 경우 추징 하도록 되어있으나, 추징 후 국고로 귀속될 뿐 운수종사자에게 지급되지 아니하므로 이를 개선하고자 함.
■ 주요내용 
가. 일반택시운송사업자에 부과되는 부가가치세의 납부세액 경감률을 현행 90%에서 100%로 하고, 경감률 적용 기한을 2014년 12월 31일까지로 3년 연장함(안 제106조의7제1항).
나. 일반택시운송사업자가 부가가치세의 납부세액 경감분을 운수종사자에게 지급하지 아니하여 추징당한 경우, 그 추징금을 일반택시 운수사업자 사업장의 운수종사자에게 지급하도록 함(안 제106조의7제4항 신설).","강명순,권영진,김성수,김호연,손숙미,신상진,원희목",기획재정위원회
신상진,105,1812219,PRC_U1Y1T0J6V1Y3K1F7Q2H4D2B6W3U5O1,형사소송법 일부개정법률안,계류,2011-06-13,"","","■ 제안이유 및 주요내용 
  선고유예의 판결은 1년 이하의 징역을 선고하는 경우에 피고인이 현저히 개전의 정이 있을 때에 선고하도록 형법 제59조는 그 요건을 엄격하게 규정하고 있음에도 일선 법원의 법관은 범행을 부인하거나 무죄를 주장하는 등 뉘우침이 전혀 없는 피고인에게도 온정을 베풀 사정이 있으면 아무 때나 선고유예를 하여 유전무죄·무전유죄의 폐단을 야기하고 유·무죄의 판단에 자신이 없는 경우에 선고유예를 남발하여 사법질서를 심각하게 위협하고 있음.
  더욱 문제인 것은 대법원이 형법 제59조의 규정을 위반하여 선고한 선고유예 판결을 단순히 양형의 문제로 오해하고 상고의 대상이 아니라는 입장을 유지하고 있다는 것임. 대법원의 이런 태도로 말미암아 무죄를 바라는 피고인의 인권을 침해할 뿐 아니라 선고유예가 위법한 경우에도 이를 시정할 길을 원천봉쇄하는 결과를 낳는 등 커다란 모순을 양산하고 있음. 이에 상고대상 판결에 선고유예 판결을 명시적으로 포함시켜 위와 같은 모순점을 해소하려는 것임.(안 제383조제5호 신설).","강명순,고승덕,권성동,김선동,김성곤,박민식,박상은",법제사법위원회
신상진,105,1812110,PRC_H1D1I0S6N0S1S1M8L2Y4I5T9M1W5O6,국민연금법 일부개정법률안,의결,2011-06-01,2011-12-29,대안폐기,"제안이유 및 주요내용
  2010년 기준 우리나라 총 인구는 4900만명이며, 이중 65세 이상 노인 인구는 541만명으로 전체 인구의 10.8%를 넘어 서고 있지만 어르신들에게 필요한 건강, 재무, 여가 등 상담서비스는 일부 지자체 또는 복지관 등을 중심으로 단편적으로 이루어지고 있는 실정임.
  이에 국가 차원에서 어르신의 일자리와 건강, 재무, 여가관리, 봉사활동 등 어르신들에게 필요한 종합적인 노후 생활정보를 제공하는 행복노후설계 센터를 통한 행복노후설계 서비스를 제공하도록 함.
  또한 노후설계서비스에 대한 용어를 정의하고 국민연금공단을 전담기구로 지정하여 기본계획상 노후설계종합지원센터의 기능을 수행하도록 하며 비용에 대한 국고 부담 및 그 밖의 사항을 대통령령으로 정하도록 위임근거를 마련하고자 하는 것임(안 제46조의4 신설).","권영세,박순자,손숙미,신상진,윤석용,윤진식,이경재",보건복지위원회
신상진,105,1812109,PRC_G1T1Q0X6E0T1F1C8X1I6G3B3T9G9T9,저출산·고령사회기본법 일부개정법률안,계류,2011-06-01,"","","","권영세,박순자,손숙미,신상진,윤석용,윤진식,이경재",보건복지위원회
신상진,105,1812108,PRC_T1M1G0N6V0B1H1A8O1A4E3T6W4D0G9,약사법 일부개정법률안,의결,2011-06-01,2011-12-29,대안폐기,"","김금래,김성수,김정권,손숙미,신상진,원희목,유재중",보건복지위원회
신상진,105,1811896,PRC_Y1C1P0F5O2B4S1T5F5L0D3U2E6D5Q8,노인복지법 일부개정법률안,의결,2011-05-24,2011-12-29,대안폐기,"■ 제안이유
  고령화사회로 진입함에 따라 지역사회의 다기능 공간인 경로당은 노인들의 자율적 친목도모, 취미활동, 공동작업장 등 사회적 유대 관계를 증진하고 여가·문화생활을 선용할 수 있는 대표적인 노인여가복지시설로 자리잡고 있음.
  그러나 국가사업으로 실시되던 경로당 운영·관리사업이 지난 2005년부터 지방이양사업으로 이양됨에 따라 지방자치단체의 취약한 재정사정으로 인하여 경로당의 노인들이 자체 회비를 거두어서 급식비를 충당하는 등 경로당 운영이 경제적으로 어려운 실정임.
  따라서 노인들이 편안한 노후생활을 영위할 수 있도록 경로당에 양곡구입비 및 냉난방 비용의 보조, 그 밖의 법률에 따른 공과금을 감면 하도록 함으로써 경로당의 활성화를 기하고 노인의 복지를 증진하려는 것임. 
■ 주요내용 
  가. 국가 또는 지방자치단체는 경로당에 대하여 예산의 범위에서 「양곡관리법」에 따른 양곡의 구입비의 전부 또는 일부를 보조할 수 있음(안 제37조의2 신설).
  나. 국가 또는 지방자치단체는 「전기사업법」·「전기통신사업법」 및 「도시가스사업법」에 따른 전기요금·전기통신요금 및 도시가스요금과 지방자치단체의 조례로 정하는 바에 따라 수도요금을 감면할 수 있으며, 경로당의 냉난방 비용의 전부 또는 일부를 보조할 수 있음(안 제37조의3 신설).","권영진,김성수,김정권,배영식,손범규,신상진,유재중",보건복지위원회
신상진,105,1811830,PRC_G1N1N0T5S1P7T1L4S5H3J4U9V6H7F5,청년고용촉진 특별법 일부개정법률안,계류,2011-05-17,"","","제안이유 및 주요내용
  2011년 2월 기준 청년(15～29세) 실업자는 35만7천명이고 청년실업률은 8.5%로 전체 실업자 109만5천명의 32.6%, 전체실업률 4.5%의 2배에 달하고 있음
  그러나 현행법은 공공기관과 지방공기업에만 한정하여 매년 정원의 3% 이상씩 청년 미취업자를 고용하도록 노력하여야 한다고 규정하고 있어서 청년실업문제를 해소하기에는 미흡한 실정임.
  이에 공공기관 및 지방공기업의 청년 미취업자 고용률을 5%로 상향조정하여 현행 권고사항에서 의무사항으로 개정하고, 직전 3개 사업연도의 평균 매출액이 1천5백억원 이상이면서 500명 이상의 상시근로자를 고용하고 있는 민간기업에게도 이를 적용하며, 의무고용률에 못 미치는 청년 미취업자를 고용하는 사업주에게 고용부담금을 부과·징수하도록 하여 고용의무 이행 민간기업에 고용지원금을 지급할 수 있도록 하려는 것임(안 제5조제1항, 안 제5조의2 및 제5조의3 신설).
  또한, 이 법의 유효기간을 현행 2013년 12월 31일에서 2016년 12월 31일까지 연장함(안 법률 제7185호 청년고용촉진 특별법 부칙 제2항).","강명순,김성수,김성태,김호연,신상진,원희목,유재중",환경노동위원회
신상진,105,1811829,PRC_J1I1X0W5S1H7H1Q4Z5F2J2Y3A9V5H0,국민기초생활 보장법 일부개정법률안,의결,2011-05-17,2011-12-30,대안폐기,"제안이유 
  수급자 및 차상위자의 자활 촉진에 필요한 사업의 수행을 위하여 중앙자활센터 및 지역자활센터를 지정·운영하고 있으며, 현재 일부 광역자활센터를 지정·운영하고 있음에도 광역단위의 자활지원서비스를 제공할 수 있는 법적 근거를 갖추지 않아 효율적인 지원체계에 근거한 정책수립에 어려움이 있음. 이를 해소하기 위하여 시·도 단위 광역자활센터를 설치하는 법적 근거를 마련하고 중앙자활센터와 광역자활센터의 기능을 확대함으로써 기초단위에서 단편적으로 추진하고 있는 자활지원 체계를 전국·광역단위의 자활사업 인프라 구축으로 확대하여 자활사업 전체의 효율성을 제고하려는 것임.
  현재 운영되고 있는 자활공동체의 명칭을 자활기업으로 변경하고 설립요건을 완화하는 동시에 자활기업에 대한 지원을 강화하여 수급자와 차상위자들의 자활을 촉진하고자 함.
주요내용
  가. 국민기초생활보장법에 근거해 설치된 중앙자활센터의 기본 사업 중 수급자와 차상위자에 대한 취업·창업지원 조항을 추가하여 사업의 기능을 확대함으로써 보다 효율적인 자활지원을 위한 제반 사업을 수행하도록 함(안 제15조의2).
  나. 보장기관은 수급자 및 차상위자의 자활의 촉진에 필요한 다음 각 호의 사업을 수행하게 하기 위하여 사회복지법인 등 비영리법인과 단체(이하 “법인 등”이라 한다. 이하 이 조에서 같다)를 법인 등의 신청을 받아 시·도 단위의 광역자활센터를 지정할 수 있다.  이 경우 보장기관은 법인 등의 지역사회복지사업 및 자활지원사업의 수행능력·경험 등을 고려하여야 함(안 제15조의3 신설).
  다. 국민기초생활보장법에 근거해 설치되어 운영되고 있는 자활공동체의 명칭을 자활기업으로 변경하고 그 설립조건을 완화하여 보다 시장 친화적이고 경쟁력을 갖도록 하며, 자금융자 및 경영·기술 지도에 관한 보장기관의 지원을 강화하여 자활사업 참여자들의 자활성공을 촉진하도록 함(안 제18조).","강기정,강명순,김성수,김성태,김호연,박은수,신상진",보건복지위원회
신상진,105,1811800,PRC_J1E1N0H5B1A6X1H3N3P1T2T0G6B9P0,미용사법안,계류,2011-05-16,"","","제안이유
  현재 미용업 종사자는 수십만명에 이르고 있고 최근 한류문화의 확산과 더불어 미용업이 문화산업으로 발전하고 있음은 물론 현재 미용산업규모가 5조원에 이르고 있으며, 2014년이면 7조5천억원이 예상되고 있음. 그러나 미용업이 「공중위생관리법」상에 있어 미용업의 변화와 발전에 따른 미용업 특성을 제대로 반영할 수 없는 것이 현실임. 미용산업은 우수한 기술 한류 열풍 등에 힘입어 새로운 관광수출 콘텐츠로서 높은 성장 잠재력을 보유하고 있음.
  특히 여성의 고용창출 효과가 큰 서비스 산업으로 대외의존도가 높은 우리 경제의 내수기반 확충에 크게 기여할 것으로 평가됨. 이에 정부도 2010년 뷰티산업국가 경쟁력 강화위원회를 설치해 뷰티산업 육성 발전을 지원하고 있음. 따라서 미용업을 21세기 유망산업으로 적극 육성하고 미용사의 자질향상 위한 별도의 제정법을 제안하려는 것임.
주요내용
  가. 이 법은 미용사(美容事)와 관련된 사항을 규정함으로써 미용업의 경쟁력 강화와 미용사의 자질향상을 도모하여 국민의 삶의 질 향상을 목적으로 함(안 제1조).
  나. 미용업은 손님의 얼굴·머리·피부 등을 손질하여 손님의 외모를 아름답게 꾸미는 영업을 말하며, 미용사란 미용업을 하기 위하여 보건복지부장관의 면허를 받은 사람을 말함(안 제2조).
  다. 보건복지부장관은 미용업 진흥을 위한 종합계획을 5년마다 수립하고, 매년 시행계획을 수립·시행하여야 함. 미용업과 관련 3년마다 실태조사를 실시함(안 제5조부터 제7조까지).
  라. 미용사가 되고자 하는 사람은 보건복지부장관의 면허를 받아야 함(안 제9조).
  마. 미용사는 미용업의 건전한 발전을 도모하고 미용사의 권익증진을 위하여 대한미용사협회를 설립할 수 있음(안 제19조).
  바. 협회는 공제사업을 하기 위하여 공제규정을 제정하여 보건복지부장관의 허가를 받아야 함(안 제21조).","김성수,김정권,노철래,신상진,이애주,이정선,이춘식",보건복지위원회
신상진,105,1811369,PRC_L1Q1F0F3Y3M1W1B5D2S2C5J1E8Y2L8,영유아보육법 일부개정법률안,의결,2011-03-31,2011-12-29,대안폐기,"제안이유 및 주요내용
  우리사회 가족구조의 변화와 여성의 사회참여 확대 등으로 인해 영유아보육서비스에 대한 국민적 관심과 수요가 급속도로 증가 하지만, 아직도 보육시설을 이용하는 영유아의 수가 전체 영유아의 절반에도 미치지 못하는 40% 수준임.
  국민의 보육욕구를 해결하고 국가가 책임지는 보육의 정책가치를 효율적으로 실천하기 위해서는 무엇보다 기존 보육시설의 지속적인 운영환경과 영유아의 안정적인 보육권의 보장이 필요함.
  최근 보육현장은 지층 및 4층 폐쇄, 놀이터설치기준, 소방화재시설 등 보육시설 설치기준을 강화하는 내용의 「영유아보육법」(법률 제7153호, 2004. 1. 29)과 「영유아보육법 시행규칙」(여성부령 제14호, 2005. 1. 29)을 기 인가받은 보육시설에 대하여도 무리하게 소급적용함으로 인하여 영·유아에게 양질의 보육서비스를 제공하고자 하는 입법 취지와는 달리 수많은 보육시설이 보육정원을 축소하거나 시설운영 자체를 중단하게 하였음. 이로 말미암아 보육시설종사자의 실직은 물론 수천여명의 영유아가 기존에 재원 중인 보육시설에서 보육을 받지 못하는 불합리한 사태를 초래함. 
  따라서 법규의 제정·개정 등의 사유로 기존 인가받은 시설에 대해 무리하게 소급적용을 아니하도록 하여 보육시설의 안정적 운영을 보장받고자 함.
  한편, 공립보육시설의 수탁기관을 선정하는 경우 각 지역 조례에 따른 위탁심사 기준을 통해 위탁체가 결정되어지고 있으나, 각 지역의 위탁 심사기준이 동일하지 않고 명확하지 않아 일부 지역에서 부정행위가 발생한다는 지적이 지속적으로 제기됨에 따라, 보건복지부가 제시한 “국공립보육시설 위탁체 선정관리 권장 표준안”을 지자체에서 의무적인 규정으로 적용하게 함으로써 객관적이고 일원화된 심의를 통한 공정한 수탁기관이 선정되도록 하려는 것임(안 제15조의2 신설, 안 제24조제2항).","김금래,김성수,김성태,박순자,신상진,유재중,이애주",보건복지위원회
신상진,105,1811142,PRC_F1H1L0K3O1Z1U1S7I3X9Q4F7T8T9K6,의료법 일부개정법률안,의결,2011-03-11,2011-06-29,대안폐기,"제안이유 및 주요내용
  보건복지부가 시행한 ‘2006년 정신질환 실태조사’ 결과에 따르면 정신질환의 치료율은 11.4%에 불과하여 정신질환에 이환된 국민 열 명 중 한 명만이 치료받는 실정인 것으로 나타남. 낮은 치료율은 국민정신건강의 악화로 이어져 우울증 및 자살충동 등 심각한 사회문제를 야기시킴.
  정신과에 대한 일반인의 인식이 “정신이상, 비정상, 부적용” 등 대부분 부정적으로 나타나 치료가 요구되는 환자임에도 불구하고 치료를 꺼리는 등의 악순환이 발생되고 있어 이에 대한 개선이 시급함.
  이에 국민정신건강 향상을 위해 정신과의 명칭을 보다 긍정적이고 국민들에게 친근한 명칭으로 개정할 필요성이 있어 기존의 정신과를 정신건강의학과로 변경하고자 함(안 제3조의3제1항제3호).","권경석,김선동,김성수,김성태,신상진,원희목,유재중",보건복지위원회
신상진,105,1810956,PRC_F1O1O0N2R2H8A1I9G1W1G2M5P9J1X8,도시 및 주거환경정비법 일부개정법률안,의결,2011-02-28,2011-12-29,폐기,"제안이유
  영세한 거주지역의 경우 가구 대부분이 세입자로 구성되어 있어 재개발사업시 사업비 부담 등으로 차질을 빚고 있음. 이에 국·공유지 무상양여 대상에 시장 및 군수, 한국토지주택공사를 사업시행자로 하는 경우를 포함해 안정적인 재개발사업 진행과 공공성을 담보할 필요가 있음. 이에 공공에서 시행하는 주택재개발사업의 경우 일정부분 인센티브를 주고자 함임.
주요내용
  국·공유지의 무상양여 대상에 시장·군수, 한국토지주택공사 등이 단독 시행하는 주택재개발구역을 포함하도록 함(안 제68조제1항).","강명순,김금래,김선동,김성수,박대해,손숙미,신상진",국토해양위원회
신상진,105,1810727,PRC_I1M1Z0M1T3O1R1O6P0R6F3C9U8K2G9,아동 성폭력범죄자의 외과적 치료에 관한 법률안,계류,2011-01-31,"","","■ 제안이유 
  최근 잇따른 아동·청소년 대상 성폭력 범죄가 발생하면서 국민적 인내심은 극에 달하고 있고 국가차원의 가장 확실한 대책이 요구되고 있음. 최근 국회에서 약물을 이용한 성충동 억제에 관한 법률이 통과되었지만, 약물치료가 갖고 있는 약물내성과 부작용, 치료단절에 따른 강한 충동력 발생 등 여러 가지 문제점이 지적되고 있는 만큼 근본적인 처방이 될 수 없음.
 아동·청소년 대상 성범죄에 대한 경종을 울리며, 거세와 같은 특단의 대책이 마련되어야 할 것임. 이에 우선적으로 형벌에 ‘거세’에 관한 근거조항을 마련할 필요가 있으며, 교화나 재활을 기대할 수 없고 재범 발생 위험성이 있다고 인정되는 아동 성폭력 범죄자에게 대해 외과적 치료를 통한 성폭력범죄를 방지할 필요가 있음.
■ 주요내용 
  가. 이 법은 16세 미만 아동을 대상으로 성폭력범죄를 저지른 자 중 상습적 범죄로 교화나 재활을 기대할 수 없고 재범 발생 위험성이 있다고 인정되는 사람에 대해 외과적 치료를 통한 성폭력범죄 방지를 목적으로 함(안 제1조).
  나. “외과적 치료”란 비정상적인 성적 충동이나 욕구로 인해 더 이상 교화나 재활을 기대할 수 없는 자에게 성폭력범죄의 재범 발생을 방지하기 위해 현행 「형법」제41조제10호 따라 거세를 실시하는 것을 말함(안 제2조).
  다. 검사는 16세 미만의 사람에 대하여 성폭력범죄를 저지른 자 중 재범의 위험성이 높고 교화나 재활이 어려운 만 19세 이상의 사람에게 외과적 치료를 청구할 수 있으며, 이미 성폭력범죄로 징역형 이상의 형이 확정된 치료감호 또는 보호감호 중인 자에게도 외과적 치료명령을 청구할 수 있음(안 제4조).
  라. 법원은 검사가 제출한 정신과 전문의의 진단 또는 감정의견만으로 치료명령 피청구자의 성도착증 여부를 판단하기 어려울 때에는 다른 정신과 전문의에게 다시 진단 또는 감정을 명할 수 있음(안 제7조).
  마. 외과적 치료집행은 검사의 지휘를 받아 보호관찰관이 지정한 의사에 의해 집행하도록 함(안 제8조).
참고사항
  이 법률안은 신상진의원이 대표발의한 「형법 일부개정법률안」(의안번호 제10723호)의 의결을 전제로 하는 것이므로 같은 법률안이 의결되지 아니하거나 수정의결 되는 경우에는 이에 맞추어 조정되어야 할 것임.","김성수,김성태,김효재,손범규,손숙미,신상진,안홍준",법제사법위원회
신상진,105,1810724,PRC_S1E1A0Q1V3S1O1Y2S0A3F5B8S4P2D7,도로교통법 일부개정법률안,계류,2011-01-31,"","","제안이유 및 주요내용
  현행 「도로교통법 시행규칙」제91조 및 별표28에 따르면 운전면허의 효력을 정지함에 있어 무사고운전자나 유공운전자의 표시장을 받은 사람으로서 교통안전 봉사활동에 종사하는 사람에 대하여는 정지기간의 2분의 1을 감경하도록 되어 있음.
  그러나 무사고운전자나 유공운전자의 표시장을 받지 않더라도 교통안전 봉사활동이나 사회복지 자원봉사의 실적이 우수한 사람에게 정지기간을 감경해 준다면, 관련 분야 봉사활동이 활성화되고, 이는 결국 교통안전이나 사회복지에도 긍정적으로 작용할 것이므로 「도로교통법 시행규칙」에 규정되어 있는 내용을 법에 규정하는 한편, 교통안전 봉사활동이나 사회복지 자원봉사의 실적이 우수한 사람에게는 정지기간의 2분의 1의 범위에서 집행기간을 감경할 수 있도록 하려는 것임(안 제93조제5항).","김성수,김성태,손숙미,신상진,안홍준,이낙연,이한성",행정안전위원회
신상진,105,1810723,PRC_Q1P1Z0Q1D3Y1H1T3S0R1Z3Z6V9S4S4,형법 일부개정법률안,계류,2011-01-31,"","","■ 제안이유 
  최근 잇따른 아동·청소년 대상 성폭력 범죄가 발생하면서 국민적 인내심은 극에 달하고 있고 국가차원의 가장 확실한 대책을 요구되고 있음. 최근 국회에서 약물을 이용한 성충동 억제에 관한 법률이 통과되었지만, 약물치료가 갖고 있는 약물내성과 부작용, 치료단절에 따른 강한 충동력 발생 등 여러 가지 문제점이 지적되고 있는 만큼 근본적인 처방이 될 수 없음.
  아동·청소년 대상 성범죄에 대한 경종을 울리며, 물리적 거세와 같은 특단의 대책이 마련되어야 할 것임. 이에 우선적으로 형벌에 ‘거세’에 관한 근거조항을 마련할 필요가 있으며, 교화나 재활을 기대할 수 없고 재범 발생 위험성이 있다고 인정되는 아동 성폭력 범죄자에게 대해 물리적 치료를 통한 성폭력범죄를 방지할 필요가 있음.
■ 주요내용 
  가. 형의 종류에 거세를 포함함(안 제41조제10호 신설)
  나. 거세 집행에 대한 절차 및 방법은 현행 「아동 성폭력범죄자의 외과적 치료에 관한 법률」에 따르도록 함(안 제71조의2 신설)
참고사항
  이 법률안은 신상진의원이 대표발의한 「아동 성폭력범죄자의 외과적 치료에 관한 법률안」(의안번호 제10727호)의 의결을 전제로 하는 것이므로 같은 법률안이 의결되지 아니하거나 수정의결 되는 경우에는 이에 맞추어 조정되어야 할 것임.","김성수,김성태,김효재,손범규,손숙미,신상진,안홍준",법제사법위원회
신상진,105,1810721,PRC_G1S1H0E1Y3W1Q1U2Z0G4W0P5D4J1I8,여객자동차 운수사업법 일부개정법률안,계류,2011-01-31,"","","■ 제안이유 및 주요내용 
  택시업계의 외형적인 급속 성장에도 불구하고 택시운전자들은 운송수입감소로 인한 임금 하락, 수입금 보충을 위한 급차선 변경과 장시간 운행 등으로 인한 교통사고의 증가 등 열악한 근로조건 하에서 근무하는 실정임.
  이에 각종 수수료 등 수입금을 재원으로 하여 택시운전자들의 복지재단을 설립하고, 동 재단으로 하여금 택시운전자들의 자녀에 대한 장학금 지급 등 장학사업, 교통피해가족 생계비 지원사업 등 복지사업을 수행하도록 함으로써 택시운전자들의 복지 향상에 기여하여 궁극적으로는 택시운송사업의 진흥을 도모하고자 함(안 제51조의2 신설).","김성수,김성태,손숙미,신상진,유재중,이낙연,이한성",국토해양위원회
신상진,105,1810720,PRC_L1Z1N0L1G3I1Z1A2K0T2H0C1Z2W0Y9,여신전문금융업법 일부개정법률안,계류,2011-01-31,"","","■ 제안이유 
  최근 카드사별·업종별 표준 가맹점 수수료율 현황을 보면 주유소, 골프장 카드 수수료율은 1.5%에 비해, 서민이 자주 이용하는 이·미용실 카드 수수료는 2.0～2.2%로 업종별 형평성의 불균형을 초래 하고 있음. 특히, 간이과세대상자의 경우 고율의 수수료율로 인한 경제적 부담이 가중되며, 신용카드사용을 통해 투명한 금융거래질서를 확립하고자 하는 정부의 노력에도 배치됨.
  「대한민국헌법」 제119조제2항에 따른 ‘경제주체 간의 조화를 통한 경제의 민주화’를 실현하기 위해 간이과세대상자의 신용카드 수수료율을 최저 가맹점수수료율 대비 120%를 초과하지 않도록 함.
■ 주요내용 
  금융위원회는 간이과세대상자 카드 가맹수수료율을 업종별 최저 가맹점수수료율의 120%를 넘지 아니하는 범위에서 수수료율을 정하도록 함(안 제23조제4항 신설).","김성수,김성태,손숙미,신상진,안홍준,원희목,유재중",정무위원회
신상진,105,1810656,PRC_H1M1W0F1O1V9M1N7A4C5U0G8E8V1B7,결혼중개업의 관리에 관한 법률 일부개정법률안,의결,2011-01-19,2011-12-29,대안폐기,"제안이유
 최근 어린 베트남 여성이 정신질환을 앓고 있는 남편에 의해 살해당하는 끔직한 사건이 발생되어 우리나라 국제결혼중개업에 대한 국제적 불신이 거세지면서 제도개선이 요구하는 목소리가 커지고 있음.
 현재 우리나라의 결혼 중개업법은 2007년 12월에 제정되었고 최근 급격하게 국제결혼이 추진되면서 제도가 현실을 못 따라가는 지경에 이르렀음. 결혼중개업이 등록제로 개설되어 있지만, 일부 관할 지자체차원의 지도점검을 실시하지 못한 곳도 있으며, 신상정보 역시 사실인지를 확인하는 절차도 없는 실정임.
 이에 관할 지자체는 2년마다 결혼중개업에 대한 실태조사를 실시하여야 하며, 정보제공에 있어서도 공신력 있는 기관으로부터 받은 문서가 제출되도록 하고 허위로 제출되었을 경우 등록을 취소하는 등의 강력한 조치가 마련되어야 할 것임.
주요내용
  가. 등록된 국제결혼중개업의 경우 시장·군수·구청장은 2년마다 등록사항과 업무에 관한 사항에 대해 지도점검을 실시하여야 함(안 제4조의2 신설).
  나. 국제결혼중개업자는 이용자의 신상정보 제공시 국가나 의료기관 등 공신력 있는 기관으로부터 받은 문서를 제출하도록 함(안 제10조의2제1항).
  다. 국제결혼중개업자가 신상정보를 제공하지 아니하거나 허위로 제출할 경우 국제결혼중개업자의 등록을 취소하도록 함(안 제18조제1항).","김성태,김효재,신상진,안홍준,오제세,이명수,이성헌",여성가족위원회
신상진,105,1809617,PRC_D1M0M1Y0W2I0M1U4O4I0V4T8K4W7S3,영유아보육법 일부개정법률안,의결,2010-10-20,2011-04-29,대안폐기,"제안이유 및 주요내용
  2004년 1월 29일 「영유아보육법」전면개정(법률 제7153호)과 2005년 1월 29일 동법 시행규칙의 개정으로 올해 1월 29일부터 정원이 50인 이상 규모의 보육시설에는 1인당 3.5㎡이상의 옥외놀이터를 의무적으로 설치해야 하며 인근놀이터로 대체하고자 하는 경우에는 100m이내 위치하는 것만으로 제한하는 등 과도한 놀이터 설치기준으로 인하여 수많은 보육시설이 운영상 어려움을 겪고 있을 뿐만 아니라 폐업하는 보육시설들이 속출하고 있는 실정임. 
  상기 영유아보육법과 동법시행규칙에 의거 보건복지부는 이미 인가를 받은 시설에 대하여도 강화된 놀이터기준을 소급적용 하고 있는 바, 영유아보육법 제13조 등에 따라 적법하게 인가를 받아 보육서비스를 제공하고 있는 기인가보육시설에 변경기준을 보건복지부가 자의적로 소급적용하는 것은 안정적인 보육서비스제공을 어렵게 함은 물론 행정상의 신뢰보호원칙 등에 반하는 위법부당한 조치임.
  이에 개정·강화된 놀이터 기준을 기인가시설에 무리하게 소급적용하는 것을 금지하고, 대체놀이터 활용을 적극 장려하며, 옥외놀이터 설치 시 국가 및 지방자치단체가 보조할 수 있는 법적근거를 마련하여 영유아중심의 보육시설의 지속가능한 운영을 돕고자 함임(안 제15조의2).","김성수,김성태,김효재,노철래,손숙미,신상진,안홍준",보건복지위원회
신상진,105,1809601,PRC_U1D0J1R0F1T9O1Y1J0V7X5Q7O3R0K4,여객자동차 운수사업법 일부개정법률안,계류,2010-10-19,"","","제안이유
  택시는 이미 시민의 발로써 대중교통수단으로 인식되어 있지만, 택시운송사업과 관련한 국가 행정제도는 미흡한 실정임. 또한, 택시산업은 산업화 이후 자가용의 보편화와 대량교통수단인 지하철의 등장에 이어 버스 등 새로운 교통 대체수단의 발달로 심각한 경영악화와 서비스의 질적 하락 등 악순환을 거듭하고 있으며, 특히 최근의 고유가로 인해 더욱 어려운 상황에 직면하고 있는 실정임.
  이에 택시의 버스 전용차로 허용에 따른 이용객의 증가로 택시산업의 발전과 서비스의 질적 상승을 이루기 위해 법적 제도를 정비할 필요가 있음.
주요내용
  택시가 출퇴근시간을 제외한 시간대 또는 승객을 탑승시킨 상태에서 주행하는 경우에는 현행「도로교통법」 제15조 및 제61조에 따라 설치된 전용차로를 통행할 수 있도록 함(안 제84조의2 신설).","강명순,공성진,김금래,김성회,노철래,박상은,손숙미",국토해양위원회
신상진,105,1808752,PRC_M1C0Q0N6O3V0E1Z7G4D4B0S6U4W0B2,저출산·고령사회기본법 일부개정법률안,의결,2010-06-30,2011-06-29,수정가결,"제안이유
  현재 우리나라는 세계 최저수준의 출산율과 세계 최고수준의 고령화 속도를 보이고 있음. 이는 경제활동인구 감소와 국가경쟁력 저하, 세대 간 부양부담 문제 등 우리 미래의 향방을 좌우하는 중차대한 문제로서 정부는 물론 사회 각계의 총체적 대응을 결집할 수 있는 추진체계와 구심점 마련이 필요함.
  이에 저출산ㆍ고령화 대책은 정부 뿐 아니라 국민의 인식과 사회각계의 동참이 필수이므로 민관협력 캠페인을 추진하기 위한 범국민 운동본부 설치 근거를 둠으로써 인구문제에 대한 국민적 이해와 관심을 증진하고 각계의 적극적 노력을 결집하는 구심점이 되도록 함. 더불어 7월 11일을 ‘인구의 날’로 제정하고 정부포상을 시행하여 사회 각계의 노력을 격려할 수 있도록 함.
주요내용
  가. 저출산 극복을 위한 민관협력 캠페인을 추진하기 위하여 국가 및 지방자치단체가 범국민 운동본부를 설치할 수 있도록 하고, 예산의 범위에서 운영에 필요한 비용을 지원할 수 있도록 함(안 제30조의2 신설).
  나. 매년 7월 11일을 ‘인구의 날’로 지정(안 제30조의3 신설)
  다. 저출산ㆍ고령화 대응을 위한 사회 각계각층의 관심과 노력을 유도하고, 그 공로를 치하하기 위하여 상훈법에 의거한 훈장ㆍ포장과 정부표창규정에 의한 표창 등을 수여하고자 함(안 제30조의4 신설).","권영진,김성수,신상진,오제세,원희목,유재중,이종혁",보건복지위원회
신상진,105,1808582,PRC_O1E0P0U6K1J0L1O7I5F2K2H2X9D2A4,영유아보육법 일부개정법률안,의결,2010-06-10,2011-04-29,대안폐기,"제안이유 및 주요내용
  현행 시행령에서 규정하고 있는 보육시설의 장 또는 보육교사의 자격검정과 자격증 교부에 관한 업무위탁 사항을 법으로 규정하도록 하고, 위탁기관에 대한 보조금 지원 및 수탁기관이 납부받은 수수료를 자격검정 및 자격증 교부에 필요한 경비에 직접 충당 할 수 있도록 근거규정을 마련하며, 보육시설 평가인증 업무 위탁기관에 대한 보조금 지원 및 수탁기관이 납부받은 비용을 평가인증에 필요한 경비에 직접 충당할 수 있도록 근거를 마련하고자 하는 것임(안 제22조 및 제30조).","김금래,김성수,김성태,신상진,이두아,이범래,이정선",보건복지위원회
신상진,105,1807789,PRC_U1B0S0L3M0V2S1Q6N2U5M0D3K3Z5C7,의료법 일부개정법률안,의결,2010-03-02,2011-12-29,대안폐기,"제안이유
  우리나라 의과대학 및 의학전문대학원은 교육과학기술부의 고등교육기관의 평가·인증 등에 관한 규정에 따라 인증평가를 의무적으로 실시하도록 규정되어 있지만, 인증평가를 거부하거나, 평가기준에 미달하는 대학에 대한 사후 질 관리는 전무한 실정임. 이처럼 사후 관리체계가 부실함에 따라 의과대학 및 의학전문대학원별 수준 편차가 발생되고 있음.  
  반면, 미국과 영국 등 선진국의 경우 의료법에 의하여 인증평가기구로부터 인증 받은 의과대학의 졸업자(졸업 시점)로 면허신청 자격을 제한하고 있으며, 인증결과에 따라 정부지원금과 학자금 보조를 하는 등 의료인 양성과정에 철저한 관리가 이루어지도록 하고 있음.
  따라서 현행 「의료법」에 의사 및 치과의사, 한의사, 간호사의 면허취득 자격요건에 국가가 인정한 평가기구로부터 인증 받은 대학을 졸업하고 학위를 받은 자로 하고자 함. 이를 통해 의료의 질적 보장과 사회 및 환자를 보호하고, 국제적으로 통용될 수 있는 의료 인력의 전문 직업성(Professionalism)을 구현하고자 하는 것임.
주요내용
  가. 의사·치과의사 또는 한의사가 되려는 자는 의학·치의학 또는 한의학을 전공하며, 국가 인정 평가기구의 인증을 획득한 대학을 졸업하고 의학사·치의학사 또는 한의학사 학위를 받은 자로 함(안 제5조제1항제1호).
  나. 간호사가 되려는 자는 간호학을 전공하며, 국가 인정 평가기구의 인증을 획득한 대학이나 전문대학을 졸업한 자로 함(안 제7조제1호).","강성천,권경석,김광림,김성수,김성회,배은희,백성운",보건복지위원회
신상진,105,1807649,PRC_L1O0A0C2B1X9L1U4R1E7L3S8G9F3I2,도로법 일부개정법률안,의결,2010-02-19,2011-12-29,폐기,"■ 제안이유 
  산업의 적정한 지방 분산을 촉진하고, 지역경제의 활성화를 위하여 지정된 산업단지는 업체의 영리 목적을 위하여 조성된 산업단지가 아니라, 산업단지의 기반시설이 경제발전을 위한 시설로써 지원되기 위해 현행 「도로법」을 개정하여 점용료 징수에 대한 예외규정을 둠으로써 국가 경제 발전과 기업의 경쟁력 강화를 확보하기 위함.
■ 주요내용 
  「산업입지 및 개발에 관한 법률」에 따라 지정, 개발된 국가산업단지, 일반산업단지, 도시첨단산업단지, 농공단지 내 기업체에 출입하기 위하여 통행로(진·출입로)로 사용하는 경우에는 점용료 징수를 감면할 수 있음(안 제42조제5호 신설).","김성수,김성태,백성운,손숙미,신상진,안효대,윤석용",국토해양위원회
신상진,105,1807648,PRC_I1N0N0E2U1E9B1S4F1I2W0S6T7A2M3,철도사업법 일부개정법률안,의결,2010-02-19,2011-06-03,폐기,"■ 제안이유 
  아이티 지진 대참사로 세계 각국의 구호 경쟁이 본격화된 가운데, 우리나라도 민관합동 지원규모는 나날이 확대되고 있지만, 구호물품과 구호장비의 직접적이며 현실적인 지원은 선진국 수준에 비해 부족한 실정임. 이는 국내외 재난 발생 시 구호물품의 운송에 대한 관련기관과의 협력체계 미비와 국내·외 민간기관과의 신속하며 즉각적인 협의절차가 구축되어 있지 않기 때문으로 분석되고 있음.
  이에 긴급재난 시 긴급구호물품 장비 및 인력, 운송체계, 국제공조시스템을 확보하여 국내·외 재난지역에 적극적이며 실질적인 도움을 줌으로써 국격(國格)을 높이고자 함.
■ 주요내용 
  정부는 「재난 및 안전관리기본법」 제3조에 따른 재난 및 해외재난 발생 시 원활한 구호물품의 보급을 위해 국내·외 관련기관 및 철도사업자와 구호물품의 지원방법, 절차 등에 관한 사항을 신속히 협의하도록 함(안 제46조의2 신설).","김기현,김성수,김성태,김을동,백성운,손숙미,신상진",국토해양위원회
신상진,105,1807647,PRC_X1X0Y0B2T1C9A1Q4S0A2B1C0W7F1K3,항공법 일부개정법률안,의결,2010-02-19,2011-10-17,폐기,"제안이유
  아이티 지진 대참사로 세계 각국의 구호 경쟁이 본격화된 가운데, 우리나라도 민관합동 지원규모는 나날이 확대되고 있지만, 구호물품과 구호장비의 직접적이며 현실적 지원은 선진국 수준에 비해 부족한 실정임. 이는 국내외 재난 발생 시 구호물품의 운송에 대한 관련기관과의 협력체계 미비와 국내·외 민간기관과의 신속적이며 즉각적인 협의절차가 구축되어 있지 않기 때문으로 분석되고 있음.
  이에 긴급재난 시 긴급구호물품 장비 및 인력, 운송체계, 국제공조시스템을 확보하여 국내·외 재난지역에 적극적이며 실질적인 도움을 줌으로써 국격(國格)을 높이고자 함임.
주요내용
  정부는 「재난 및 안전관리기본법」 제2조에 따른 재난 및 해외재난 발생 시 원활한 구호물품의 보급을 위해 국내·외 관련 기관 또는 항공운송사업자와 구호물품의 지원방법, 절차 등에 관한 사항을 신속히 협의하도록 함(안 제2조의7 신설).","김기현,김성수,김성태,김을동,백성운,손숙미,신상진",국토해양위원회
신상진,105,1807646,PRC_K1W0O0Q2D1C9I1A4L0N0C2S4A5L9G6,해운법 일부개정법률안,의결,2010-02-19,2011-12-29,폐기,"제안이유
  아이티 지진 대참사로 세계 각국의 구호 경쟁이 본격화된 가운데, 우리나라도 민관합동 지원규모는 나날이 확대되고 있지만, 구호물품과 구호장비의 직접적이며 현실적 지원은 선진국 수준에 비해 부족한 실정임. 이는 국내외 재난 발생 시 구호물품의 운송에 대한 관련기관과의 협력체계 미비와 국내·외 민간기관과의 신속적이며 즉각적인 협의절차가 구축되어 있지 않기 때문으로 분석되고 있음.
  이에 긴급재난 시 긴급구호물품 장비 및 인력, 운송체계, 국제공조시스템을 확보하여 국내·외 재난지역에 적극적이며 실질적인 도움을 줌으로써 국격(國格)을 높이고자 함임.
주요내용
  정부는 「재난 및 안전관리기본법」제2조에 따른 재난 및 해외재난 발생 시 원활한 구호물품의 보급을 위해 국내·외 관련 기관 또는 선박운송사업자와 구호물품의 지원방법, 절차 등에 관한 사항을 신속히 협의하도록 함(안 제45조의2 신설).","김기현,김성수,김성태,김을동,백성운,손숙미,신상진",국토해양위원회
신상진,105,1807513,PRC_J1S0K0R2A0A1Q1R1P1R5G2Y4Q6D5F3,해외긴급구호에 관한 법률 일부개정법률안,의결,2010-02-01,2011-06-23,대안폐기,"제안이유
  우리나라는 올해 G20 의장국이며, 지난해 말 OECD 산하 개발원조위원회(DAC)에 본격적으로 가입함에 따라 해외원조를 본격으로 시행하는 국가가 되었지만, 해외긴급의료구호는 그 국격(國格)에 미치지 못하다는 지적이 있음. 최근 아이티 대참사로 인한 우리나라의 해외긴급의료구호 수준이 ‘천막진료 수준’에 불과하다는 한 언론사의 지적은  단적인 예임.
  의료진을 포함한 의료자원과 의료체계는 다른 구호물품과는 다르게 평상 시에 준비되지 않으면 해당국에 적극적인 지원과 실질적인 도움을 주기에 한계가 있음. 따라서 현행 「해외긴급구호에 관한 법률」에 해외긴급의료체계 구축에 관한 사항을 보완함으로써 국격(國格)에 걸 맞는 체계적인 해외 재난 대응 전략을 세우고자 함임.
주요내용
  가. “해외긴급구호”의 정의에 의료지원을 추가하여 긴급의료지원 체계를 명확히 하고자 함(안 제2조제2호).
  나. 정부는 해외긴급의료구호를 위하여 평상 시 의료인력, 의료장비, 진료체계, 운송체계, 국제협력관계 체계 등을 구축하여야 함(안 제6조의2 신설).","김성수,김성태,김정훈,김춘진,손범규,손숙미,신상진",외교통상통일위원회
신상진,105,1807445,PRC_H1J0A0F1F1B9S1B5K5P4M0K9M7I4N5,저탄소 녹색성장 기본법 일부개정법률안,의결,2010-01-19,2012-01-06,폐기,"제안이유
  최근 우리 정부의 아랍에미레이트(UAE) 원전 수출은 기후 변화에 선제적이고 근원적으로 대처하여 녹색산업 강국을 겨냥한 우리의 발전 전략이 이룬 쾌거이며 상징임.	
 세계 각국도 기후변화에 대응하기 위해 경쟁적으로 원자력 발전 비중을 높이는데, 이는 원전의 안전성이 크게 향상된 가운데 원전이 세계적인 환경 규제 강화에 대한 대안으로 급부상했기 때문임. 우리도 원전시장경제에 본격적으로 뛰어들기 위해서는 원자력 산업 강국으로 도약하기 위한 법적·제도적 보완이 시급히 마련되어야 할 것임. 
 이에 원자력산업의 진흥과 육성에 관한 사항을 현행법에 추가함으로써 현 정부가 그동안 내세워 온 녹색성장의 기치를 더욱 강력히 추진하여 미래 우리나라의 성장 동력을 확충하고자함.
주요내용
  가. 에너지기본계획 수립 시 정부는 원자력발전의 진흥에 관한 사항을 포함하여 작성되어야 함(안 제41조제3항제7호 신설)
  나.  정부는 석유의존도 완화, 에너지의 안정적 공급, 원자력발전 및 원자력발전폐기물의 입지 확보, 국민의 수요성 등을 고려하여 원자력발전 비율의 적정 목표를 설정하고, 원자력발전의 안전한 운영과 폐기물의 안전한 관리, 원자력산업 관련 기술개발, 수출 진흥 등 원자력 산업을 육성하는 시책을 수립·시행하여야 함(안 제48조의2 신설).","권경석,권영진,김성수,김성태,김정권,나경원,배영식",정무위원회
신상진,105,1807293,PRC_D0P9O1L2Z3T1M1Y4Y4R7B0P3S6N9I0,국가유공자 등 예우 및 지원에 관한 법률 일부개정법률안,계류,2009-12-31,"","","제안이유 및 주요내용
  6·25 전몰군경 자녀수당의 도입 취지는 50~60년대 극히 미흡했던 보상제도로 인하여 보훈수혜를 받지 못한 사정을 고려하여 사회보장적 측면에서 특별히 지급하고자 하는 것임.
  그러나 현행법은 1998년 1월 1일 이후 보상금을 받은 사실이 있는 유족에게는 지급하지 아니함을 규정하고 있어 동시대를 살아온 같은 6·25 전몰군경 유자녀들에 대한 형평성에 맞지 않음.
  또한, 법률상의 타 보훈보상금과는 달리 차순위 유자녀에게의 수급권 이전을 금지하고 있어 적절한 보훈보상이 이루어지지 못하고 있음.
  이에 따라 특정일을 기준으로 지급하는 6·25전몰군경자녀수당 기준과 수급권 이전 금지 규정을 삭제하여 6·25전몰군경자녀 간 형평성을 도모함과 아울러 이들에 대한 생활안정과 복지향상을 제고하려는 것임(안 제16조의3제1항).","강석호,권영진,김성수,김성태,김효재,손숙미,신상진",정무위원회
신상진,105,1806806,PRC_U0C9A1X2I0B1B1F7F5H3X3Z5L8I7B4,청소년의 성보호에 관한 법률 일부개정법률안,의결,2009-12-01,2010-03-31,대안폐기,"제안이유
  최근 ‘조두순 사건’과 같이 아동·청소년대상 성폭력범죄가 잔인하고 재범율이 계속 높아지고 있는 상황이므로 성범죄자에 대한 처벌을 강화하고 재범을 방지하여야 할 필요성이 있음.
  이에, 아동·청소년대상 성범죄 가해자에 의한 2차 피해를 방지하기 위해 가해자가 피해자의 집·학교 등에 접근하거나, 전화·이메일 등의 정보통신망 또는 우편물을 이용한 접촉을 금지하는 피해자 보호명령제를 도입하고 성범죄자 신상정보 인터넷 열람제 시행에 따른 문제점 등을 일부 보완하고자 함.
주요내용
  가. 검사는 성범죄 피해 아동·청소년의 보호가 필요한 경우 법원에 보호명령을 청구할 수 있도록 하며, 법원은 6월 범위내에서 보호명령을 선고하도록 함(안 제32조의2, 제32조의4 및 제32조의5).
    (1) 피해 아동·청소년의 주거 등으로부터 가해자의 분리 또는 퇴거조치 및 주거·학교 등에서 100미터 이내에 가해자 접근금지
    (2) 정보통신망 또는 우편물을 이용한 피해 아동·청소년 및 그 보호자에 대한 접촉금지 등
    (3) 검사는 보호명령의 변경 또는 종결을 법원에 청구할 수 있으며, 법원은 보호명령이 피해 아동·청소년에 적절한 지에 대해 심사하여 필요하다고 인정되는 경우 변경 또는 종결하도록 함
    (4) 보호명령을 위반한 자는 2년이하의 징역 또는 2천만원 이하의 벌금에 처하도록 함
  나. 아동·청소년대상 성범죄자로 유죄판결이 확정된 자에게 법원은 신상정보를 인터넷에 공개명령을 하도록 한 것에 대해 이를 열람명령으로 개정하고자 함(안 제33조, 제38조, 제39조 및 제43조).
  다. 성범죄 경력자는 아동·청소년 관련교육기관 등을 운영하거나 취업하지 못하도록 규정하고 있으나, 운영하려는 자에게는 성범죄 경력확인 규정이 없으므로 설립당시 관할청이 본인의 동의를 받아 경력확인을 실시하도록 함(안 제44조).","강성천,강용석,강운태,김성수,김성식,김성태,박준선",보건복지위원회
신상진,105,1806722,PRC_Z0N9Z1C1B2H6B1P5C5I8W0J7J0D5D7,사회복지사 등의 처우 및 지위 향상을 위한 법률안,의결,2009-11-26,2011-03-11,대안폐기,"제안이유
  국가 자격을 가진 사회복지사와 요양보호사나 생활지도사 등 관련 법률에 따라 복지시설에서 복지서비스를 제공하는 사회복지서비스제공자들은 다른 공무원이나 교원들과 마찬가지로 한순간이라도 중단되면 사회의 기반이 붕괴될 수 있을 정도로 중요한 공공 서비스를 제공하고 있음에도 불구하고, 열악한 처우와 근로환경, 왜곡되고 후진적인 사회의 인식으로 인해 생계의 어려움은 물론 신변의 위협조차 겪는 경우가 다반사여서, 획기적인 조치를 시급히 추진하지 않을 경우 머지않아 국가의 필수적 복지 기능에 중대한 난관을 야기할 우려가 있음.
  이에, 국가와 지방자치단체, 복지시설 등이 사회복지사와 사회복지서비스제공자들의 처우와 지위 향상을 위해 지속적이고 적극적으로 힘쓰도록 책무를 부여하고, 기본 방향과 절차 등을 법제화하려는 것임.
주요내용
  가. 사회복지사 자격을 취득한 사람을 ‘사회복지사’로, 사회복지사 자격은 없으나 관련 법률에 따라 복지시설 등에서 사회복지사와 동일하거나 유사한 활동을 하거나 사회복지사의 지시·감독을 받아 복지서비스를 제공하는 사람을 ‘사회복지서비스제공자’로 정의함(안 제2조).
  나. 국가와 지방자치단체는 사회복지사와 사회복지서비스제공자(이하 “사회복지사 등”이라 한다)의 보수가 특별히 우대받을 수 있도록 조치를 강구하여야 하며, 「사회복지사업법 」 제2조제1호부터 제3호의2까지의 규정에 따른 사회복지법인, 사회복지시설, 사회복지관(이하 “사회복지법인 등”이라 한다)의 경영자는 그가 고용한 사회복지사의 보수를 「사회복지사업법」 제14조에 따른 사회복지전담공무원의 보수 수준에 비해 낮아지지 아니하도록 유지하여야 하고, 법령 또는 국가가 별도로 정한 바가 있는 경우를 제외하고는 동일한 사업 내의 동일 가치 노동에 대하여 그가 고용한 사회복지사 등 간의 보수를 합리적 이유 없이 차별하여서는 아니 됨(안 제3조).
  다. 국가와 지방자치단체는 사회복지사 등이 산전후휴가 또는 유산·사산 휴가를 사용하거나 육아휴직이나 육아기 근로시간 단축을 신청함에 따라 발생하는 업무의 결손이 다른 사회복지사 등의 근로조건을 악화시키지 아니하도록 특별히 배려하는 조치를 강구하여야 함(안 제4조제2항).
  라. 「사회복지사업법」 제46조에 따른 사회복지사협회가 사회복지사의 전문성 신장과 지위 향상을 위하여 보건복지가족부장관이나 지방자치단체의 장과 협의하도록 하고, 보건복지가족부장관이나 지방자치단체의 장은 그 협의에 성실히 응하여야 하며, 협의된 사항을 시행하기 위하여 노력하여야 함(안 제6조제1항부터 제3항까지).
  마. 보건복지가족부장관이나 지방자치단체의 장은 사회복지서비스제공자의 전문성 신장과 지위 향상을 위하여 관련 단체와 협의하거나 의견을 들을 수 있음(안 제6조제4항).","강성천,권영세,김성수,김성태,김영진,손숙미,신상진",보건복지위원회
신상진,105,1806629,PRC_H0K9S1C1K1N8Q1G7D5M8Q3D7J8K0C0,주택법 일부개정법률안,의결,2009-11-18,2010-04-06,폐기,"제안이유
  현행 「주택공급에 관한 규칙」에 따르면, 수도권 내 66만㎡ 이상인 택지개발지구가 서울에 위치할 경우는 전체 주택공급물량의 100%를, 서울을 제외한 수도권에 위치할 경우는 전체 주택공급물량의 30%를 해당지역 거주자에게 우선 공급하고 있으나, 수도권 인구 분산이라는 명분에도 불구하고 지역간 형평성 문제 등의 문제를 내포하고 있음.
  이에 수도권 인구 분산이라는 당초 취지를 최대한 보존하면서 지역간 형평성 문제도 해결할 수 있는 방향으로 지역별 지역우선 공급기준을 법률에서 재조정하고자 함임.
주요내용
  주택의 지역우선공급 비율을 서울은 전체 공급 주택수의 70%로, 서울을 제외한 수도권은 전체 공급 주택수의 50%로 함(안 제38조의7 신설).","강성천,김성수,김성회,박보환,박준선,손숙미,신상진",국토해양위원회
신상진,105,1806209,PRC_K0I9W0K9N3U0F1Q7J0H8E2O6Q2W7T7,국가유공자 등 단체설립에 관한 법률 일부개정법률안,계류,2009-09-30,"","","제안이유
  대한민국무공수훈자회는 국가안전보장에 뚜렷한 공을 세운 무공ㆍ보국수훈자를 회원으로하여 자유민주주의의 수호와 국제평화의 유지에 이바지함을 목적으로 함.
  그러나 본 법률상의 타 유공단체와는 달리 무공수훈자회는 유족이 회원으로 포함되지 않아 형평성의 부당함이 있기에 수훈자 사망 시에는 그 유족이 회원이 되도록 하여 회원 간의 상부상조를 통해 자활능력을 배양하고 애국정신을 함양시키고자 함.
  현재 대한민국무공수훈자회는 무공수훈자와 보국수훈자를 회원으로 하고 있으나 단체명이 대한민국무공수훈자회로 되어있어, 마치 무공수훈자만을 대상으로 하는 것처럼 인식되므로 단체명을 대한민국무공ㆍ보국수훈자회로 개명하는 것이 타당함.
주요내용
  가. 대한민국무공수훈자회를 대한민국무공ㆍ보국수훈자회로 개명함(안 제1조).
  나. 대한민국무공수훈자회의 회원자격을 무공ㆍ보국수훈자 또는 그 유족 중 1인으로 함(안 제3조제8호).","강석호,강성천,김효재,신상진,유성엽,이시종,이인기",정무위원회
신상진,105,1806207,PRC_R0C9D0B9J3P0B1M7R0L1T5Q7Z2J8H0,의료법 일부개정법률안,의결,2009-09-30,2011-06-29,대안폐기,"제안이유
  최근 병원 입원 환자가 병원감염을 통해 신종플루에 감염되는 등 병원감염 관리에 대한 중요성이 더해지고 있으나, 병원감염관리 전담 인력의 배치가 의무화되지 않아 다른 업무를 담당하는 인력이 병원감염 업무를 겸임하는 경우가 많아 비상 시 체계적인 감염관리를 하는데에 한계가 있어 이를 개선하고자 하는 것임.
주요내용
  일정규모 이상의 종합병원에 병원감염관리 전담 인력을 두도록 의무화 함(안 제47조제1항).","강성천,박대해,백성운,송영선,신상진,신학용,안효대",보건복지위원회
신상진,105,1805759,PRC_R0L9V0V8Y2N5S1C5A5S7Y3Z8Q0V4J2,위치정보의 보호 및 이용 등에 관한 법률 일부개정법률안,계류,2009-08-25,"","","제안이유
  현행법은 위급상황에 처한 개인과 그의 배우자 등의 긴급구조요청이 있는 경우 소방방재청 등의 긴급구조기관은 개인위치정보주체의 동의 없이도 위치정보사업자에게 개인위치정보를 요청할 수 있도록 하고 있는 반면, 경찰의 경우는 그렇지 않아 위급한 상황에서 신속한 출동을 통해 112에 도움을 요청한 사람을 보호하는데 어려움이 있음.  
  이에 경찰서에서도 긴급구조를 위하여 개인위치정보를 이용할 수 있도록 하되, 긴급구조 목적 외에 이를 사용하려는 동기를 차단하게 위해 처벌을 강화하려는 것임.
주요내용
  가. 긴급구조를 위한 개인위치정보 요청 가능 대상 기관에 경찰관서를 추가함(안 제29조제1항).
  나. 경찰이 긴급구조 외의 목적으로 개인위치정보를 사용한 경우 5년 이하의 징역에 처함.(안 제39조의2 신설).","강석호,김성태,김장수,김충환,박준선,신상진,신영수",문화체육관광방송통신위원회
신상진,105,1805319,PRC_R0B9N0S6K2F9H1E8D1D2E4C4H8C5M8,의료기사 등에 관한 법률 일부개정법률안,계류,2009-06-29,"","","제안이유
  청력장애가 발생하였거나 새롭게 인지 된 경우 그 의학적인 원인을 밝히고 알맞은 치료과정을 거쳐 청력을 보존하고 향상시키는 것은 국민의 건강과 직결된 중요한 행위임. 
  특히 무자격자의 의료행위로써의 진료와 청력검사, 보청기 처방 및 평가는 난청인에게 적시에 이루어져야 하는 치료기회를 상실하고 청각 재활의 기회를 잃어 영구적인 청력 손실에 이르게 할 수 있음.
  또한 불필요한 보청기 구입으로 인한 의료비 상승의 문제와 시술과정에서 환자에게 발생한 나쁜 결과로 인해 의료 사고가 발생할 수 있으며 더 나아가 우리나라 보건의료위생 상 큰 위해를 가할 수도 있음. 
  이렇듯 국민의 건강과 직결되는 청력 관련 업무의 합리적 관리·감독을 위하여 청각사라는 새로운 국가면허제도를 신설하고, 자격을 갖춘 자에 의하여만 청력검사, 보청기 평가업무 등이 이루어지도록 함으로써 국민의 보건 및 복리증진에 기여하고자 하는 것임.
주요내용
  가. 청각사는 1급 청각사, 2급 청각사 및 준청각사로 구분되고, 1급 청각사 및 2급 청각사는 국가시험에 합격한 후 보건복지가족부장관으로부터 면허를 받아야 함(안 제2조).
  나. 1급 청각사만이 청각업소를 개설할 수 있으며, 일정한 시설 및 장비를 갖추어 시장·군수·구청장에게 개설등록을 하여야 함(안 제12조의2 신설).
  다. 「민법」에 따른 법인·단체를 통하여 이미 청각사 자격인정을 받은 자는 이 법에 따른 준청각사로 간주함(안 부칙 제2조).","강명순,강성천,강운태,김성태,김태원,김태환,변재일",보건복지위원회
신상진,105,1805113,PRC_O0T9D0C6U1I5B1X0P4A1R4R9J9B9H1,참전유공자예우 및 단체설립에 관한 법률 일부개정법률안,의결,2009-06-15,2011-12-29,수정가결,"제안이유  
  참전유공자들은 국가가 위기에 처하거나 고결한 시대적 가치가 위협받게 되어 국가의 부름이 있을 때면, 망설임 없이 전장에 나가 국가안보와 사회안녕에 공헌하였음. 그러나 이러한 희생에 대한 예우와 지원인 참전명예수당의 지급대상을 65세 이상으로 제한한 것은 참전유공자에 대한 보훈·보상의 원칙에 맞지 않음. 따라서 참전명예수당 수급의 연령 제한을 없애고자 함.
  또한 ‘대한민국베트남참전유공전우회’를 설립하여 참전유공자들이 상부상조하여 자활능력을 배양할 수 있도록 하고 회원복리 증진 및 단체의 원활한 운영을 위한 법적 근거를 마련하여 이분들의 고귀한 애국정신을 함양시키려는 것임. 
주요내용
  가. ‘월남’ 혹은 ‘越南’을 ‘베트남’으로 함(안 제2조).
  나.  참전명예수당의 지급대상자를 모든 참전유공자로 확대함(안 제6조제1항).
  다. ‘대한민국베트남참전유공전우회’의 설립 근거를 마련함(안 제18조의2 신설).","강성천,김성태,김우남,김종률,박보환,신상진,우제창",정무위원회
신상진,105,1805005,PRC_X0P9G0H6L0U2Q1S4H1G0W3M2M4O2E2,도시 및 주거환경정비법 일부개정법률안,의결,2009-06-02,2011-12-29,폐기,"제안이유 
  현지개량방식에 의한 정비사업의 이주대책기준일을 정비계획 공람공고일로 법률에서 규정하여 투기행위를 방지하되, 현재 진행 중인 사업에 대해서는 정비구역지정고시일을 이주대책기준일로 하는 특례를 두어 제도 시행에 따른 선량한 서민의 피해 등 부작용을 최소화하고자 함.
주요내용
  현지개량방식에 의한 정비사업의 이주대책기준일을 정비계획 공람공고일로 하되, 법 시행당시 이미 제7조제1항에 따른 사업시행자 지정동의를 득한 정비구역에 대해서는 당해 정비사업의 정비구역지정고시일을 이주대책기준일로 함. (안 제40조제5항 신설 및 부칙 제2조)","김성수,김성조,김성태,손숙미,신상진,신학용,유재중",국토해양위원회
신상진,105,1804590,PRC_Y0S9X0U4W1F6L1T7D2Q5L5J1R6R7F3,성남시 고도제한 완화 촉구 결의안,계류,2009-04-16,"","","","고흥길,신상진,신영수,임태희,,,",국방위원회
신상진,105,1804333,PRC_K0J9W0A3F3H1C1K6K3X3U5N6H4B6F0,도시 및 주거환경정비법 일부개정법률안,의결,2009-03-31,2011-12-29,폐기,"제안이유 
  현행 「도시 및 주거환경정비법 시행령」 제2조제2항제1호에서는 노후화로 인한 재건축 가능연한을 20년 이상으로 하되, 각 지방자치단체 조례에 의해 그 이상의 연수를 정할 수 있도록 하고 있어, 지역에 따라서는 건물이 지어진지 20년이 훨씬 넘어 노후화가 심각함에도 불구하고 재건축을 위한 안전진단의 신청이 원천적으로 불가능해지는 모순이 있음.
  이에 노후화된 건축물의 재건축을 위한 안전진단 신청 가능 연한을 ‘준공된 후 20년’으로 법률에서 정하고, 노후화된 건축물의 재건축을 위한 안전진단 신청 가능 연한을 건물의 상태를 고려해 탄력적으로 조정하고자 함.
주요내용
  가. 노후화로 인한 건축물의 재개발·재건축 등의 정비사업 가능 연한을 준공된 후 20년으로 함(안 제2조제3호 다목 신설).
  나. 노후화로 인한 건축물의 재개발·재건축 등의 정비사업 가능 조건에 ‘건축물의 급수·배수·오수 설비 등이 노후화되었을 경우’를 법률에서 규정함(안 제2조제3호 라목 신설).
  다. 건축물의 급수·배수·오수설비 등이 노후화되어 수선만으로는 그 기능을 회복할 수 없게 된 준공된 후 20년이 지난 노후·불량건축물을 재건축을 위한 안전진단 실시 대상에서 제외(안 제12조제1항 단서 신설).","김성수,김성태,백성운,손범규,손숙미,신상진,양정례",국토해양위원회
신상진,105,1804284,PRC_Z0S9D0I3M2I7V1O6Y2I0C3B2O6J3Z5,공직선거법 일부개정법률안,계류,2009-03-27,"","","제안이유
？？？？
  현행법상 누구든지 선거일 전 180일부터 선거일까지 법정 예외사유가 없는 이상 선거에 영향을 미치게 하기 위하여 정당 또는 후보자를 지지·추천하는 내용 등이 포함된 일체의 문서·도화 등의 배부·게시 등을 할 수 없으며, 다만 선거운동기간 중 후보자 등이 명함을 배부할 수 있음. 
  그러나 언어·청각·시각 등의 장애인 후보자의 경우 일반 후보자에 비해 의사소통의 어려움이 막심하므로 선거운동상의 형평성을 고려하여 선거운동기간 중 명함 외에 일정한 유형의 문서 등의 배부·게시를 추가로 인정할 필요성이 있음.
  따라서 중앙선거관리위원회규칙이 정하는 바에 따라 일정한 범위의 장애인 후보자는 장애의 종류·정도에 따라 일정한 유형의 문서 등을 배부·게시할 수 있게 하려는 것임.
주요내용
？？？？
  일정한 범위의 장애인 후보자는 중앙선거관리위원회규칙이 정하는 바에 따라 선거운동기간 중 장애의 종류·정도에 따라 일정한 유형의 문서 등을 배부·게시할 수 있도록 함(안 제93조제4항 신설).","김성순,김성태,김종률,신상진,신영수,우제창,윤석용",정치개혁특별위원회
신상진,105,1803730,PRC_G0U9J0S2B0Q5G1U7E1V3Q4B7Q8B9M1,존엄사법안,계류,2009-02-05,"","","■ 제안이유 
    존엄사는 안락사와는 명확히 구분되는 것으로 현대 의학으로 회복가능성이 거의 없고 치료할 수 없는 환자에 한정하여, 단지 인위적으로 생명만 연장하는데 불과한 생명유지 장치를 환자 스스로가 보류하거나 중단할 수 있도록 자기결정권을 행사할 수 있게 하고, 이러한 의사결정을 존중하고 보호할 수 있도록 하는데 그 목적을 두고 있음.
    이에 변화된 우리 사회의 실정과 인식을 반영하여 말기환자에 대한 인권의 차원에서 존엄한 죽음과 관련된 말기환자의 자기결정권을 존중하기 위해 존엄사에 대한 개념, 절차, 요건 등을 법제화하려는 것임. 
■ 주요내용 
  가. 말기환자·말기상태에 대한 정의(안 제2조)
-  -    1. 의학적 기준에 따라 2인 이상의 의사에 의하여 말기상태임을 진단받은 환자를 ""말기환자""로 함.
    2. 상해나 질병으로 인하여 의학적 판단으로？회복가능성이 없고 치료가 불가능하여,？연명치료가 없는 경우 단기간 내에 사망에 이르게 되는？상태로서, 이 상태에서의 연명치료의 적용이 단지 죽음의 과정을 연장하는데 기여하고 있는 상태를 ""말기상태""로 함.
  나. 국가의료윤리심의위원회의 설치(안 제6조)
    말기환자의 자기결정권 보호와 의료지원에 관한 사항을 심의하기 위하여 보건복지가족부장관 소속하에 국가의료윤리심의위원회(이하 ""국가윤리위원회""라 한다)를 설치.
  다. 연명치료의 선택권(안 제11조)
    말기환자는 연명치료 시술 여부에 대한 선택권, 연명치료 거부 및 중단 요구에 관한 의사결정권이 있음. 
  라. 연명치료 보류 또는 중단의 이행(안 제20조)
    담당의사 및 해당 의료기관의 종사자는 말기환자의 연명치료의 보류 또는 중단의 의사표시에 반하여 연명치료를 하여서는 아니되고, 담당의사 또는 해당 의료기관의 종사자가 정당한 이유 없이 연명치료의 보류 또는 중단을 거부하는 때에는 해당 의료기관의 장은 즉시 담당의사 등을 교체하여 연명치료를 보류 하거나 중단하여야 함.
  마. 연명치료 등에 참여한 의사 또는 의료기관 종사자의 책임 면제(안 제23조)
    말기환자의 의료지시서에 따라 연명치료의 보류 중단하거나 응급의료처치를 보류에 참여한 의사 또는 의료기관의 종사자에게 민사 · 형사적 책임을 물을 수 없게 함.   
  바. 적극적 안락사 등의 처벌(안 제29조)
    말기환자의 자살을 조력하거나 말기환자의 의사에 반하여 연명치료를 중단하거나 보류한 자는 3년 이상의 징역에 처함.
  사. 말기환자의 자기결정에 반하는 연명치료(안 제30조)
    제20조의 제1항과 제2항에 위반하여 말기환자의 의사에 반하는 연명치료를 하는 담당의사와 의료기관의 장은 5년 이하의 징역 또는 1,000만원 이하의 벌금에, 말기환자의 자기결정에 따른 연명치료의 중단을 방해하는 자는 3년 이하의 징역 또는 1,000만원 이하의 벌금에 처함.","강명순,김성수,김성태,김학용,박민식,박영아,박종희",보건복지위원회
신상진,105,1803582,PRC_Y0Q9Z0Q1Q1V6M1V7E0S3R2M1I9J1B3,지방세법 일부개정법률안,의결,2009-01-16,2010-05-19,대안폐기,"■ 제안이유 
  「도시 및 주거환경정비법」에 의한 정비사업 기간중 일시적으로 건물이 헐렸을 경우 건물이 있던 건축물부속토지가 나대지로 분류되어 토지에 대한 재산세 종합합산과세대상이 됨으로써 세금이 급등하여 재개발·재건축사업의 순조로운 진행을 어렵게 할 뿐만 아니라, 영세한 주민들에게 과도한 부담이 되고 있음.
  따라서 재개발·재건축사업 시행으로 일시적으로 나대지가 되는 경우에는 종전의 건축물부속토지로서 부담하는 수준의 재산세를 유지하도록 하려는 것임.
■ 주요내용 
  「도시 및 주거환경정비법」에 따른 재개발·재건축사업의 시행에 따라 주택·건축물의 철거로 그 부속토지에 대한 재산세의 과세대상이 일시적으로 토지로 변경되는 경우 부담해야할 세액의 50%를 감면함(안 제273조의3 신설).","강창일,김성수,김충환,김태원,박대해,박종희,손숙미",행정안전위원회
신상진,105,1803129,PRC_L0M8A1Z2K1E9T1X7D4L8O2P4O7R7D4,형사소송법 일부개정법률안,계류,2008-12-19,"","","제안이유 및 주요내용
  소리를 듣지 못하거나 말을 하지 못하는 농자 또는 아자는 일반 정상인과 달리 주변상황이나 상대방의 표현내용을 이해하기 어려운 신체적 결함으로 재판과정이나 수사과정에서 상대방인 검사, 경찰의 주장이나 증인 또는 참고인의 진술내용을 파악하여 적절히 대응할 수 없어 불이익을 당하는 경우가 많기 때문에 피고인 또는 피의자가 농아자인 경우에는 통역인으로 하여금 재판이나 수사 진행과정과 내용을 통역하도록 하여 방어권을 충분히 행사할 수 있도록 함으로써 농자 또는 아자의 공정한 재판을 받을 권리와 인권을 보호하려는 것임.","권영길,권영진,김기현,김성곤,김성태,김성회,김소남",법제사법위원회
신상진,105,1802869,PRC_P0I8B1T2I0E4E1Z7K3U3T0T7M5H4F5,군사정전에 관한 협정 체결 이후 납북피해자의 보상 및 지원에 관한 법률 일부개정법률안,의결,2008-12-04,2011-04-05,대안폐기,"제안이유
  국가인권위원회의 결정과 같이 군사정전 이후의 납북피해 유족들은 국가의 보호대상이 되어야함에도 불구하고 사회적 제약과 감시뿐만 아니라 과거정부가 체재안정을 도모하는 목적으로 행한 인권피해가 상상을 초월하였음.
  따라서 공권력에 의해 사회적 약자로 전락한 유족들의 아픔을 보다 현실적으로 보상해주고 복지혜택을 부여함으로써 국가의 자국민보호 책무를 다하며 분단가족의 아픔을 치유하려는 것임.
주요내용
  가. 생사확인이 안 되는 전후 납북피해자들에 대하여 귀환자의 정착금지급수준을 고려하여 피해위로금을 그 유족들에게 지급하도록 함(안 제9조제2항).
  나. 납북피해자의 유족들의 자립도모를 위해 장기저리 대부를 할 수 있도록 함(안 제22조의2 신설).
  다. 납북피해자의 유족들에게 주택의 우선분양을 실시할 수 있도록 함(안 제22조의3 신설).
  라. 이 법에 따르지 아니하고서는 누구든지 납북피해자나 유족을 지원한다는 명목하에 영리를 목적으로 단체를 조직하거나 개인적인 활동을 할 수 없도록 함(안 제28조).
  마. 납북피해자와 그 유족 상호 간의 친목을 도모하고 상부상조함으로써 자활 능력을 배양하고 유족들의 권익향상을 위하여 단체를 두되, 이를 법인으로 함(안 제29조).","김성태,김충조,남경필,백성운,손숙미,신상진,안상수",외교통상통일위원회
신상진,105,1802387,PRC_J0L8T1N1D2L8E1L8B1L0I4V5U9C5S9,참전유공자예우에 관한 법률 일부개정법률안,의결,2008-11-28,2009-01-13,대안폐기,"제안이유
？？？？
  ‘대한민국6·25참전유공자회’ 및 ‘대한민국베트남참전유공전우회’를 설립함으로써 조국을 위하여 6·25전쟁에 참전한 유공자와 베트남전쟁에 참전한 유공자들이 상부상조하여 자활능력을 배양할 수 있도록 하고 회원복리 증진 및 단체의 원활한 운영을 위한 법적 근거를 마련하여 이분들의 고귀한 애국정신을 함양시키려는 것임.
주요내용
？？？？
  가. ‘월남’ 혹은 ‘越南’을 ‘베트남’으로 함(안 제2조).
  나. ‘대한민국 6·25 참전유공자회’와 ‘대한민국베트남참전유공전우회’의 설립 근거를 마련함(안 제13조부터 제29조까지).","김성태,손숙미,신상진,안효대,원희룡,유성엽,이경재",정무위원회
신상진,105,1802266,PRC_M0K8V1G1Y2Z6B1P6C3F8Z5G1O7D0B9,의료기사 등에 관한 법률 일부개정법률안,의결,2008-11-26,2009-06-29,철회,"제안이유
  청력장애가 발생하였거나 새롭게 인지 된 경우 그 의학적인 원인을 밝히고 알맞은 치료과정을 거쳐 청력을 보존하고 향상시키는 것은 국민의 건강과 직결된 중요한 행위임. 
  특히, 무자격자의 의료행위로써의 진료와 청력검사, 보청기 처방 및 평가는 난청인에게 적시에 이루어져야 하는 치료기회를 상실하고 청각 재활의 기회를 잃어 영구적인 청력 손실에 이르게 할 수 있음. 또한, 불필요한 보청기 구입으로 인한 의료비 상승의 문제와 시술과정에서 환자에게 발생한 나쁜 결과로 인해 의료 사고가 발생할 수 있으며 더 나아가 우리나라 보건의료위생 상 큰 위해를 가할 수도 있음. 
  이렇듯 국민의 건강과 직결되는 청력 관련 업무의 합리적 관리·감독을 위하여 청각사라는 새로운 국가면허제도를 신설하고, 자격을 갖춘 자에 의하여만 청력검사, 보청기 평가업무 등이 이루어지도록 함으로써 국민의 보건 및 복리증진에 기여하고자 하는 것임.
주요내용
  가. 청각사는 1급 청각사, 2급 청각사 및 준청각사로 구분되고, 1급 청각사 및 2급 청각사는 국가시험에 합격한 후 보건복지가족부장관으로부터 면허를 받아야 함(안 제2조).
  나. 1급 청각사만이 청각업소를 개설할 수 있으며, 일정한 시설 및 장비를 갖추어 시장·군수·구청장에게 개설등록을 하여야 함(안 제12조의2 신설).
  다. 「민법」에 따른 법인·단체를 통하여 이미 청각사 자격인정을 받은 자는 이 법에 따른 준청각사로 간주함(안 부칙 제2조).","강명순,강성천,강운태,김성태,김태원,김태환,백성운",보건복지가족위원회
신상진,105,1802088,PRC_W0C8D1G1M1G8A1F7A3P6A5C1G2K2K8,장기등 이식에 관한 법률 일부개정법률안,의결,2008-11-18,2010-04-28,대안폐기,"제안이유
  의학의 발전으로 장기이식을 통하여 생명을 연장할 수 있게 됨에 따라 생체장기의 이식에 의존하는 장기이식 대기자들이 매년 증가하고 있음.
  이에 자신의 장기로 타인의 생명을 구하는 장기기증자들의 희생정신이 우대되고 존중되어야 함에도 불구하고 장기 등 기증을 이유로 취업제한, 강제 퇴직 및 보험가입 거부 등 장기기증자가 차별을 받고 있어 실제적인 사회분위기 및 제도적 지원은 아직 미흡한 실정임.
  따라서 장기기증자에 대해서 취업 및 보업가입 등에서 불이익을 받지 않도록 함으로써 장기기증 및 이식의 활성화를 통하여 국민건강의 증진에 이바지하려는 것임.
주요내용
  가. 누구든지 장기등의 기증을 이유로 장기등기증자에게 불이익을 주거나 차별대우를 하여서는 아니 됨(안 제2조의2제2항 및 제3항 신설).
  나. 장기등기증자에 대한 차별대우 등에 따른 국가 및 지방자치단체의 시정요구를 따르지 아니한 자에게는 500만원의 과태료를 부과함(안 제47조의2 신설).","강명순,강운태,김성태,김재경,김종률,배영식,백성운",보건복지위원회
신상진,105,1801837,PRC_K0D8G1M1F0H7A1P8Y3A0F2L6R6X3G1,국립암센터법 일부개정법률안,의결,2008-11-07,2010-04-28,대안폐기,"제안이유
  2002년 세계 암 발생 건수는 1100만건, 암 사망 건수는 700만건이고, 이중 아시아 암 발생은 45%, 암 사망은 50%를 차지하고 있으며, 암은 우리나라에서도 국민 사망원인 1위의 질환임. 
 국립암센터는 연구소와 암전문병원이 함께 설치되어 있고, 암발생 모니터링 체계(한국중앙암등록본부)를 갖추고 있으며, 성공적으로 국가 암 관리 사업을 수행하고 있을 뿐만 아니라, 암 전문 인력의 양성에 필요한 우수인력과 교육시설, 세계 암 관련 기관과의 교류 및 국제교육프로그램 노하우를 갖추고 있음. 
  이러한 이점을 바탕으로 국립암센터에 대학원대학을 설치하고 기존대학과 차별화된 암의 특수성 및 포괄성이 반영된 교육프로그램을 도입하여, 암에 관한 국제적인 전문 인력, 진료 인력 등을 양성함은 물론 암역학조사를 국립암센터에서 실시할 수 있도록 함으로써, 한국이 암 분야의 아시아 선도국이 되는데 기여할 수 있도록 하기 위함임.
주요내용
  가. 국립암센터가 교육과학기술부장관의 인가를 받아 「고등교육법」 제30조에 따라 국립암센터원장을 총장으로 하여 암전문 대학원대학을 설립할 수 있게 함(안 제3조제3항 및 제4항 신설).
  나. 국립암센터가 암역학조사 사업을 행하도록 함.(안 제5조제8호 신설)
참고사항
  이 법률안은 「암관리법 일부개정법률안」(의안번호 제1836호)의 의결을 전제로 하는 것이므로 같은 법률안이 의결되지 아니하거나 수정의결 되는 경우에는 이에 맞추어 조정되어야 할 것임.","강명순,강운태,김성수,김성태,백성운,신상진,안상수",보건복지위원회
신상진,105,1801836,PRC_P0Y8X1H1B0Z7N1W8T2A9B2X8T1C2V7,암관리법 일부개정법률안,의결,2008-11-07,2010-04-28,대안폐기,"제안이유
  암역학조사는 암발생현황 자료를 바탕으로 식생활 습관, 환경적 폭로, 유전적 문제 등 다양한 원인에 의해 증가하는 암발생의 원인을 규명하고 원인에 따른 중재와 예방 방안을 제시하는 것으로, 암발생 모니터링 체계(한국중앙암등록본부)를 갖추고 있으며 암 연구 및 국가암관리사업 기능을 가진 국가단위 암전문기관(국립암센터)에서 역학조사를 실시하도록 하여 효율성 및 전문성을 강화하고자 함.
주요내용
  암역학조사 실시를 「국립암센터법」에 따른 국립암센터에게 위임할 수 있도록 함(안 제7조의2제2항 신설)","강명순,강운태,김성수,김성태,백성운,신상진,안상수",보건복지위원회
신상진,105,1801614,PRC_Y0Q8R1F0U2P8D1N7C1R9M0A7P0C4S7,식품안전기본법 일부개정법률안,의결,2008-10-28,2011-06-29,대안폐기,"■ 제안이유 
  식품등으로 인하여 국민건강에 중대한 위해가 발생하거나 발생할 우려가 있는 경우 피해를 사전에 예방하거나 최소화하기 위해 현재 관계행정기관의 장의 재량으로 되어 있는 생산·판매등의 금지 조치를 의무 사항으로 하여, 식품안전에 대한 긴급 대응의 신속성과 효율성을 제고하고자 함.
■ 주요내용 
  긴급대응이 필요하다고 판단되는 식품등에 대하여 그 위해 여부 확인 전까지 해당 식품등의 생산·판매등을 금지할 수 있도록 한 현행 관계행정기관의 장의 재량 사항을 의무 사항으로 함(안 제16조제1항).","구본철,김성곤,김성수,김성태,백성운,손숙미,신상진",보건복지위원회
신상진,105,1801613,PRC_R0O8B1V0A2X8B1I7R1D5Z4A2C6U2K3,식품위생법 일부개정법률안,의결,2008-10-28,2009-01-13,대안폐기,"■ 제안이유 
  국민건강에 위해가 발생할 우려가 있는 식품 등에 대해서는 보다 신속한 대응이 필요한 만큼 현재 식품의약품안전청장의 재량권으로 되어 있는 판매 등 일시금지조치를 의무 사항으로 하고, 식품위생심의위원회(이하 “심의위원회”라 한다)의 심의 절차 등을 간소화하여 일시금지조치의 효율성과 신속성을 제고하고자 함.
■ 주요내용 
  가. 식품의약품안전청장의 재량사항으로 되어 있는 판매 등 일시금지조치를 의무 사항으로 함(안 제13조제2항).
  나. 식품의약품안전청장이 일시금지조치를 한 때에는 지체없이 심의위원회의 심의·의결을 거치도록 함(안 제13조제3항).
  다. 식품의약품안전청장의 재량사항으로 되어 있는 특정식품등의 판매 등 일시금지조치를 의무 사항으로 함(안 제16조의2제1항).
  라. 식품의약품안전청장이 특정식품등의 판매 등 일시금지조치를 한 때에는 지체없이 관계중앙행정기관의 장의 의견을 듣고 심의위원회의 심의·의결을 거치도록 함(안 제16조의2제2항).","구본철,김성곤,김성수,김성태,백성운,손숙미,신상진",보건복지가족위원회
신상진,105,1800825,PRC_P0L8O0N9Q0L3U1W3W4Z8D2S6X1J1L0,도시개발법 일부개정법률안,의결,2008-09-03,2009-12-08,대안폐기,"제안이유
  현행 도시개발지역을 지정하고 도시개발 재원을 마련하는 데에 있어 효율성과 지방자치단체의 자율성을 저해하고 있는 승인·협의절차를 간소화하여, 지자체 실정에 맞는 도시공간전략 실현을 통해 분권적 계획역량을 강화하고 지역실정을 감안한 진정한 의미의 지방분권을 실현함과 동시에 사업 추진의 효율성을 제고하기 위함.
주요내용
  가. 도시개발구역 지정 시 지정하고자 하는 도시개발구역의 면적이 대통령령으로 정하는 규모 이상인 때에도 국토해양부장관의 승인을 요하지 아니하도록 함(제3조제1항 각 호 외의 부분 후단 삭제).
  나. 공공기관 또는 정부출연기관의 장이 대통령령으로 정하는 규모 이상으로 도시개발구역의 지정을 제안하는 경우 국토해양부장관이 이를 지정할 수 있도록 한 권한을 배제함(제3조제3항제3호 삭제).
  다. 지방자치단체의 장이 제1항에 따른 도시개발채권의 발행을 위하여 「지방재정법」제11조제3항에 따라 행정안전부장관의 승인을 받으려고 하는 경우 미리 국토해양부장관과 협의하도록 한 절차를 삭제함(제62조제2항 삭제).","구본철,김성수,신상진,안상수,양정례,유기준,유성엽",국토해양위원회
신상진,105,1800824,PRC_V0G8L0M9F0Z3O1N3K4A7R3O7J6N6Y5,정보격차해소에 관한 법률 일부개정법률안,의결,2008-09-03,2009-04-30,대안폐기,"제안이유
  정보통신기술의 급격한 발전 및 인터넷의 확산으로 지식과 정보가 경제적인 부의 원천이 되는 지식정보화 사회가 도래하였음. 그런데 지식정보화 사회에서 사회생활을 영위하기 위한 필수적인 수단인 컴퓨터와 인터넷을 활용하지 못하여 정보 및 지식을 향유하지 못하는 개인들이 있음. 장애인·노령자 등이 특히 그러한데 이러한 정보격차(Digital Divide)는 사회·경제적인 격차를 확대재생산함은 물론 사회통합을 저해함. 
  이에 정보통신제품 제조업자와 정보통신서비스 제공자, 정부 및 공공단체에 대하여 정보소외계층의 정보통신제품 및 서비스에 대한 접근성을 향상시키기 위하여 필요한 기준을 마련하고 의무를 부과하고자 함.
주요내용
  가. 정보통신서비스의 제공자 및 정보통신제품 제조업자는 장애인·노령자 등이 비장애인과 동등한 수준으로 정보통신서비스 및 제품을 활용할 수 있는 보편적인 설계를 하도록 하고, 보조기구 없이는 서비스 및 제품을 이용할 수 없는 경우에는 보조기구와 호환될 수 있도록 서비스 및 제품을 설계·제작·제공하도록 함(안 제7조제2항).
  나. 국가·지방자치단체 및 기타공공단체는 정보통신서비스를 제공하거나 정보통신제품을 구매할 경우, 장애인·노령자 등이 쉽게 사용할 수 있는 서비스 및 제품을 채택하도록 함(안 제7조제3항).","구본철,김성곤,김성순,박민식,신상진,안상수,양정례",행정안전위원회
신상진,105,1800637,PRC_I0A8N0H8X1Y8V1Z2Y2S1B5E6W8J8Z7,조세특례제한법 일부개정법률안,의결,2008-08-18,2008-12-12,대안폐기,"■ 제안이유 
  「조세특례제한법」 제106조의7은 일반택시운송사업자에 부과되는 부가가치세 납부세액의 50%를 경감하고, 그 경감분을 운수종사자의 처우개선과 복지향상에 사용하도록 하고 있음.
  그러나, 운수종사자들의 열악한 임금복리후생과 근로여건 개선에 여전히 한계가 있어, 부가가치세 경감률을 납부세액의 50%에서 100%로 상향조정하고, 현재 2008년 12월 31일로 되어 있는 특례 적용 기한을 2년 연장하고자 함.
■ 주요내용 
  일반택시운송사업자에 부과되는 부가가치세의 납부세액 경감률을 현행 50%에서 100%로 하고, 경감률 적용 기한을 2010년 12월 31일까지로 2년 연장함(안 제106조의7제1항).","김성수,김소남,김영진,김옥이,박상돈,신상진,안경률",기획재정위원회
신상진,105,1800636,PRC_S0E8G0Q8Q1W8K1C1I3T1O5J5U1I3T2,군사기지 및 군사시설 보호법 일부개정법률안,계류,2008-08-18,"","","제안이유
  현행법은 비행안전구역 중 전술항공작전기지의 제3구역, 제5구역 또는 제6구역과 지원항공작전기지의 제4구역 또는 제5구역 안에서 각 구역별로 건축물 등 장애물 설치 고도를 지표면으로부터 45미터 높이까지만 허용하고 있는 등 비행안전구역 안의 건축물 등의 설치에 대해 그 고도를 엄격히 제한하고 있음.
  이는 비행장 인근에 위치한 기업과 지역 주민의 경제활동에 큰 지장을 야기하고 있는 바, 비행안전구역 안에서 지형, 자연장애물 및 기존장애물 등과의 관계를 항공학적으로 면밀히 검토한 후 항공기의 비행안전에 위해를 끼칠 우려가 없다고 판단되는 경우에는 그 구역의 최고장애물의 높이까지 건축물 또는 구조물을 설치할 수 있게 하고자 함.
주요내용
  비행안전구역 중 전술항공작전기지의 제3구역·제5구역 또는 제6구역과 지원항공작전기지의 제4구역 또는 제5구역 안에서의 건축제한 고도를 ‘각 구역별로 최고장애물의 지표면 높이를 초과하지 아니하는 범위 안’으로 함. (안 제10조제2항).","강성천,고흥길,김동성,김성태,김소남,김태환,신상진",국방위원회
신상진,105,1800334,PRC_W0E8S0G7G1K8S1Y5U5V8Z2Z7Q3H7E3,도로교통법 일부개정법률안,계류,2008-07-18,"","","제안이유
  현행 「도로교통법」은 교통사고가 발생하면 운전관계자는 즉시 정차하여 부상자 간호와 도로상의 위험방지를 위하여 최선을 다하도록 하고 있으나, 정작 교통사고 부상자의 응급처치에 관한 운전자 대상 교육에 관한 규정이 없어 대부분이 사고의 발생시 119구조대가 도착하기 전까지 별다른 조치가 취해지지 않아 소중한 생명을 잃고 있음. 
  따라서 운전면허를 취득하고자 하는 자에게는 소정의 응급구조 및 응급처치교육을 이수하도록 하여 교통사고 발생 시 생명구조를 위하여 효율적으로 대처할 수 있도록 하려는 것임.
주요내용
  가. 운전면허를 받고자 하는 자에 대한 교통안전교육 내용에 생명구조를 위한 응급구조 및 응급처치 방법에 대한 교육을 추가함(안 제73조제1항제4호 신설).
  나. 「응급의료에 관한 법률」 제36조에 따라 응급구조사 자격을 갖춘 자 또는 이와 동등한 자격이 있다고 대통령령으로 정하는 자는 응급구조 및 응급처치교육 강사자격을 취득한 것으로 봄(안 제106조제1항 단서 신설).","강석호,구본철,김소남,김우남,박대해,박종희,신상진",행정안전위원회
신상진,105,1800333,PRC_M0E8L0R7C1R8W1U5S5H5D0L6P2C2Q7,국민건강보험법 일부개정법률안,의결,2008-07-18,2011-12-29,대안폐기,"제안이유
  「국민건강보험법」 제48조제3항은 대통령령으로 정하는 기간 이상 보험료를 체납한 경우 보험급여를 실시하지 아니할 수 있도록 하고 있음. 같은 법 시행령 제27조는 그 체납기간을 1개월로 정하면서 총 체납횟수가 3회 미만인 경우에는 같은 법 제48조제3항의 적용을 배제하도록 하고 있음.
  이와 같이 시행령에 위임에 따른 체납기간을 정하면서 단서를 두어 모법의 해당 규정을 배제하는 것은 모법의 위임근거를 넘어서는 규정에 해당됨.
  이에 현행법을 개정하여 「국민건강보험법 시행령」의 내용을 「국민건강보험법」에 직접 규정하고자 함.
주요내용
  공단은 보험료를 1개월 이상 체납한 지역가입자에 대하여 보험급여를 실시하지 아니할 수 있으나 보험료의 체납기간에 관계 없이 월별 보험료의 총 체납횟수가 3회 미만인 경우에는 그러하지 아니함(안 제48조제3항).","구본철,김우남,나성린,박대해,박종희,신상진,안상수",보건복지위원회
신상진,105,1800208,PRC_R0S8R0I7H1D0W1S4K2P8N1T2Q5X9V5,유료도로법 일부개정법률안,의결,2008-07-10,2012-01-26,폐기,"제안이유
  최근 국제 유류가격의 급격한 상승으로 인하여 물류비용의 상승, 물가상승 등 국민경제 전반에 대한 우려가 높아지고 있는 상황임.
  이에 고속국도 등 유료도로의 통행료 감면대상차량에 에너지소비효율이 우수한 차량을 포함시켜 통행료 감면 혜택을 받을 수 있도록 함으로써 에너지의 고효율 이용을 촉진하고 나아가 온실가스 배출 저감을 통하여 환경 보전에 기여하려는 것임.
주요내용
  유료도로의 통행료 감면대상차량에 에너지소비효율이 우수한 차량을 추가함(안 제15조제2항).","강석호,김성수,김희철,박종희,손범규,신상진,안상수",국토해양위원회
신상진,105,1800207,PRC_V0Y8U0D7J1M0B1Y4A2J0Z3B4E9J4S6,주차장법 일부개정법률안,의결,2008-07-10,2010-04-06,폐기,"제안이유
  현행 「주차장법」에 의하면 노상주차장 및 노외주차장에 경형자동차를 주차하는 경우에만 주차요금을 감면받을 수 있으나 최근 국제 유류가격의 급격한 상승에 대응하여 주차요금 감면대상의 범위를 에너지소비효율이 우수한 자동차까지 확대하여 에너지의 효율적 이용을 촉진할 필요가 있음. 
  이에 「에너지이용 합리화법」 제15조에 따른 에너지소비효율이 우수한 자동차의 경우에도 노상주차장 및 노외주차장에서의 주차요금을 감면받을 수 있도록 하려는 것임.
주요내용
「에너지이용 합리화법」 제15조에 따른 에너지소비효율이 최상위 등급으로 표시된 자동차가 노상주차장 및 노외주차장에 주차하는 경우에는 주차요금의 100분의 20 이상을 감면함(안 제9조제1항 및 제14조제2항).","강석호,김성수,김희철,박보환,박종희,손범규,신상진",국토해양위원회
신상진,105,1800206,PRC_O0P8I0F7E1Z0A1V4W1K3Q1E2T2S1C1,성폭력범죄의 처벌 및 피해자보호 등에 관한 법률 일부개정법률안,의결,2008-07-10,2010-03-31,대안폐기,"제안이유
 성폭력범죄의 피해자가 미성년자인 경우 성폭력사실에 대한 인식부족, 그 범죄에 대처하는 법적 절차에 대한 지식의 결여, 가해자에 대한 공포 등으로 그 피해 사실을 공론화하는 데는 어려움이 있고, 미성년 성폭력피해자가 이를 극복하고 가해자를 고소 또는 고발할 수 있는 때가 되더라도 현행 형사소송법상의 공소시효제도 때문에 불가능하게 된 사례가 많기 때문에 성폭력 피해자가 미성년자인 경우 그 공소시효의 진행을 당해 피해자가 성년이 된 이후부터로 하는 공소시효의 특례규정을 신설함으로써 미성년자에 대한 성폭력범죄의 진압과 예방을 도모하려는 것임.
주요내용
  형사소송법상 범죄행위의 종료시부터 진행하도록 되어 있는 공소시효를 성폭력범죄피해자가 미성년자인 경우는 그 피해자가 성년이 될 때부터 공소시효가 진행하는 것으로 함(안 제19조의2 신설).","강성천,김성수,김희철,나경원,박선영,박종희,백성운",법제사법위원회
신상진,105,1800110,PRC_R0R8A0J6G3L0V1N6B1G7M0N7M5F7H1,도시재정비 촉진을 위한 특별법 일부개정법률안,의결,2008-06-30,2008-12-13,대안폐기,"제안이유
  현행 재정비촉진사업의 시행으로 낙후된 기성 시가지에 대한 체계적 개발이 가능해짐에 따라 충분한 기반시설을 확충하고, 주거·교통·교육여건 등의 개선을 통하여 구도심의 발전을 도모할 수 있게 되었음.
  그러나 기성 시가지에 대한 체계적 개발을 통하여 도시 발전의 필요성이 상대적으로 큰 지방 중소도시의 경우에는 현실적으로 현행법에 따른 재정비촉진지구 지정에 요구되는 최소면적기준을 오히려 충족하기 어렵다는 문제점이 있고, 영세민 집단 이주 정책으로 도시형성과정에서 중앙정부의 책임이 있는 도시의 낙후된 구시가지는 오랜 기간 소외되어 온 탓에 기반시설 등이 열악하여 사업 추진에 어려움이 많음.
  이에 일정규모 이하의 도시에 대하여는 재정비촉진지구 지정의 최소면적을 현행 2분의 1에서 4분의 1로 완화하여 적용하도록 하고, 도시영세민을 집단 이주시켜 형성된 낙후지역을 재개발하는 경우에는 국가 또는 시·도지사가 기반시설 설치에 소요되는 비용의 100분의 50이상을 지원하도록 함으로써 낙후된 지방 중소도시에서도 원활한 도시재정비 촉진사업을 통해 도시의 균형발전과 도시 주민의 삶의 질 향상을 도모할 수 있게 하려는 것임.
주요내용
  가. 대통령령으로 정하는 일정규모 이하의 광역시 또는 시의 경우에는 재정비촉진지구 지정에 있어 재정비촉진지구의 면적을 4분의 1까지 완화하여 적용할 수 있도록 함(안 제6조제3항 단서).
  나. 도시영세민을 집단 이주시켜 형성된 낙후지역의 재개발사업의 경우, 국가 또는 시·도지사는 시·도지사 또는 시장·군수·구청장에게 대통령령으로 정하는 기반시설의 설치에 소요되는 비용의 100분의 50이상을 지원하도록 함(안 제29조제1항 단서 및 제2호의2 신설).","강성천,김소남,김희철,신상진,안상수,양정례,유기준",국토해양위원회
신상진,105,1800109,PRC_Y0V8V0T6R3X0T1S6W1X4D5I1B1O2J9,국가유공자 등 예우 및 지원에 관한 법률 일부개정법률안,의결,2008-06-30,2011-03-11,대안폐기,"■ 제안이유 
   참전유공자들은 국가가 위기에 처하거나 고결한 시대적 가치가 위협받게 되어 국가의 부름이 있을 때면, 망설임 없이 전장에 나가 우리나라의 국가안보와 사회안녕, 경제재건에 공헌하고 헌신하였음.
  그러나 법률 제9079호로 개정된 현행법에서는 6·25참전 유공자만 국가유공자로 예우를 받게 된 반면, 베트남전 참전유공자는 여전히 국가유공자 대상에서 제외되어 형평성에 어긋나는 측면이 있음.
  또한 이는 주요 우방국에 대한 우리 군의 해외 파병이 증가하고 있는 현 추세에 부응하지 못하는 측면이 있음.
  이에 베트남전 참전유공자들을 국가유공자로 대우해 그분들의 명예를 선양하고 일반국민은 물론 해외에서 활발한 활동을 계속하고 있는 우리 장병들에게 숭고한 애국정신의 귀감이 될 수 있도록 하려는 것임.
■ 주요내용 
   베트남전 참전유공자를 국가유공자로 인정하되, 그에 대한 예우와 지원은 「참전유공자예우에 관한 법률」에 따르도록 함(안 제4조제1항제9호의2).","구본철,김성회,김소남,김효재,김희철,박상은,박선영",정무위원회
신상진,105,1800108,PRC_Z0H8A0A6T3W0U1S6W1K3V5M1P2F3P6,기초노령연금법 일부개정법률안,계류,2008-06-30,"","","■ 제안이유 
   현행 「기초노령연금법 시행령」 제16조제3항에서는 지자체가 기초노령연금 외의 별도의 노인 수당을 지급할 경우 국가가 국고지원비율을 줄이는 방법으로 지자체를 일방적으로 통제할 수 있는 가능성을 열어놓고 있으나, 정작 지자체 간에 비용부담비율을 조정할 시에는 반드시 정부와 협의해야 하도록 법률에서 규정하고 있어 지방자치제의 취지와 형평성에 어긋나는 측면이 있음.
  또한 실질적으로 현재 추진되고 있는 노인지원연금제도 일원화 정책이 지방자치단체와 보건복지가족부 간의 협의를 통해 이루어지고 있는 현실을 감안하면, 「기초노령연금법 시행령」 제16조제3항의 내용을 법에서 규정하고 국가의 비용부담비율 축소도 항상 지방자치단체의 장과 정부 간 협의를 통해 결정되도록 하는 것이 마땅함.
  본 개정안은 이를 통해 새로운 노인지원연금제도가 국가·지방자치단체·국민 간의 합의를 바탕으로 안정적으로 시행되고 정착되게 하는 틀을 공고히 하는 데에 기여하고자 함임.
■ 주요내용 
   국가가 이 법에 따른 연금과 유사한 성격의 급여·수당을 지급하는 지방자치단체에 대하여 대통령령으로 정하는 국가부담비율에서 100분의 10을 차감한 비율을 부담할 수 있도록 하되, 사전에 미리 지방자치단체의 장과 협의하도록 함(안 제19조제3호 신설).","강성천,김소남,김효재,김희철,박종희,신상진,안상수",보건복지위원회
신상진,105,177765,PRC_H0W7J1B1O0B9P1Z5M0V2P3E0Z2K4S9,국민건강증진법 일부개정법률안,의결,2007-11-09,2008-05-29,임기만료폐기,"제안이유
  담배에 관한 광고는 흡연자의 흡연량을 늘리고, 흡연자의 금연의지를 약화시키며, 흡연을 시작하게 되는 청소년의 흡연을 부추기는 등 담배수요를 증가시키는 역할을 하고 있음.
  따라서 담배광고로 인한 담배수요의 증가를 억제하기 위하여 현행 이 법 시행령에서 규정하고 있는 담배광고 횟수를 연간 60회 이내에서 10회 이내로 줄여 이 법에 직접 규정하고, 담배 및 담배회사에 대한 모든 광고 및 사회·문화·음악·스포츠 등의 행사에 대한 직·간접 후원을 금지시키고자 함.
또한 금연을 독려하기 위하여 담배 진열을 제한하고 담배 형태의 미성년자용 제품의 제조 판매를 금지하며, 공중이용시설 출입구로부터  5M이내에서 흡연 공간 및 흡연 행위를 제한하고자 함.
주요내용
  가. 담배 및 담배회사에 대한 모든 광고 및 사회·문화·음악·스포츠 등의 행사에 대한 직·간접 후원을 금지(안 제7조4항 신설).
  나. 현행 담배광고의 가능횟수를 연간 60회 이내에서 10회 이내로 축소함(안 제9조1항 삭제, 제9조의2 신설).
  다. 구매자가 모든 담배상품에 직접적으로 접근할 수 있는 모든 방식의 담배 판매를 금지(안 제9조7항 신설).
  라. 담배 형태의 미성년자용 제품의 제조 및 판매를 금지(안 제9조8항 신설).
  마. 공중이용시설 출입구로부터 5M 이내에서 흡연 공간 및 흡연행위를 금지함(안 제9조9항 신설). 
  바. 보건복지부 장관은 기금을 제1항 각 호의 사업에 사용함에 있어 청소년 흡연예방 및 치료·재활사업에 보조금 교부 및 특별 지원할 수 있음(안 제25조4항 신설).","김명주,김영숙,김정권,노웅래,박계동,배일도,신상진",보건복지위원회
신상진,105,177762,PRC_L0O7N1R1U0L9U1I4B3K5O3G8Y8O8Y4,정신보건법 일부개정법률안,의결,2007-11-09,2008-05-29,임기만료폐기,"제안이유
  많은 정신질환자들이 사회적 편견으로 큰 고통을 받고 있지만 그들을 위한 종합적인 정신보건사업계획의 수립이나 정신질환자를 상담·치료하고 사회로 복귀시키는 등의 기능을 수행하는 정신보건시설 간의 연계체계구축은 미흡한 실정임.
  이에 국가 및 지역단위의 정신보건사업계획을 수립하도록 하고, 정신보건심판위원회의 위원수를 5인 이상 10인 이내에서 10인 이상 20인 이내로 늘리도록 하며, 정신보건면접관이 정신보건시설을 방문하여 자료수집 등을 할 수 있도록 함으로써 정신질환자의 인권을 보호하고 원활하게 사회에 복귀할 수 있도록 지원하려는 것임.
주요내용
  가. 정신의료기관에 병원급 이상의 의료기관에 설치된 기질성 정신질환자를 입원시킬 수 있는 비개방적인 시설을 포함시킴(안 제3조제3호).
  나. 보건복지부장관에게 4년마다 국가정신보건사업계획을 수립하도록 하고, 특별시장·광역시장·도지사·특별자치도지사와 시장·군수·구청장에게는 국가정신보건사업계획에 따라 각각 해당 지역단위의 정신보건사업계획을 수립하도록 함(안 제4조의3 신설).
  다. 정신질환자의 보호의무자가 2인 이상인 경우, 보호의무자 사이에 협정이 없음에도 불구하고 부양순위 청구를 하지 아니하거나, 청구한 경우에도 법원이 2인 이상의 부양의무자를 선정하는 경우에는 환자와 생계를 같이 하는 사람, 실질적으로 환자를 부양해 온 사람의 순으로 부양의무 순위를 정함(안 제21조제2항 단서 신설).
  라. 보호의무자에 의한 입원 시 보호의무자라는 것을 확인할 수 있는 서류를 제출하기 어려운 급박한 상황일 때에는 입원 후 48시간 이내에 관련 서류를 제출하도록 할 수 있으며, 관련 서류를 제출하지 않는 경우 즉시 해당 정신질환자를 퇴원시키도록 함(안 제24조제1항 단서 신설). 
  마. 정신질환자의 응급입원 시 의사의 동의와 경찰관의 확인을 거쳐  입원을 의뢰하도록 함(안 제26조제1항).
  바. 정신보건심판위원회는 정신과 전문의 및 정신보건전문요원 중에서 정신보건면접관을 임명하여 자료수집 및 사실확인 등을 할 수 있도록 하고, 정신보건심판위원회 안에 정신보건심판위원회 위원 중 3인으로 구성하는 소위원회를 둘 수 있도록 함(안 제28조제6항부터 제8항까지 신설).","고조흥,김명주,김영숙,김희정,박세환,서상기,신상진",보건복지위원회
신상진,105,177719,PRC_S0J7P1J1Q0Z6X1R7W5N3O4U3H8U5G2,도시재정비 촉진을 위한 특별법 일부개정법률안,의결,2007-11-06,2008-05-29,임기만료폐기,"■ 제안이유 
  「국토의 계획 및 이용에 관한 법률 시행령」에서는 도시지역의 경우 주거지역, 상업지역, 공업지역, 녹지지역에 대해 각각 180㎡, 200㎡, 660㎡, 100㎡ 초과 시에 허가를 받도록 하고 있으나, 재정비촉진지구에서는 20㎡ 이상의 토지거래에 대하여 허가를 받도록 규정하고 있음.
  토지거래허가구역의 지정제도는 투기를 방지한다는 측면에서는 정당한 취지라고 할 것이나, 허가대상이 되는 면적을 일반법령에서보다 더 강한 규제를 두고 있는 점, 또한 시행령 입법당시 허가대상인 면적요건이 토지거래 당사자들의 중요한 관심사였으며, 그 면적을 20㎡로 정하는 것은 투기억제라는 목적달성을 위해서도 다소 과도한 것이 아니냐는 논의도 있었던 점 등을 고려할 때, 이는 토지거래허가를 받아야 하는 당사자에게 있어서는 재산권 행사의 제약을 가져오는 중요한 사항으로서 법률에 근거를 두어야 함.
■ 주요내용 
  「국토의 계획 및 이용에 관한 법률」 제117조의 규정에 의한 허가구역으로 지정되는 경우 20제곱미터 이상의 토지거래에 대하여 허가를 받아야 함(안 제37조제3항).","김명주,김영숙,김정권,서상기,신상진,심재엽,유기준",건설교통위원회
신상진,105,177712,PRC_H0C7C1J1F0F6T1O7L3B2H5W5D3K3T2,외국인근로자의 고용 등에 관한 법률 일부개정법률안,의결,2007-11-06,2008-03-07,폐기,"제안이유
  「외국인근로자의 고용 등에 관한 법률」제24조제1항은 외국인 근로자 관련 사업을 수행하는 기관 또는 단체에 대하여 사업수행에 필요한 비용의 일부를 지원할 수 있도록 하고 있으며, 비용을 지원받을 수 있는 단체의 요건에 관해서는 「외국인근로자의 고용 등에 관한 법률 시행령」제29조제2항에 규정되어 있음.
  비용 지원은 급부적인 행정입법이므로 침익적 행정입법에 대한 수권의 경우 보다 명확성이 요구되지는 않으나, 전적으로 하위법령에 위임하는 것은 지원을 받지 못하는 기관 또는 단체 측면에서 볼 때 형평성의 문제가 야기되거나 중요한 법익이 침해도리 소지가 있으므로 이를 법률에 명확히 규정하여 행정부의 자의적인 행정입법을 통제하고자 함.
주요내용
  국가는 외국인근로자에 대한 상담·교육, 그 밖에 각 호의 요건을 갖춘 기관 또는 단체에 대하여 사업수행에 필요한 비용의 일부를 예산의 범위 안에서 지원할 수 있음(안 제24조제1항).","고조흥,김명주,김애실,김영숙,김정권,신상진,심재엽",환경노동위원회
신상진,105,177598,PRC_K0X7W1I0A0Z9R1M6J1V5P1X0H9Z5J0,국민건강보험법 일부개정법률안,의결,2007-10-09,2008-05-29,임기만료폐기,"제안이유
？？？？？？
  「국민건강보험법」 제48조제3항은 대통령령으로 정하는 기간 이상 보험료를 체납한 경우 보험급여를 실시하지 아니할 수 있도록 하고 있음. 같은 법 시행령 제27조는 그 체납기간을 1개월로 정하면서 총 체납횟수가 3회 미만인 경우에는 같은 법 제48조제3항의 적용을 배제하도록 하고 있음.
  이와 같이 시행령에 위임에 따른 체납기간을 정하면서 단서를 두어 모법의 해당 규정을 배제하는 것은 모법의 위임근거를 넘어서는 규정에 해당됨.
  이에 현행법을 개정하여 「국민건강보험법 시행령」의 내용을 「국민건강보험법」에 직접 규정하고자 함.
주요내용
？？？？？？
  공단은 보험료를 1개월 이상 체납한 지역가입자에 대하여 보험급여를 실시하지 아니할 수 있으나 보험료의 체납기간에 관계 없이 월별 보험료의 총체납횟수가 3회 미만인 경우에는 그러하지 아니함(안 제48조제3항).","김정권,박재완,신상진,심재엽,안상수,유기준,이성구",보건복지위원회
신상진,105,177034,PRC_O0W7H0O7V0F5X1I4Z4L8T1H5V8W5A2,여신전문금융업법 일부개정법률안,의결,2007-07-04,2008-05-29,임기만료폐기,"제안 이유 : 
최근 카드사별·업종별 표준 가맹점 수수료율 현황을 보면 주유소 1.5%에 비해 이·미용원 4.05%로 심하게 업종별 형평성의 불균형을 초래 하고 있음.
 이처럼 신용카드 가맹점간 수수료율의 차이가 심한 상황에서 영세업자들의 경우 고율의 수수료율로 인하여 고통받고 있고, 이는 신용카드사용 확대를 통해 투명한 금융거래질서를 확립하고자 하는 노력에도 배치되는 결과를 낳을 수 있는 상황임. 
  이에 우리 헌법 제119조제2항에서 규정하고 있는 경제주체 간의 조화를 통한 경제의 민주화를 위해 신용카드가맹점 수수료율의 형평성에 어긋나는 것을 합헌적인 범위에서 시정하려는 것임.
■ 주요내용 
  업종별 최저 가맹점수수료율의 2배를 넘지 아니하는 범위에서 신용카드가맹점 수수료율을 정하도록 함(안 제23조제4항).","김양수,김충환,김희정,박계동,박세환,박승환,신상진",재정경제위원회
신상진,105,176628,PRC_S0B7S0M5E2Z1U1V0M3A5U5E2Q2Z6I4,정보화촉진기본법 일부개정법률안,의결,2007-05-17,2008-05-29,임기만료폐기,"제안 이유 : 현재 컴퓨터 운영체제는 윈도우 외에 리눅스, 매킨토시 등 여러 종류가 있으나, 우리나라의 경우 윈도우의 점유율이 99% 이상을 차지함. 이에 따라 대부분의 인터넷 웹페이지가 윈도우 운영체제와 그에 따른 웹브라우저인 인터넷익스플로러에 최적화되어 있음.   따라서 리눅스나 매킨토시 등의 운영체제를 이용하는 이용자들은 익스플로러가 아닌 파이어폭스나 오페라 등 다른 웹브라우저를 통하여 인터넷에 접속할 때, 웹페이지가 원활하게 실행되지 않는 문제를 겪고 있음.  이러한 문제는 공공기관의 인터넷홈페이지에서도 마찬가지로 발견되고 있는데, 일례로 전자정부 홈페이지의 경우 익스플로러가 아닌 웹브라우저를 통한 접속 시 사이트에 로그인이 불가능하여 전자민원도 제기할 수 없는 실정임.  비록 우리나라의 현실에서 마이크로소프트사의 운영체제와 웹브라우저가 거의 독점 시 되고 있어 불편을 겪는 이용자는 소수라고 하더라도 이러한 구조는 한 회사의 제품에 변화가 생길 때마다 우리의 생활자체가 크게 영향을 받을 수밖에 없는 불안정한 구조이며, 이러한 상황에서는 다른 운영체제나 웹브라우저에 대한 수요가 증가할 수도 없는 현실임.  이에 윈도우 외의 운영체제를 사용하는 소수의 이용자들도 공공기관의 인터넷홈페이지에 자유롭게 접근하여 민원을 제기할 수 있도록 하여, 이것을 시작으로 소수자의 인터넷웹페이지에 대한 접근성을 향상시키고자 하려는 것임.주요 내용 : 윈도우 외의 다른 운영체제를 사용하는 인터넷이용자들도 공공기관의 인터넷홈페이지에 접속하여 자유로운 민원제기가 가능하도록 공공기관의 홈페이지 구축 시 준수하여야 하는 기술규격을 정하여 이를 강제하도록 함(안 제16조의3 신설).","고조흥,김석준,김애실,김양수,김재경,맹형규,박계동",과학기술정보통신위원회
신상진,105,176570,PRC_C0K7H0P5P0W8D1O5N4G5F2X3A4U5K6,국가공무원법 일부개정법률안,의결,2007-05-07,2008-05-29,임기만료폐기,"■ 제안이유 
현행 국가공무원법 제48조(실비변상 등)에서는 제1항으로 “공무원은 보수를 받는 외에 국회규칙·대법원규칙·헌법재판소규칙·중앙선거관리위원회규칙 또는 대통령령이 정하는 바에 의하여 직무수행에 소요되는 실비변상을 받을 수 있다”로 규정하고 있음.  
  그러나 이러한 실비변상을 받을 권리와 관련, 국가공무원법은 대통령령인 공무원수당규정에 위임하여, 법률로서 권리를 구체화시켜놓고 있지만,  공중보건의사 등 몇몇 공무원에게 실비변상 받을 권리를 제한하여 대통령령으로 헌법상 기본권인 재산권인 자기부담비용에 관한 변상 받을 권리를 제한하고 있는 것임.
  이에 실비변상을 받을 수 있는 공무원에 공중보건의사와 공중보건의사, 징병검사전담의사, 국제협력의사, 공익수의사, 공익법무관, 재외공무원을 명백히 포함시켜 합리적 근거 없는 차별을 시정하려는 것임.
■ 주요내용 
  공중보건의사는 일반적인 계약직 공무원과는 달리 행정관리업무를 수행하고 오·벽지라는 어려운 여건에서 근무하고 있으며, 의료행위로 인한 상당한 법률적 위험 등에 노출되어 있는 직무수행에 상당한 노력이 기울여지는  상황임. 그럼에도 불구하고 다른 계약직 공무원들도 받고 있는 실비변상을 받을 수 없는 것은 과도한 권리제한으로 보이며, 합리적 근거 없는 차별로서 헌법상 평등권 위반으로 생각됨.
이와 함께, 「국가공무원법」 제18조의 단서에 해당하는 공무원들도 마찬가지의 이유로 평등한 권리를 누릴 수 있도록 해야 함.
  즉 실비변상을 받을 수 있는 공무원에 공중보건의사와 징병검사전담의사, 국제협력의사, 공익수의사, 공익법무관, 재외공무원을 명백히 포함시켜 합리적 근거 없는 차별을 시정하려는 것임(안 제48조 후단 신설).","권오을,김기현,맹형규,배일도,신상진,안상수,유기준",행정자치위원회
신상진,105,176454,PRC_O0V7I0O4K1U9F1U6T1U0Z4Q9O2Z5J4,정보격차해소에 관한 법률 일부개정법률안,의결,2007-04-18,2008-05-29,임기만료폐기,"제안 이유 : 
정보통신기술의 급격한 발전 및 인터넷의 확산으로 지식과 정보가 경제적인 부의 원천이 되는 지식정보화 사회가 도래하였음. 그런데 지식정보화 사회에서 사회생활을 영위하기 위한 필수적인 수단인 컴퓨터와 인터넷을 활용하지 못하여 정보 및 지식을 향유하지 못하는 개인들이 있음. 장애인·노령자 등이 특히 그러한데 이러한 정보격차(Digital Divide)는 사회·경제적인 격차를 확대재생산함은 물론 사회통합을 저해함. 
  현행 「정보격차해소에 관한 법률」에서는 정보소외계층의 정보향유를 위하여 정부 및 지자체 등의 다양한 책무를 규정하고 있으나, 현실적으로 정보접근성의 문제는 크게 개선되지 못하고 있음.
  이에 정보통신제품의 제조업자와 정보통신서비스의 제공자는 그 제품과 서비스를 제공함에 있어 보편적인 설계를 하도록 하여, 특별한 기구 없이도 장애인·노령자 등이 정보통신제품과 서비스에 쉽게 접근하고 이용할 수 있도록 하고, 보편적 설계가 불가능할 경우에는 보조기구와 호환될 수 있도록 하며, 미국의 재활법 제508조와 같이 정부 및 공공단체가 구입하는 정보통신제품 및 서비스는 장애인·노령자 등도 쉽게 이용할 수 있는 제품을 구매하도록 하여, 공공부문부터 정보소외계층의 접근성을 보장하도록 함.
■ 주요내용 
가. 정보통신서비스의 제공자 및 정보통신제품 제조업자는 장애인·노령자 등이 비장애인과 동등한 수준으로 정보통신서비스 및 제품을 활용할 수 있는 보편적인 설계를 하도록 하고, 보조기구 없이는 서비스 및 제품을 이용할 수 없는 경우에는 보조기구와 호환될 수 있도록 서비스 및 제품을 설계·제작·제공하도록 함(안 제7조제2항).
 나. 국가·지방자치단체 및 기타공공단체는 정보통신서비스를 제공하거나 정보통신제품을 구매할 경우, 장애인·노령자 등이 쉽게 사용할 수 있는 서비스 및 제품을 채택하도록 함(안 제7조제3항).","고조흥,김석준,김양수,김재경,김태년,맹형규,박세환",과학기술정보통신위원회
신상진,105,176434,PRC_F0G7R0S4C1I7L1B6O5M3A1K8A7F7Y2,학교보건법 일부개정법률안,의결,2007-04-16,2008-05-29,임기만료폐기,"■ 제안이유 
최근 각종 가스충전소 사고가 빈번하게 발생하고 있음. 각종 가스충전소의 안전상태가 확증되지 않았음에도 불구하고 현행 「학교보건법」 제6조의 학교환경위생정화구역 내에 설치할 수 없는 시설로서 가스충전소는 포함되어 있지 않아 전국의 학교 근처에 천연가스 충전소가 설치되고 있음.
  이에 각종 가스충전소를 학교환경위생정화구역 내에 설치할 수 없는 시설에 포함시켜 학교와 인근 주변을 가스폭발의 위험으로부터 보호하고자 함.
■ 주요내용 
  가. 학교환경위생정화위원회의 심의를 거쳐 학교환경위생정화구역 내에 설치할 수 있는 시설에서 가스 제조소·저장소 및 충전소 등을 제외함(안 제6조제1항 단서).
  나. 학교환경위생정화구역 안에 고압가스·천연가스·액화석유가스 등의 충전소 설치를 금지함(안 제6조제1항제2호).","권경석,김기현,김애실,김양수,김재원,김정권,박세환",교육위원회
신상진,105,176365,PRC_U0L7G0Y4Q0S6P1E1N5U2Y4Q6X5A0S1,군용항공기지법 일부개정법률안,의결,2007-04-04,2007-09-20,폐기,"■ 제안이유 
현행법상 비행안전구역 중 전술항공작전기지 및 지원항공작전기지의 일부 구역 안에서 각 구역별로 최고장애물의 지표면 높이를 초과하지 아니하는 범위 안에서 건축물 등 장애물 설치를 지표면으로부터 45미터 높이까지만 허용하고 있어 비행안전구역 안에 건축물·구조물 등 장애물을 설치시에 고도를 엄격히 제한하고 있음.
  이에 따라 비행장 인근의 기업 등이 비행안전구역 안에 공장설비의 신축 또는 증설을 하려고 신청하는 경우 항공기의 비행안전 등에 위해를 끼칠 우려가 크다 하여 그 신청을 불허하고 있는 실정임. 이로 인하여 비행장 인근의 주민과 기업의 경제활동에 큰 지장을 초래하고 있음.
  따라서 비행안전구역 안에서 비행장애물의 설치 금지기준을 지형, 자연장애물 및 기존장애물 등과의 관계를 항공학적으로 면밀히 검토한 후 항공기의 비행안전에 위해를 끼칠 우려가 없다고 판단되는 경우에는 그 구역의 최고장애물의 높이까지 그 구역의 표면높이 이상인 건축물 또는 구조물을 설치할 수 있도록 하려는 것임.
■ 주요내용 
  비행안전구역 중 전술항공작전기지의 제3구역·제5구역 또는 제6구역과 지원항공작전기지의 제4구역 또는 제5구역 안에서 각 구역별로 최고장애물의 지표면 높이를 초과하지 아니하는 범위 안에서 지표면으로부터 45미터 높이까지 그 구역의 표면높이 이상인 건축물 또는 구조물을 설치할 수 있도록 되어 있으나, 전술항공작전기지의 제3구역·제5구역 또는 제6구역과 지원항공작전기지의 제4구역·제5구역 안에서는 각 구역별로 그 구역의 최고장애물의 정상 높이까지 그 구역의 표면높이 이상인 건축물 또는 구조물을 설치할 수 있도록 함(안 제8조제3항 단서).","고조흥,김명주,김석준,김영덕,김재경,김재원,김충환",국방위원회
신상진,105,176093,PRC_U0J7D0D2Z1F3A1W4W2L1N5H8H8R5K5,수질환경보전법 일부개정법률안,의결,2007-02-09,2008-03-07,폐기,"■ 제안이유 
상수원보호구역의 상류지역, 특별대책지역 및 그 상류지역, 취수시설이 있는 지역 및 그 상류지역의 배출시설로부터 배출되는 수질오염물질로 인하여 환경기준의 유지가 곤란하거나 주민의 건강 재산, 동식물의 생육에 중대한 위해를 가져올 우려가 있을 경우 배출시설의 설치를 제한할 수 있으나 설치제한 지역에서 특정수질유해물질이 배출되는 시설로서 폐수무방류배출시설이나 특정수질유해물질 중 구리를 배출하는 시설로서 구리 배출농도를  9ppb 이하로 처리하여 배출하는 경우 환경에 위해하거나 동식물의 생육에 중대한 영향을 미치지 아니하므로 폐수배출시설의 입지를 허용하고자 함.
■ 주요내용 
  가. 배출시설 제한지역내 특정수질유해물질이 배출되는 시설로서 폐수무방류배출시설이나 특정수질유해물질 중 구리를 배출하는 시설로서 구리 배출농도를 9ppb 이하로 처리하는 수질오염방지시설의 경우 입지허용 규정을 마련함(안 제33조제7항).
  ○ 배출시설 제한지역내에서 특정수질유해물질 중 구리를 배출하는 시설로서 구리 배출농도를 9ppb 이하로 처리하는 수질오염방지시설에서 배출되는 수질로 인하여 인체 및 동식물 생육에 중대한 영향을 미치지 아니하므로 배출시설의 입지를 허용하고자 함.
  나. 배출시설 제한지역에서 폐수무방류배출시설 설치할 수 있는 지역 및 시설 폐지(안 제33조제8항 삭제)
  ○ 폐수무방류배출시설은 외부로 방류되는 폐수가 전혀 없기 때문에 환경에 위해를 미칠 영향이 없으므로 폐수무방류배출시설 제한지역으로 지정하는 것은 의미가 없으므로 폐지하고자 함.","권오을,남경필,박계동,박찬숙,배일도,신상진,이경재",환경노동위원회
신상진,105,176092,PRC_V0E7Z0G2Z1Y3O1M4K2Y0S2L1D0U5B9,환경정책기본법 일부개정법률안,의결,2007-02-09,2008-03-07,폐기,"■ 제안이유 
특별대책지역내의 환경개선을 위하여 필요한 경우에 한하여 대통령령이 정하는 바에 의하여 그 지역 내의 토지이용과 시설설치를 제한할 수 있으나 특정수질유해물질을 배출하는 배출시설로서 특별대책지역에서 「수질환경보전법」제2조제11호의 규정에 의한 폐수무방류배출시설을 설치하는 경우나 「수질환경보전법 시행규칙」 별표 3의 특정수질유해물질 중 구리를 배출하는 시설로서 구리 배출농도를 9ppb 이하로 처리하는 수질오염방지시설로 하여 이를 설치할 경우에는 입지를 허용하고자 함.
■ 주요내용 
 특별대책지역내에서 토지이용 등 제한할 수 있는 있으나 특정수질유해물질 배출시설로서 폐수무방류배출시설을 설치하는 경우나 특정수질유해물질 중 구리를 배출하는 시설로서 구리 배출농도를 9ppb 이하로 처리하는 수질오염방지시설을 설치하는 경우 입지허용 기준을 마련함(안 제22조제2항).","권오을,박계동,박찬숙,배일도,신상진,이경재,이원복",환경노동위원회
신상진,105,176091,PRC_S0A7I0Q2H1L3B1Y4S1K9M1A5R7U5G0,성폭력범죄의 처벌 및 피해자보호 등에 관한 법률 일부개정법률안,의결,2007-02-09,2008-05-29,임기만료폐기,"■ 제안이유 
성폭력범죄의 피해자가 미성년자인 경우 성폭력사실에 대한 인식부족, 그 범죄에 대처하는 법적 절차에 대한 지식의 결여, 가해자에 대한 공포 등으로 그 피해 사실을 공론화하는 데는 어려움이 있고, 미성년 성폭력피해자가 이를 극복하고 가해자를 고소 또는 고발할 수 있는 때가 되더라도 현행 형사소송법상의 공소시효제도 때문에 불가능하게 된 사례가 많기 때문에 성폭력 피해자가 미성년자인 경우 그 공소시효의 진행을 당해 피해자가 성년이 된 이후부터로 하는 공소시효의 특례규정을 신설함으로써 미성년자에 대한 성폭력범죄의 진압과 예방을 도모하려는 것임.
■ 주요내용 
형사소송법상 범죄행위의 종료시부터 진행하도록 되어 있는 공소시효를 성폭력범죄피해자가 미성년자인 경우는 그 피해자가 성년이 될 때부터 공소시효가 진행하는 것으로 함(안 제19조의2 신설).","권오을,김충환,박계동,박상돈,박찬숙,배일도,신상진",법제사법위원회
신상진,105,176090,PRC_G0D7L0T2Z1C3B1E4W1G8O2G0A7D3E8,도로교통법 일부개정법률안,의결,2007-02-09,2008-05-29,임기만료폐기,"■ 제안이유 
경찰청 통계에 따르면 2005년도 교통사고 사망자 수는 약 6,400명이고 부상자 수는 약 34만 여명에 이르고 있음. 교통사고가 발생하면 운전관계자는 즉시 정차하여 부상자 간호와 도로상의 위험방지를 위하여 최선을 다하도록 하고 있으나 현행법상 운전자에 대하여 교통사고 부상자에 대한 응급처치에 관한 교육에 관한 규정이 없어 대부분이 사고의 발생시 119구조대가 도착하기 전까지 별다른 조치가 취해지지 않아 소중한 생명을 잃고 있음. 
  따라서 운전면허를 취득하고자 하는 자에게는 소정의 응급구조 및 응급처치교육을 이수하도록 하여 교통사고 발생 시 생명구조를 위하여 효율적으로 대처할 수 있도록 하려는 것임.
■ 주요내용 
  가. 운전면허를 받고자 하는 자에 대한 교통안전교육 내용에 생명구조를 위한 응급구조 및 응급처치 방법에 대한 교육을 추가함(안 제73조제1항제4호 신설).
  나. 「응급의료에 관한 법률」제36조의 규정에 따라 응급구조사 자격을 갖춘 자 또는 이와 동등한 자격이 있다고 대통령령이 정하는 자는 응급구조 및 응급처치교육 강사자격을 취득한 것으로 봄(안 제106조제1항 단서 신설).","고조흥,권오을,김충환,나경원,박계동,배일도,서병수",행정자치위원회
신상진,105,175855,PRC_V0R6N1S2X2Q9R1C0W2L7J2D7P5O8U5,초·중등교육법 일부개정법률안,의결,2006-12-26,2008-05-29,임기만료폐기,"■ 제안이유 
초·중등교육의 주체는 학생, 학부모, 교직원임에도 불구하고 현행법에는 학부모에 대한 규정이 없어, 이에 대한 추가적인 보완이 필요함. 
또한 개인정보의 중요성은 증대하고 있음에도 불구하고 현행 「초·중등교육법」에는 학생의 개인정보 보호에 대한 규정이 부재하여 개인정보가 유출되거나 이로 인한 사고가 발생하였을 시 책임소재를 분명히 할 수 없는 문제가 발생하게 됨.
  이에 학교의 장은 학생의 개인정보를 공개하거나 제3자에게 제공할 경우, 학생의 대리권자인 학부모에게 이를 통지하도록 하여 개인정보 유출문제를 막고자 함.
■ 주요내용 
  학교의 장은 학생의 개인정보를 공개하거나 제3자에게 제공할 경우,학생의 대리권자인 학부모에게 이를 통지하도록 하여 개인정보 유출문제를 막고자 함(안 제17조의2 및 제17조의3 신설).","고조흥,권오을,박승환,박찬숙,배일도,신상진,이경재",교육위원회
신상진,105,175854,PRC_Y0H6E1S2A2Q9D1P0R2K2V4W3A8T8H9,환경정책기본법 일부개정법률안,의결,2006-12-26,2007-04-27,수정가결,"■ 제안이유 
2000년 8월부터 실시된 사전환경성검토는 환경영향평가대상사업을 내용으로 하는 행정계획과 보전이 필요한 지역 안에서 행하는 개발사업을 대상으로 하여 각종 개발계획이나 개발사업의 초기 단계에서 입지의 타당성 및 주변환경과의 조화 등 환경에 미치는 영향을 사전에 검토하는 제도임.
  이러한 사전환경성검토 시 현행법상 관계 행정기관의 장은 환경부장관 또는 지방환경관서의 장에게 협의를 하도록 되어 있고, 해당 행정기관의 장은 그 협의의견을 통보받기 전에 개발사업에 대한 허가를하여서는 아니됨에도 불구하고 국정감사 시 이러한 협의절차가 완료되기도 전에 개발사업의 사업자가 공사를 한 사례들이 발견되고 있기 때문에 이를 근절하고, 사전환경성검토 협의의 실효성을 확보하기 위하여 위반 시 벌칙을 부과하려는 것임.
■ 주요내용 
  사전환경성검토 시 현행법상 관계 행정기관의 장은 환경부장관 또는 지방환경관서의 장에게 협의를 하도록 되어 있고, 해당 행정기관의 장은 그 협의의견을 통보받기 전에 개발사업에 대한 허가를 하여서는 아니됨에도 불구하고 협의절차가 완료되기도 전에 개발사업의 사업자가 공사를 한 사례들이 발견되고 있기 때문에 이를 근절하고, 사전환경성검토 협의의 실효성을 확보하기 위하여 위반 시 벌칙을 부과하려는 것임(안 제27조제2항 및 제42조 신설).
■ 위원회 수정이유 
사전공사의 범위에 협의·재협의 절차를 거치지 않은 경우뿐만 아니라 변경내용에 대한 협의절차가 완료되기 전에 공사를 하는 경우도 포함하도록 하고, 벌칙의 형량을 사전공사의 경우에는 1년 이하의 징역 또는 1천만원 이하의 벌금, 공사중지 또는 원상복구 명령 위반의 경우에는 5년 이하의 징역 또는 5천만원 이하의 벌금으로 구분함.
■ 위원회 수정주요내용 
  가. 사업자의 사전공사 금지의무 확대(안 제27조제2항)
      사전환경성검토 협의·재협의뿐만 아니라 변경내용에 대한 협의 절차가 완료되기 전에도 사업자가 해당 사업에 대한 공사를 하여서는 안되는 것으로 의무를 확대함.
  나. 벌칙의 형량 조정(안 제42조 및 제43조)
      사전공사의 경우에는 1년 이하의 징역 또는 1천만원 이하의 벌금, 공사중지 또는 원상복구 명령 위반의 경우에는 5년 이하의 징역 또는 5천만원 이하의 벌금에 처하도록 함.
  다. 시행시기 조정(부칙)
      시행시기를 2007년 7월 1일로 명확히 함.","공성진,김기현,박계동,박찬숙,배일도,신상진,심재철",환경노동위원회
신상진,105,175668,038578,동물실험에 관한 법률안,의결,2006-12-08,2008-02-26,대안폐기,"■ 제안이유
우리나라는 현재 연간 약 4백만 마리의 실험동물이 과학실험의 대상으로 사용되고 있으나, 동물실험의 안전성 확보나 실험동물의 복지 및 윤리적 취급이 적절히 이루어지지 않고 있음.
  이에 동물실험에 있어 기본적으로 필요한 원칙과 실험동물의 적절한 관리에 필요한 사항 및 감독·절차 등에 관한 최소한의 규정을 마련함으로써 무분별한 동물실험을 억제하고, 실험동물의 복지와 생명과학연구의 신뢰성을 확보하도록 하려는 것임. 
■ 주요내용
  가. 유기된 동물·사역견·야생동물에 대한 실험이나 흡연의 유해성을 입증하기 위한 동물실험 등을 금지함(안 제4조).
  나. 동물실험은 3개 이상의 동물실험시설이 설치한 동물실험운영위원회의 승인을 얻어 실시하도록 함(안 제7조).
  다. 동물실험은 실험동물공급업자로 등록한 자로부터 생산·수입된 실험동물을 사용하도록 함(안 제13조).
  라. 실험동물을 사육·관리하는 자는 실험동물의 안전관리뿐만 아니라 사료·식수·위생·환기 등을 적절히 유지하여야 하며, 실험동물의 복지를 위한 활동공간 및 운동기회 등을 제공하도록 함(안 제14조).
  마. 동물실험의 안전관리를 위하여 동물실험시설 및 실험동물공급시설은 종사원에 대한 교육과 재해방지를 위한 조치를 하도록 함(안 제16조 및 제17조).
  바. 동물실험·실험동물의 관리에 관한 정책 및 동물실험운영위원회의 운영 등에 관하여 심의·의결하기 위하여 식품의약품안전청장 소속 하에 동물실험위원회를 둠(안 제20조).","고조흥,고진화,김명주,김충환,김희정,박세환,박순자",보건복지위원회
신상진,105,175151,037311,사회복지공동모금회법 일부개정법률안,의결,2006-10-12,2008-02-19,대안폐기,"■ 제안이유
현재 우리나라의 공적개발원조(ODA)수준은 국민총소득대비 0.06% 수준으로 UN권고 수준인 0.7%에 크게 못 미치고 있으며, OECD회원국 중 최저수준으로 비난의 대상이 되고 있는 실정임.
  따라서 불우이웃돕기 연말집중 모금 캠페인 주제에 북한 및 개발도상국 돕기 캠페인을 포함하여 행사를 실시하여 모금액을 증대시키고, 모금액의 일정수준을 북한 및 개발도상국 지원에 활용하여 기업이나 국민의 참여를 확산시켜 나갈 필요가 있음.
  또한 국제사회에서는 우리나라의 해외수출 기업들의 국제사회공헌활동을 요구하고 있으며 기업들도 이에 대응하기 위해 생명과 건강에 직접 관련 있는 보건의료분야에 대한 지원을 모색하고 있음. 연말집중 모금액의 80%는 기업의 기부금품이며 해외수출 기업들은 기부금품이 개발도상국 지원에 쓰여 지길 원하고 있음. 
  이에 사용용도가 지정되지 않은 기부금품의 100분의 10의 범위 안에서 일정 금액을 개발도상국가를 비롯한 외국 및 군사분계선 이북지역에 대한 보건의료 지원사업에 사용할 수 있도록 하려는 것임.
■ 주요내용
  모금회는 사용용도가 지정되지 않은 기부금품의 100분의 10의 범위 안에서 대통령령이 정하는 바에 따라 개발도상국가를 비롯한 외국 및 군사분계선 이북지역에 대한 보건의료 지원사업에 사용되도록 할 수 있도록 함(안 제27조제4항 신설).","고조흥,박계동,신상진,심재철,유기준,이성구,이인기",보건복지위원회
신상진,105,174816,036577,형사소송법 일부개정법률안,의결,2006-08-30,2008-05-29,임기만료폐기,"■ 제안이유 및 주요내용
소리를 듣지 못하거나 말을 하지 못하는 농아자는 일반 정상인과는 달리 주변상황이나 상대방의 표현내용을 이해하기 어려운 신체적 결함으로 재판과정이나 수사과정에서 상대방인 검사, 경찰의 주장이나 증인 또는 참고인의 진술내용을 파악하여 적절히 대응할 수 없어 불이익을 당하는 경우가 많기 때문에 피고인 또는 피의자가 농아자인 경우에는 통역관으로 하여금 재판이나 수사 진행과정과 내용을 통역하도록 하여 방어권을 충분히 행사할 수 있도록 함으로써 농아자의 공정한 재판을 받을 권리와 인권을 보호하려는 것임(안 제200조제3항, 제275조의2 신설).","곽성문,김애실,김종률,김태년,박상돈,서재관,신상진",법제사법위원회
신상진,105,174767,036457,조세특례제한법 일부개정법률안,의결,2006-08-24,2006-12-22,대안폐기,"■ 제안이유
현 조세특례제한법 제85조는 거주자가 공익사업 지정지역 내의 부동산을 사업인정고시일 2년 이전에 취득하여 공익사업 시행자에게 양도하게 되는 경우, 양도소득세액 산정에 있어 양도가액 및 취득가액을 기준시가에 따를 수 있도록 규정되어 공익사업 지정지역 소유자를 보호하고 있음. 
  그러나 적용기한을 2006년까지 한시로 적용하여 현재 진행 중이거나 진행예정인 공익사업의 대상에 포함되는 부동산소유자들의 보호가 미흡한 실정임.
  이에 따라 적용기한을 2011년 12월 31일까지로 연장하여 2007년 이후에 공익사업을 위한 수용 등으로 본인의 의사와 무관하게 부동산을 양도하게 되는 부동산소유자들의 양도소득세 부담을 경감시키려는 것임.
■ 주요내용
  공익사업의 예정지구, 예정지역 등이 지정되기 전에 취득한 지정지역 내의 부동산이 2011년 12월 31까지 공익사업을 위하여 양도되는 경우 양도소득세액 산정에 있어 양도가액 및 취득가액을 기준시가에 따를 수 있도록 함(안 제85조).","박형준,신상진,신학용,안상수,엄호성,유기준,이경재",재정경제위원회
신상진,105,174734,036361,공직선거법 일부개정법률안,의결,2006-08-18,2008-05-29,임기만료폐기,"■ 제안이유
현행법상 누구든지 선거일 전 180일부터 선거일까지 법정 예외사유가 없는 이상 선거에 영향을 미치게 하기 위하여 정당 또는 후보자를 지지·추천하는 내용 등이 포함된 일체의 문서·도화 등의 배부·게시 등을 할 수 없으며, 다만 선거운동기간 중 후보자 등이 명함을 배부할 수 있음. 
  그러나 언어·청각·시각 등의 장애인 후보자의 경우 일반 후보자에 비해 의사소통의 어려움이 막심하므로 선거운동상의 형평성을 고려하여 선거운동기간 중 명함 외에 일정한 유형의 문서 등의 배부·게시를 추가로 인정할 필요성이 있음.
  따라서 중앙선거관리위원회규칙이 정하는 바에 따라 일정한 범위의 장애인 후보자는 장애의 종류·정도에 따라 일정한 유형의 문서 등을 배부·게시할 수 있게 하려는 것임.
■ 주요내용
  일정한 범위의 장애인 후보자는 중앙선거관리위원회규칙이 정하는 바에 따라 선거운동기간 중 장애의 종류·정도에 따라 일정한 유형의 문서 등을 배부·게시할 수 있도록 함(안 제93조제2항).","김영선,김태년,박명광,박상돈,박재완,신상진,신학용",정치관계법특별위원회
신상진,105,174681,036146,게임산업진흥에 관한 법률 일부개정법률안,의결,2006-08-04,2006-12-22,대안폐기,"■ 제안이유
현재 게임장의 사행성 영업 및 이의 급격한 확산으로 인하여 심각한 사회문제가 제기되고 있으나 현행법은 게임제공업을 등록제로 하고 있어 강력한 규제가 어려운 실정임.  
  또한 게임중독으로부터 청소년을 비롯한 게임물이용자들을 보호하는 것이 사회적으로 중요하게 인식되고 있는 만큼 대통령령으로 정하도록 하고 있는 게임제공업 등의 영업시간 및 청소년출입시간을 법으로 규정하는 것이 타당함.
  이에 게임제공업을 현행 등록제에서 허가제로 전환하고 게임제공업소의 영업시간 및 청소년출입시간 제한을 법으로 규율하려는 것임. 
■ 주요내용
  가. 게임제공업 및 복합유통게임제공업을 영위하고자 하는 자는 시장·군수·구청장의 허가를 받도록 함(안 제26조).
  나. 게임제공업 및 복합유통게임제공업의 영업시간을 오전 9시부터 오후 12시까지로 함(안 제27조의2제1항 신설).
  다. 청소년이 출입할 수 있는 시간을 게임제공업 및 복합유통게임제공업의 경우는 오전 9시부터 오후 10시까지, 인터넷컴퓨터게임시설제공업의 경우는 오전 7시부터 오후 10시까지로 함(안 제27조의2제2항 신설).","김기현,김석준,김애실,김영숙,김태환,박상돈,신상진",문화관광위원회
신상진,105,174597,035859,도시재정비 촉진을 위한 특별법 일부개정법률안,의결,2006-07-10,2007-11-22,대안폐기,"■ 제안이유
「도시재정비 촉진을 위한 특별법」의 시행으로 상대적으로 낙후된 기성 시가지에 대한 체계적 개발이 가능해 졌음. 이에 충분한 기반시설을 확충하고, 주거·교통·교육여건 등의 개선을 통해 구도심의 발전을 도모할 필요성은 지방의 중소도시의 경우에도 마찬가지이나, 지방의 중소도시의 경우에는 현실적으로 동법상의 재정비촉진지구 지정의 최소면적기준을 충족시키기 어렵다는 문제점이 있음.
  따라서 재정비촉진지구 지정의 최소면적기준을 주거지형의 경우 50만 제곱미터 이상, 중심지형의 경우 20만 제곱미터 이상에서 주거지형의 경우 20만 제곱미터 이상, 중심지형의 경우 10만 제곱미터 이상으로 완화함으로써 중소도시에서도 동법에 따라 재정비촉진지구를 지정하고 도시재정비촉진사업을 시행할 수 있게 하려는 것임.
  아울러 국가 또는 지방자치단체가 도시영세민을 집단 이주시켜 형성된 도시의 경우 동법 제29조제1항에 규정되어 있는 기반시설의 설치비용의 국가지원을 의무화하여 해당지역 주민들의 부담을 최소화하고자 함.
■ 주요내용
  가. 재정비촉진지구의 최소면적기준을 주거지형의 경우 20만 제곱미터, 중심지형의 경우 10만 제곱미터로 이상으로 함(안 제6조제3항).
  나. 국가 또는 지방자치단체가 도시영세민을 집단 이주시켜 형성된 도시의 경우 기반시설의 설치비용의 국가지원을 의무화하여 해당지역 주민들의 부담을 최소화 함(안 제29조제1항).","고경화,김형오,남경필,박승환,신상진,안명옥,엄호성",건설교통위원회
신상진,105,174537,035697,게임산업진흥에 관한 법률 일부개정법률안,의결,2006-06-27,2006-12-22,대안폐기,"■ 제안이유
현행법은 소위 PC방을 “인터넷컴퓨터게임시설제공업”이라 하여 등록을 의무화하고 있는 게임제공업에서 제외하고 있음. 이로 인해 사행성 온라인 게임을 제공하는 PC방이 급속히 확산되고 있음에도 이를 규제하기가 어려운 실정임.
  또한 현행법은 게임물 등급을 전체이용가 등급과 청소년이용불가 등급의 두 가지 등급으로 분류하는 것을 원칙으로 하고, 이에 추가하여 12세이용가(12세 미만의 사람은 이용할 수 없는 게임물) 등급으로도 분류할 수 있도록 정하고 있으나, 12세이용가 등급은 게임물을 제작 또는 배급하는 자의 신청을 요건으로 하고 있어 실효성이 없을 것으로 판단됨. 따라서 판단력이 미숙하고 선별적 흡수가 어려운 연령대의 어린이에게 부적절하고 유해한 게임물이 노출될 수 있는 문제가 있음.
  이러한 현행법의 문제점을 개선하기 위하여 인터넷컴퓨터게임시설제공업을 게임제공업에 포함시키고, 게임물의 등급분류에 있어서 “12세 이상 이용가” 등급을 신설하려는 것임.
■ 주요내용
  가. “게임제공업”의 정의에 인터넷컴퓨터게임시설제공업을 포함시키고(안 제2조제6호 본문), 게임제공업에 제외되는 경우 중 인터넷컴퓨터게임시설제공업의 경우를 삭제함(안 제2조제6호라목 삭제).
  나. 게임물 등급분류에 있어서 “12세 이상 이용가” 등급을 신설함(안 제21조제2항 단서 삭제 및 같은 항 제1호의2 신설)","김애실,김재원,박상돈,박세환,박재완,신상진,양형일",문화관광위원회
신상진,105,174421,035356,군용항공기지법 일부개정법률안,의결,2006-05-26,2007-09-20,폐기,"■ 제안이유
현행법은 군용항공기지와 관련하여 비행안전구역에서는 활주로부터의 거리에 따라 건축물·구조물 등을 아예 설치할 수 없거나 고도제한을 가하고 있음. 특히 비행안전구역 중 제1구역에서는 기지의 사용목적이나 기지를 사용하는 항공기의 종류에 관계없이 모든 건축물·구조물 등의 설치를 금하고 있는 관계로 도로도 설치할 수 없어 국민의 불편을 초래하고 있음.
  따라서 기지를 이용하는 항공기의 종류를 고려하여 군용항공기지 사용상 안전에 문제가 없는 범위 안에서 도로에 대하여는 제1구역의 범위를 축소하여 그 범위 밖에는 도로를 설치할 수 있도록 함으로써 국민의 불편을 해소하려는 것임.
■ 주요내용
  비행안전구역 중 제1구역 안에서 비행장애물의 설치 등을 금지함에 있어서 「도로법」 제11조제5호의 시도에 대하여는 전투기가 이용하고 있지 아니하는 전술항공작전기지의 경우 등에는 제1구역을 활주로 양끝에서 밖으로 각각 61미터의 거리에 있는 직선과 활주로중심선 양쪽 밖으로 각각 200미터의 거리에 있는 직선으로 이루어지는 직사각형 안의 區域으로 보도록 하여 그 금지구역의 범위를 축소함(안 제8조제1항 후단 신설).","박승환,박재완,신상진,엄호성,유기준,이인기,이해봉",국방위원회
신상진,105,174076,034476,근로기준법 일부개정법률안,의결,2006-03-22,2006-12-01,수정가결,"■ 제안이유 및 주요내용
취업규칙은 사업장에서 근로자가 지켜야 할 복무규율과 근로조건에 관한 준칙의 내용을 정한 것으로서 사용자에 의하여 일방적으로 작성되는 사업장 내부의 규칙으로 근로관계의 주된 내용을 이루게 된다는 점에서 매우 중요한 의미를 가지고 있으나 이러한 중요성에도 불구하고 취업규칙은 사용자에 의하여 일방적으로 작성된다는 점에서 근로관계의 주된 내용이 사용자 일방에게만 유리하게 결정되고 근로자는 그에 따를 수밖에 없는 위험성이 항상 상존하고 있음.
  이들 취업규칙에 관하여 현행 ?근로기준법? 제13조의 규정에 보면 상시 각 사업장에 게시 또는 비치하여 근로자에게 주지시키도록 하고는 있으나, 그 게시 또는 비치 장소가 특정되어 있지 않아 현실적으로 근로자들이 취업규칙에 대하여 인식할 수 있는 여건이 제대로 이루어지지 않고 있는 실정임.
  이에 취업규칙의 게시장소를 근로자의 출입·이동 및 열람이 용이한 곳으로 구체적으로 명시하려는 것임(안 제13조제1항).
■ 위원회 수정사항
□ 수정이유 및 수정주요내용
사용자는 취업규칙 등을 출입·이동 및 열람이 용이한 곳에 게시 또는 비치하도록 규정하고 있어, 출입·이동에 대한 판단이 자의적으로 해석될 우려가 있으므로, 취업규칙 등을 근로자가 자유로이 열람할 수 있는 장소에 상시 게시 또는 비치하는 것으로 수정함(안 제13조제1항).","강기정,고조흥,공성진,권경석,김석준,김영덕,김재원",환경노동위원회
신상진,105,173106,032365,구도시재개발 특별법안,의결,2005-10-27,2008-05-29,임기만료폐기,"■ 제안이유
도시형성과정에서 중앙정부의 책임으로 체계적인 도시계획을 갖지 못한 도시의 구시가지는 도로, 공원, 주차장, 학교, 문화시설 등의 도시기반시설이 매우 취약한 실정임. 이에 도시기반시설이 제대로 갖추어지지 않은 도시를 대상으로 생활환경개선이 요구됨
  그러나 많은 재원이 소요되어 중앙정부의 재정적 지원 없이는 구도시재개발은 요원한 현실임. 이에 도시형성과정에서 중앙정부의 책임이 있는 도시의 구시가지 재개발에 중앙정부의 재정지원을 내용으로 주거환경개선에 나가고자 함.
  그리하여 이 법의 제정을 통하여 낙후된 기존의 구시가지 재개발 등 정비사업을 효율적이고 계획적으로 할 수 있는 체계를 만들고, 도시기반 시설을 획기적으로 개선함으로써 국민들의 행복추구권을 보장하고 삶의 질 향상에 기여하고자 함.
■ 주요내용
가. 총  칙
(1) 구도시재개발은 도시지역 안의 다양한 기능과 토지이용의 특성에 따라 적정한 사업들이 시행될 수 있도록 함.
(2) 구도시재개발의 목적을 규정하여 지역간 생활격차 해소와 낙후지역 정비가 지속적으로 추진될 수 있도록 함.
(3) 시장·군수·구청장이 수립하는 각종 도시관리계획에 도시균형발전 정책을 적극 반영토록 의무화 함.
나. 생활권 종합정비계획의 수립
(1) 특별시장·광역시장·시장·군수는 도시별로 수립된 도시기본계획의 생활권에 대한 종합정비계획을 수립토록 하여 이를 밑그림으로 구도시재개발사업이 시행되도록 함으로써 도시가 종합적이고 체계적으로 관리될 수 있도록 함.
(2) 생활권 종합정비계획은 10년 단위 중기계획으로 수립토록 하되, 주민공람·도시계획위원회심의 등 도시계획과 같은 절차를 거쳐야 함.
다. 구도시재개발 사업지구 지정의 절차와 효력 등
(1) 구도시재개발 사업지구는 시장·군수가 도시균형발전의 촉진을 위하여 필요하다고 인정하는 지역으로서 대통령령이 정하는 요건에 해당하는 지역에 대하여 지정할 수 있음.
(2) 구도시재개발 사업지구의 지정은 주민공람·지방의회 의견청취, 지방도시계획위원회 심의를 거쳐야 함.
(3) 구도시재개발 사업지구가 지정된 때에는 국토의 계획 및 이용에 관한 법률 규정에 의한 개발행위허가를 제한하고, 토지거래허가구역 지정이 의제되도록 함.
(4) 시장·군수는 구도시재개발 사업지구 지정을 고시한 날부터 2년(1년의 범위 안에서 연장 가능) 이내에 구도시재개발사업계획을 수립하여 주민공람·지방의회 의견청취·지방도시계획위원회심의를 거쳐 결정고시 하여야 함.
(5) 구도시재개발 사업계획은 도시계획·도시설계·건축·교통·환경 등의 전문가를 책임계획가로 위촉하여 수립할 수 있도록 함.
(6) 구도시재개발 사업계획의 결정고시는 다음의 내용들이 의제되도록 함.
(가) ?국토의 계획 및 이용에 관한 법률? 규정에 의한 도시지역 안에서의 용도지역의 구분·세분 변경 결정고시, 용도지역의 변경 결정고시, 도시계획시설의 결정·변경고시, 제1종지구단위계획 및 제1종지구단위계획구역의 결정·변경고시
(나) ?도시 및 주거환경정비법? 규정에 의한 도시·주거환경정비기본계획의 변경수립·고시, 정비계획의 수립·변경수립 및 정비구역의 지정·변경지정 고시
(다) ?도시개발법? 규정에 의한 도시개발구역의 지정 및 개발계획수립·변경고시
(7) 구도시재개발 사업계획을 수립하는 때에는 다음의 사항을 대통령령이 정하는 범위 안에서 따로 정할 수 있도록 함.
(가) ?국토의 계획 및 이용에 관한 법률? 규정에 의한 용도지역·지구 안에서의 건축제한 및 용도지역 안에서의 용적률에 관한 사항
(나) ?도시 및 주거환경정비법? 규정에 의한 정비구역지정 요건과 정비계획수립에 관한사항
(다) ?도시개발법? 규정에 의한 도시개발구역의 지정요건 및 개발계획수립에 관한 사항
(8) 구도시재개발 사업계획의 결정고시가 있은 날부터 시장·군수 또는 자치구 구청장이 구도시재개발사업의 시행에 지장이 없다고 판단하여 허가하는 경우를 제외하고는 구도시재개발사업계획의 내용에 적합하지 아니한 건축물 또는 공작물을 설치할 수 없도록 함.
라. 구도시재개발사업의 시행
(1) 구도시재개발사업은 다음의 사업방법으로 시행하되, 이 법에서 특별히 정하는 경우를 제외하고는 해당 사업의 법률을 적용하도록 함.
(가) ?도시 및 주거환경정비법? 규정에 의한 정비사업(주거환경개선사업, 주택재개발사업, 주택재건축사업 및 도시환경정비사업)
(나) ?도시개발법? 규정에 의한 도시개발사업
(다) ?국토의 계획 및 이용에 관한 법률? 규정에 의한 도시계획시설사업 또는 지구단위계획에 의한 건축물 건축 등의 개발행위
(2) 구도시재개발 사업방법 중 정비사업은 ?도시 및 주거환경정비법? 규정에 불구하고 대통령령으로 다음과 같은 특례를 정하여 시행할 수 있음
(가) 정비사업으로 건설되는 공동주택 및 임대주택의 건설규모 및 공급계획 기준 특례
(나) 조합설립추진위원회 구성 및 승인 없이 조합설립인가 가능
(다) 조합설립을 위한 토지 등 소유자의 동의는 3분의 2이상으로 함
(3) 구도시재개발 사업방법 중 도시개발사업은 ?도시개발법? 규정에 불구하고 체비지 등이 아닌 토지를 대상으로 입체환지를 계획할 수 있으며, 입체환지계획은 토지만을 소유하고 있는 자에게도 주택 등 건물을 소유하고 있는 자와 동일한 방법으로 계획할 수 있음
(4) 구도시재개발사업의 시행자는 ?환경·교통·재해 등에 관한 영향평가법? 규정에 불구하고 구도시재개발 사업계획을 수립하는 때에 승인기관의 장과 협의를 한 경우에는 당해 사업시행 시 교통영향평가를 생략할 수 있음.
(5) 구도시재개발 사업방법 중 정비사업 및 도시개발사업을 시장·군수 또는 구청장이 사업시행자인 경우에는 대통령령이 정한 자에게 대행하게 할 수 있음.
(6) 정비사업 및 도시개발사업 중 대통령령으로 정하는 사업에 대하여는 ?건설기술관리법?에 의한 건축설계경기에 의하여 설계자를 선정하여야 함.
마. 기반시설 설치방법과 비용의 보조 등
(1) 시장·군수 또는 구청장은 구도시재개발 사업계획 내용 중 기반시설의 설치에 관하여 사업시행방법별 부담계획을 수립하여 시행하여야 하며, 기반시설 부담계획은 다음 사항을 기준으로 대통령령이 정하는 바에 따라 시·군 또는 자치구의 조례로 정하도록 함.
(가) 기반시설의 설치비용은 사업시행자 또는 시장·군수, 구청장이 부담함을 원칙으로 함.
(나) 기반시설 설치비용의 부담규모는 구도시재개발 사업지구 안의 사업방법별로 균형 있게 정하되, 사업의 촉진을 위하여 필요하거나 토지 및 건축물의 투기적 거래를 억제하기 위한 개발이익의 환수를 위해 필요한 경우에는 부담규모를 조정하여 정할 수 있음
(2) 사업의 촉진 등 대통령령이 정하는 요건에 해당하는 기반시설은 시장·군수 또는 구청장이 당해 기반시설을 직접 설치하거나, 설치비용의 일부를 지원할 수 있음
(3) 기반시설의 원활한 설치를 위하여 필요한 경우 등 대통령령이 정하는 기반시설은 시장·군수 또는 구청장이 당해 기반시설을 먼저 설치하고 중앙정부로부터 소요비용을 요청 할 수 있음.
(4) 기반시설을 시장·군수 또는 구청장이 직접 설치함에 따라 손실 보상을 받은 토지 등의 소유자가 정비사업 또는 도시개발사업의 시행자에게 보상금을 반환하는 경우, 당해 구역에서 건설되는 주택 등을 분양 받을 수 있으며, 도시개발사업의 경우에는 환지를 받을 수 있음
(5) 국가 또는 지방자치단체는 구도시재개발 사업에 소요되는 비용의 전부 또는 일부를 보조하거나 융자할 수 있음. 
(6) 국가가 도시영세민을 집단 이주시켜 형성된 구도시의 재개발사업의 경우에는, 기반시설에 소요되는 비용의 최소 50퍼센트를 우선순위를 정하여 국가예산에서 보조하여야 한다.
바. 교육환경 개선을 위한 특례
(1) 시장·군수 또는 구청장은 교육감과 협의하여 구도시재개발 사업지구 안에 충분한 규모의 학교용지를 계획하여야 하며, 교육감은 매수계획을 수립하고 인원 정수에 의한 고등학교와는 별도로 자율학교 및 특수목적학교 등을 적극 유치하여야 함.
(2) 지방자치단체의 장은 교육환경개선을 위하여 필요하다고 인정하는 경우 구도시재개발 사업계획으로 확보된 학교용지를 직접 매입 할 수 있으며, 교육감과 협의를 거쳐 자율학교 등을 설립·운영할 수 있음.
(3) 지방자치단체의 장은 소유 토지 등을 구도시재개발 사업지구 안에 사립학교를 설립·경영하고자 하는 자에게 수의계약으로 사용·수익 또는 대부하거나 매각 할 수 있음. 이 경우 임대기간은 50년 이내로 할 수 있으며 임대 토지상에 영구시설물 축조하여 할 수 있음.
(4) 지방자치단체가 소유하는 토지 등을 임대·매각하는 경우 지방재정법등의 규정에 불구하고 당해 지방자치단체의 조례가 정하는 바에 따라 임대료 및 매각 가격을 감면하거나 분할 납부하게 할 수 있음.
사. 기타 구도시재개발 사업의 지원 및 관리 등
(1) 시장·군수는 중심지 기능시설(회사의 본점, 대규모점포, 학원시설, 문화시설, 병원 등) 용도로 건축허가 받은 건축물에 대하여는 사업비의 일부를 융자 할 수 있음.
(2) ?수도권정비계획법? 규정에 의한 과밀부담금은 구도시재개발 사업계획에 의하여 건축하는 건축물에는 부과하지 아니함
(3) 구도시재개발 사업지구 안에서 건축허가를 받은 중심지 기능시설에 대하여는 취득세·등록세 등 지방세를 감면할 수 있음
(4) 지방자치단체에 구도시재개발 특별회계를 설치 할 수 있음
(5) 시장·군수·구청장은 사업시행자간 또는 지역주민간의 갈등 조정 및 지역주민의 사업 참여유도, 사업시행에 관한 자문 및 지원을 위하여 사업 분야별 전문가, 공무원, 지방의회의원, 주민대표 등으로 구성된 “ 사업지원센터”를 설치 운영할 수 있음.","권영세,김성조,나경원,박계동,박승환,박형준,신상진",건설교통위원회
신상진,105,172482,031546,유해화학물질관리법 일부개정법률안,의결,2005-08-26,2008-03-07,폐기,"■ 제안이유
생활수준이 향상되고 편리함을 추구하는 인간의 욕구가 지속적으로 증대됨에 따라 이러한 욕구의 충족을 위하여 새로운 용도와 개념의 화학물질이 개발·생산되고 있는데, 현재 세계적으로 유통되는 화학물질의 수는 10만 여종에 이르고 국내에도 3만 7천 여종의 화학물질이 사용되고 있음.
  그런데 이러한 화학물질은 인간의 건강 및 자연환경에 심각한 위해(危害)를 미치고 있는 바, 특히 내분비계장애물질의 경우 인간의 면역기능을 저하시켜 암을 유발하거나 생식기능에 치명적인 영향을 미치는 물질임에도 불구하고 이에 대한 방지 대책은 매우 미흡한 실정이므로, 이에 대한 대책 마련이 시급히 요구되고 있음.
  이에 따라 내분비계장애물질의 개념을 새롭게 정의하고 적용 범위를 마련하는 등 이들 물질에 대한 취급을 제한하거나 사용을 금지시킬 수 있는 근거 규정을 마련함으로써 이들 유해한 화학물질 등으로부터 인간의 건강을 지키고 자연환경의 오염을 최소화하고자 함. 
■ 주요내용
  가. “내분비계장애물질”은 내분비계 기능에 변화를 일으켜 정상적인 개체 또는 그 자손의 건강에 위해한 영향을 나타내는 외인성 물질로서 대통령령이 정하는 기준에 따라 환경부장관이 정하여 고시한 것이라 용어 정의함(안 제2조제7호의2 신설).
  나. 관련 학계 및 전문기관, 국제기구 또는 외국정부 등에 의하여 내분비계장애물질이 사람의 건강이나 환경에 심각한 위해를 미칠 수 있다는 연구결과가 제시되면 이를 취급제한 및 금지물질로 지정할 수 있도록 함(안 제32조제1항제4호 신설).","고경화,고조흥,김애실,김재경,김재원,김태년,박계동",환경노동위원회
