현기환,28,1814508,PRC_V1L2F0G1U0Q9U1O1X0F4M4K7T5F1I0,공중위생관리법 일부개정법률안,계류,2012-01-09,"","","■ 제안이유 및 주요내용 
  1983년 공중목욕장 간의 거리제한제가 폐지되고, 그 개설이 허가제에서 신고제로 변경되면서 공중목욕장이 무분별하게 신축되어 목욕장 간의 과도한 경쟁이 초래되고 있음. 
  이로 인해 영세한 목욕장의 경우 이러한 과당경쟁과 유가 폭등에 따른 연료비 상승으로 심각한 경영난에 직면하여 있으나, 목욕장의 특성상 건물 구조 변경 등의 어려움으로 업종전환이 거의 불가능하여 고사 위기에 처해있는 실정임. 따라서 공중목욕장의 최초 개설을 제한함으로써 목욕장의 무분별한 신축과 그에 따른 과당 경쟁을 막을 수 있는 제도적 장치가 필요함. 
  이에 공중목욕장의 개설을 현행 신고제에서 허가제로 변경하고, 시장ㆍ군수ㆍ구청장은 해당 지역의 인구, 목욕장 간의 거리, 목욕장의 면적 등을 고려하여 공중목욕장 영업을 허가하지 아니할 수 있도록 함으로써 공중목욕장의 무분별한 신축과 상호간의 과당경쟁을 막아 영세한 목욕장업자를 보호하려는 것임(안 제3조의3신설).","박지원,백재현,서병수,신건,신학용,유정복,윤석용",보건복지위원회
현기환,28,1813999,PRC_J1N1T1N2M0A2J1R6L3N4W4E0W1A8V1,조세특례제한법 일부개정법률안,계류,2011-12-02,"","","■ 제안이유 및 주요내용 
  현재 목욕장업자 간의 과당경쟁으로 영세한 목욕장을 운영하는 사업자의 경우 경영여건이 악화되고 있음.
  이에 면적이 330.58제곱미터 이하의 목욕장을 운영하는 사업자에 대하여 2014년 12월 31일 이전에 끝나는 과세연도까지 해당 사업에서 발생한 소득에 대한 소득세의 100분의 50에 상당하는 세액을 감면하여 영세 목욕장을 운영하는 사업자의 경영 여건을 개선시키려는 것임(안 제99조의6 신설).","권영진,김무성,김영선,김태원,박대해,손범규,유재중",기획재정위원회
현기환,28,1813992,PRC_O1Q1O1L2M0P2F1H4I3G5A3V0G7K6J2,지방세기본법 일부개정법률안,계류,2011-12-02,"","","제안이유 및 주요내용
  종전 「지방세법」의 복잡한 체계를 대폭 간소화하고 조세 행정의 효율성 등을 높이기 위해 「지방세기본법」, 「지방세법」 및 「지방세특례제한법」으로 분법(2010.3.31 제정, 2011.1.1 시행)하면서 광역시세시인 도시계획세가 구세인 재산세에 통합됨.
  따라서, 2011년부터 그 동안 광역시가 주택재개발·재건축 등 정비사업 및 재정비촉진사업의 원활한 수행을 위하여 「도시 및 주거환경정비법」 제82조제2항제1호 및 「도시재정비촉진을 위한 특별법」 제24조제2항제4호에 따라 종전 도시계획세〔현행 지방세법 제112조(같은 조 제1항제1호는 제외)에 따라 부과·징수되는 재산세. 이하 같음〕의 10%로 조성하던 “도시·주거환경정비기금” 및 “재정비촉진특별회계”예산을 편성하지 못하게 되어 도시·주거환경 개선사업 및 재정비촉진사업 추진에 문제가 발생됨.
  서울특별시의 경우 종전 도시계획세를 특별시세로 볼 수 있도록 법률에 특례규정을 두고 있으나, 광역시는 그 특례규정에서 배제되고 있으므로 광역시가 종전 도시계획세를 광역시세로 조정하여 도심 주택재개발·재건축 등 정비사업 및 재정비촉진사업의 안정적 추진으로 국민의 주거안정 및 삶의 질 향상을 도모할 수 있도록 「지방세기본법」을 개정하려는 것임(안 제9조제3항 및 제4항).","강명순,권영진,김무성,김영선,김태원,박대해,유재중",행정안전위원회
현기환,28,1813990,PRC_W1X1D1A2G0S2V1C4O2O3R5S1Y9E2W8,예금자보호법 일부개정법률안,계류,2011-12-02,"","","","강명순,고승덕,권영진,김무성,김태원,유재중,이화수",정무위원회
현기환,28,1813989,PRC_Z1E1N1F2P0W2T1E4A2L1U3Q6Y5G8U7,공공감사에 관한 법률 일부개정법률안,계류,2011-12-02,"","","제안이유 및 주요내용
  2010년도에 도입되어 시행 초기 단계에 있는 공공감사 제도가 내실있게 운영되어 국민에 대한 책임성을 확보하는 기능을 제대로 수행하기 위해서는 감사원에 근무하였다는 이유로 가질 수 있는 전관예우의 폐해를 미연에 방지하여 공정하고 중립적인 감사 인력 운용을 기하고 감사의 공정성을 제고하기 위하여 감사원의 감사위원으로서 퇴직한 자의 경우 퇴직 후 1년간은 중앙행정기관 및 지방자치단체의 감사기구의 장으로 임용되지 못하도록 규제하려는 것임(안 제15조제1항제2호 신설).","강길부,강명순,권영진,김무성,김세연,김태원,박대해",법제사법위원회
현기환,28,1813988,PRC_H1H1M1P2K0W2L1B4W1X6Y0M3C1H6B3,배타적 경제수역에서의 외국인어업 등에 대한 주권적 권리의 행사에 관한 법률 일부개정법률안,계류,2011-12-02,"","","","강길부,권영진,김무성,김영선,김태원,서병수,안형환",농림수산식품위원회
현기환,28,1813986,PRC_D1P1Z1O2Y0I2O1S4Q1J0Q0G9P4R3Q5,낙동강수계 물관리 및 주민지원 등에 관한 법률 일부개정법률안,계류,2011-12-02,"","","제안이유 및 주요내용
  현재 목욕장업자 간의 과당경쟁으로 영세한 목욕장을 운영하는 사업자의 경우 경영여건이 악화되고 있음.
  이에 목욕장업 운영을 위하여 사용하는 목욕용수로서 일정 면적 이하의 목욕장에서 목욕용수로 사용하는 경우 물이용 부담금을 면제하여 줌으로써 영세 목욕장을 운영하는 사업자의 경영 여건을 개선시키려는 것임(안 제32조제1항 단서).","고승덕,권영진,김무성,김영선,김태원,박대해,유재중",환경노동위원회
현기환,28,1813814,PRC_J1F1Z1C1L1P0G1Q7I3N1N5P9C0C5Z9,도시재생 활성화 및 지원에 관한 특별법안,계류,2011-11-10,"","","제안이유
  세계화 및 지방화의 추세 속에서 인구와 정보, 산업, 일자리 등이 집중되어 있는 도시의 경쟁력은 국가의 경쟁력을 좌우함. 전체 인구의 91%와 각종 산업기반이 도시에 집중되어 있는 우리나라의 경우 도시의 주거·경제·사회·문화적 환경을 건전하고 지속가능하게 관리하고 재생하는 것은 국가경제 성장과 사회적 통합의 안정된 기반을 구축하는데 필수불가결 한 과제임.
  최근 인구성장의 정체와 급속한 고령화를 경험하고 있는 우리나라 대부분의 도시는 도시기반시설의 부족, 노후시설에 대한 정비의 지체, 지역산업의 쇠퇴와 역외이전, 지역공동체의 약화와 유무형 지역자산의 방치 등으로 자생적 재생역량 및 도시 성장동력이 쇠퇴하는 문제를 겪고 있음. 특히 이러한 문제들이 물적·인적 기반이 상대적으로 취약한 지방 중소도시에서 더욱 심각하여 전반적인 도시간·지역간 격차를 심화시키는 요인이 되고 있음.  
  현행 제도에 의거하여 시행되고 있는 재건축·재개발, 뉴타운사업(재정비촉진사업)은 사업성이 부족한 지방도시에서 추진하는데 한계가 있으며, 수도권과 대도시에서도 수익성에 따른 물리적 정비 위주로 추진되어 원주민의 재정착에 기여하지 못하고 공동체를 해체시키는 등 실질적인 재생으로 이어지지 못하고 있음. 도시재생과 관련한 정부의 정책과 지원사업도 상호 연계되어 집중적으로 추진되지 못하고 개별·분산적으로 추진되어 효과적이고 실질적인 도시재생을 도모하기에는 매우 미흡한 상태임.
  따라서 정부의 현행 제도로는 도시재생에 필요한 각종 물리적·비물리적 사업을 시민의 관심과 의견을 반영하여 체계적·효과적으로 추진하기 어려운 바, 현행 제도의 미비점을 보완하여 공공의 역할과 지원을 강화함으로써 주민의 생활여건을 개선하고 구도심과 비롯한 도시내 쇠퇴지역 등의 기능을 증진시키고 지역공동체를 복원하여 자생적 도시재생을 위한 기반을 마련할 필요가 있음.  이를 위해 동 법을 제정함으로써 계획적이고 종합적인 도시재생 추진체제를 구축하고 물리적·비물리적 지원을 통해 민간과 정부의 관련 사업들이 실질적인 도시재생으로 이어지도록 하는 한편, 궁극적으로는 지속적 경제성장 및 사회적 통합을 유도하고 도시문화의 품격을 제고하는 등 국민 삶의 질을 향상시키는데 기여하고자 함.
주요내용
  가. 국토해양부장관은 지역공동체의 회복 및 강화를 통해 도시재생을 활성화하기 위하여 국가전략인 국가도시재생기본방침을 10년마다 수립하여야 하며, 이 경우 미리 관계중앙기관의 장과 협의를 거쳐야 함.
  나. 특별시장·광역시장·특별자치시장, 특별자치도지사, 시장 또는 군수는 도시재생사업의 체계적·장소중심적 기획과 집행, 지역주민과의 원활한 합의도출을 위해 도시 전체 또는 일부 지역에 대하여 5년마다 도시재생전략계획을 수립할 수 있음.
  다. 도시재생사업은 도시재생활성화계획에 포함되어 사회문화적, 경제적, 물리적, 환경적 재생을 위해 도시재생과 관련한 각종 계획, 사업, 프로그램, 지역자산 등이 연계된 형태의 사업이며, 도시재생활성화계획이 도시재생 심의조정기구 및 지방도시재생위원회의 심의를 거쳐 결정·고시된 경우 이 법에 따른 공공지원이나 특례를 적용받게 됨.
  라. 도시재생정책 심의, 도시재생전략계획 및 사업관리계획 심의 등을 위하여 중앙도시재생심의조정기구와 도시재생기획단을, 시·도에는 지방도시재생심의조정기구를 둘 수 있도록 함.
  마. 국토해양부장관은 도시재생 활성화 등에 필요한 비용을 충당하기 위하여 도시재생기금을 설치하는 한편, 지방자치단체 및 지역주민들에 의한 도시재생 촉진 등을 위한 지원업무를 도시재생지원기구에 위탁할 수 있도록 함.
  바. 지방자치단체에는 도시재생전략계획 수립 등 도시재생 관련 업무의 총괄관리를 위한 도시재생추진단을 설치할 수 있으며, 도시재생활성화계획에 따른 도시재생사업 원활한 추진 등을 위해 도시재생지원센터 설치 근거를 마련함.","강길부,권영진,김무성,김세연,서병수,유기준,유재중",국토해양위원회
현기환,28,1813702,PRC_D1O1C1Y0L3M1P1V7J4J4G4U4J3B6N0,교통기본법안,계류,2011-10-31,"","","제안이유
  기본적인 중장기 교통정책 방향을 제시하여 육상·해상·항공 교통정책을 종합적으로 추진하고, 서민과 사회적 약자에 대한 보호를 위하여 교통권을 보장하는 한편, 최저교통서비스 지표 및 기준의 설정, 교통서비스 개선대책의 수립·시행 등을 통해 국민의 건강하고 문화적인 생활을 위한 교통서비스를 확대하며, 교통산업 발전을 지원하기 위한 기본적 사항을 마련하는 한편, 기존의 「대중교통의 육성 및 이용촉진에 관한 법률」을 폐지하고 같은 법 상의 대중교통시책의 미비점을 보완하여 이 법에 흡수하면서 추가로 대중교통전용지구, 수요 응답형 교통서비스 등 대중교통 육성을 위한 교통서비스를 한층 강화하려는 것임.
주요내용
  가. 중장기적 차원의 기본적 교통정책 방향 제시(안 제6조부터 제12조까지)
    1) 육상ㆍ해상ㆍ항공 교통정책을 종합적이고 체계적으로 추진하기 위하여 통합교통, 공공교통, 지속가능 교통, 교통안전, 교통보건위생, 교통기술 등의 기본적 방향을 제시함.
    2) 교통정책에 대한 기본적 방향을 정함으로써 교통정책의 지속적ㆍ안정적ㆍ통합적 추진이 가능할 것으로 기대됨.
  나. 교통권(交通權)의 보장 및 진흥 시책방향의 제시(안 제13조 및 제14조)
    1) 서민과 사회적 약자에 대한 보호를 위하여 교통권의 보장 및 강화가 필요함.
    2) 국가 및 지방자치단체는 국민의 교통권 보장 및 진흥을 위한 의무를 지며 국민은 신체적ㆍ사회적ㆍ경제적ㆍ지역적 여건에 따라 차별받지 아니한다는 점을 명시하고, 교통권을 실제적으로 집행하기 위한 구체적 시책을 제시함.
    3) 지방자치단체의 교통권 실현을 위한 기준과 시행방안을 제시하여 법체계 상 집행의 실효성을 확보할 수 있을 것으로 기대됨.
  다. 최저교통서비스의 지표ㆍ기준 및 최저교통서비스 조사ㆍ평가(안 제15조 및 제16조)
    1) 지방자치단체 간 교통서비스 수준의 격차가 발생하고 있으나 그 격차의 파악이 되고 있지 아니하기 때문에 이에 대한 지표 및 기준을 설정하여 분석을 시행할 필요가 있음.
    2) 국민소득, 생활수준, 통행실태, 대중교통 접근성 등을 고려하여 건강하고 문화적 생활을 위한 최저교통서비스 지표ㆍ기준을 설정하고, 정기적으로 조사ㆍ평가하도록 함.
    3) 최저서비스 지표에 따른 지방자치단체의 교통서비스 수준을 평가하여 교통권 보장을 위한 기반을 마련할 수 있을 것으로 기대됨.
  라. 교통서비스 개선대책의 수립ㆍ시행 등(안 제17조부터 제18조까지)
    1) 교통서비스 개선대책에 포함되어야 할 개선방안을 명확히 하고 지방자치단체의 개선대책 수립 및 집행의 효율적인 관리가 필요함.
    2) 최저교통서비스 수준에 미달하는 지역은 교통서비스 개선대책을 수립하도록 하고, 지방자치단체 개선대책의 결과 제출의무 등을 규정함.
    3) 최저교통서비스 지표 미달지역에 교통서비스 개선대책을 수립ㆍ시행하여 국민의 보편적 교통서비스를 높일 수 있을 것으로 기대됨.
  마. 대중교통 서비스의 강화(안 제19조부터 제40조까지)
    1) 국민의 교통권 보장을 위해서는 대중교통서비스가 핵심이나, 기존 「대중교통의 육성 및 이용촉진에 관한 법률」은 선언적ㆍ제한적·단편적 내용 위주로 규정되어 실효성이 미흡함.
    2) 버스ㆍ지하철 등 노선 여객운송수단을 보완하도록 구역 여객운송수단인 택시를 대중교통수단에 포함시켜 대중교통시책의 실효성을 높이고자 함.
    3) 노선ㆍ구역 여객운송수단 등 대중교통 개발 시 종합적 투자검토를 의무화하고, 각종 개발사업과 고속도로 건설 시 대중교통을 우선 설치하도록 하며, 수요 응답형 교통서비스를 강화하고 대중교통전용지구 지정제도 등을 도입하는 한편, 기존의 「대중교통의 육성 및 이용촉진에 관한 법률」의 제도를 흡수하고 해당 법률을 폐지함.
    4) 대중교통 정책의 종합적ㆍ체계적 수행으로 실효성을 제고하고, 국민의 대중교통 이용의 편리성이 높아질 것으로 기대됨.
  바. 교통산업의 체계적 육성 및 지원(안 제41조부터 제49조까지)
    1) 교통산업은 규모가 영세하고 업종이 세분화되어 있는 등 열악한 구조를 가지고 있어 여건 변화에 취약하므로 체계적인 육성이 필요함.
    2) 교통산업의 전문인력 양성 촉진 및 교통체계의 개발ㆍ운영에 민간참여를 유도하고, 교통종사자의 권익보호 등을 추진할 수 있도록 함.
    3) 교통산업 육성 등을 위한 다양한 수단을 마련함으로써 교통산업이 시대를 선도하여 발전할 수 있을 것으로 기대됨.","김무성,김정권,박기춘,백성운,서병수,유정복,윤석용",국토해양위원회
현기환,28,1812698,PRC_U1G1P0F7R2P2O1Z6D3F4L3X1N3Z5S3,국가를 당사자로 하는 계약에 관한 법률 일부개정법률안,계류,2011-07-22,"","","2010. 7. 21 「국가를 당사자로 하는 계약에 관한 법률 시행령」 개정으로 최저가낙찰제도의 대상 범위가 추정가격 300억원 이상의 공사에서 100억원 이상의 공사로 확대되었는데, 최저가낙찰제도는 사회기반시설의 보수·유지 등에 따른 추가비용이 과도하게 발생하는 경우 오히려 정부의 예산이 낭비될 수 있고 중소업체들의 부담이 심화되며 공공시설물의 부실시공 발생위험이 증가할 수 있다는 한계가 있음.
  이에 최저가낙찰제도의 대상을 추정가격 300억원 이상인 대형공사로 한정하도록 법률에서 명시적으로 규정하려는 것임. 또한, 입찰금액, 기술력, 품질관리, 유지·관리비용 등을 종합적으로 고려하여 낙찰자를 선정하는 최고가치낙찰제도를 도입함으로써 공공시설물의 부실시공을 방지하고 효과적인 예산 활용을 도모하려는 것임(안 제10조제2항제1호, 같은 항 제2호 및 제4호 신설, 같은 조 제3항 및 제4항 신설).","강길부,권영진,김무성,김태원,박대해,서병수,이한성",기획재정위원회
현기환,28,1810973,PRC_Y1V1F0E3Q0X2R1B5R2G7Q0B0Y6J3J0,해운법 일부개정법률안,계류,2011-03-02,"","","제안이유
  최근 대규모 항만이 개발되면서, 같은 항만구역에 다수의 항을 보유·운영하는 항만이 증가하고 있는 실정임.
  현행 항만운송사업법상 같은 항내 화물운송은 항만운송사업자 외에 해운법상 등록한 해상화물운송사업자가 할 수 있도록 규정하고 있어, 외항화물운송사업자도 가능한 것인지에 대해 의문이 제기되고 있기 때문에 입법적으로 항만운송질서 유지 및 사업영역 구분을 명확히 규정할 필요가 있음. 
  따라서 같은 항만 내 화물운송은 원칙적으로 해운법상 내항화물운송사업자의 사업영역임을 분명히 하는 한편, 예외적으로 환적 컨테이너 화물은 국적 외항선사도 운송할 수 있도록 명시적으로 허용함으로써 항만의 경쟁력을 제고하고 해상화물운송사업자 간 갈등을 방지 할 수 있도록 관련 규정을 정비하고자 함.
주요내용
  가. 같은 항내에서의 화물운송사업은 내항 화물운송사업에 포함됨을 명확하게 규정함(안 제23조제1호).
  나. 외항정기화물운송사업자가 내항화물운송사업의 등록을 하지 않고 국내항내에서 운송할 수 있는 화물에 기존의 빈 컨테이너나 수출입화물 외에 외국항간에 운송되는 과정에서 국내항내에서 운송되는 환적 컨테이너화물을 추가할 수 있도록 특례규정을 신설함(안 제25조제1항제2호).","권영진,김낙성,김세연,김용구,김정권,김호연,서병수",국토해양위원회
현기환,28,1810972,PRC_R1I1F0D3S0Y2H1S5C2X4G5W3P5L1G2,선박관리산업발전법안,의결,2011-03-02,2011-12-30,수정가결,"제안이유
  최근 해운업계의 새로운 추세는 영업은 선사가 하고 선박관리는 전문관리업체에 위탁하는 형태로 선박의 소유와 관리가 분리됨에 따라 비용을 절감하고 경쟁력을 도모하는 선박관리산업의 중요성이 부각되고 있으며, 선박관리산업은 연간 10% 이상의 지속적인 성장이 예상되면서 새로운 성장동력으로 주목받고 있음.
  그러나 우수한 해기사를 보유하고 선박 및 선원관리 경험이 풍부한 선박관리산업은 전반적으로 영세하고 서비스 제공에 제한적이며, 정부차원의 정책적 지원 및 법적 지원체계가 마련되어 있지 않아 선박관리산업이 독자적인 사업으로 발전하는데 어려움이 있음.
  이에 해운환경의 급격한 변화에 따라 정부의 다양한 정책적ㆍ법적 지원체계를 마련하고 민간의 자발적인 참여를 유도함으로써 세계적인 선박관리산업을 육성하고 해외 경쟁력을 확보하며 새로운 일자리를 창출하려는 것임.
주요내용
  가. 선박관리산업을 선박소유자 등으로부터 기술적ㆍ상업적 선박관리, 해상구조물관리 또는 선박시운전 등의 업무의 일부 또는 전부를 수탁하여 관리활동을 영위하는 것으로 정의함(안 제2조).
  나. 선박관리산업 육성정책의 기본방향을 설정하는 10년 단위의 선박관리산업의 육성기본계획을 5년마다 수립하도록 함(안 제4조).
  다. 선박관리산업의 육성정책에 관한 주요 사항을 심의하기 위하여 국토해양부장관 소속으로 선박관리산업육성정책위원회를 두도록 함(안 제5조).
  라. 선박소유자 등에 대하여 선박관리 서비스를 제공하거나 해외시장을 개척하여 새로운 일자리를 창출하는 선박관리사업자를 우선적으로 육성하는 등 선박관리산업의 경쟁력을 강화하는 시책을 강구하도록 함(안 제6조).
  마. 선박관리산업의 선진화 및 세계화를 위하여 선박관리우수사업자에 대한 인증을 할 수 있도록 함(안 제9조).
  바. 선박관리산업의 발전을 위하여 선박관리전문가를 육성ㆍ지원할 수 있도록 함(안 제14조부터 제16조까지).","권영진,김세연,김용구,김정권,김호연,서병수,유재중",국토해양위원회
현기환,28,1810643,PRC_Q1V1W0S1M1T8Q1U4E3H6R3E2J2S9D1,도시개발법 일부개정법률안,의결,2011-01-18,2011-09-16,대안폐기,"■ 제안이유 
  최근 도심지내 개발사업의 수요가 증가하고 있는 상황에서 도심의 수요를 고려한 국민주택규모 이하의 소형주택 건설과 보금자리 주택의 건설을 원활하게 하기 위한 환지방식의 개발사업의 확대가 필요한 실정임.
 이에 도시개발사업 중 환지방식에 대한 공공시행자의 적극적 참여를 유도하기 위해 공공시행자의 사업관리에 따른 사업관리비를 책정할 수 있도록 하고, 환지제외에 대한 구체적 기준을 마련하여 토지소유자와 조합 등 시행자간의 갈등 및 분쟁을 예방하고, 일정요건을 갖춘 토지에 대해서는 환지예정지 지정 전에 토지사용을 허용하여 토지소유자의 부담을 줄여주는 한편 세입자·저소득층 등 사회적 약자를 위한 도심내 소형주택이나 임대주택을 초과공급 하는 등의 경우 인센티브를 부여함으로써 시행자의 참여를 촉진하고 도시개발사업의 활성화를 도모하고자 하는 것임.
■ 주요내용 
  가. 환지방식에서 공공시행자 사업관리비용 책정(안 제11조)
  1) 환지방식은 권리자의 손익부담을 원칙으로 하고 있어 공공기관 등(공공기관, 지방공기업 등)이 사업시행시 최종적으로는 투입원가만 회수하는 구조로 각종 인·허가, 사업비 선 투입 및 준공책임(환지처분) 등 사실상 주민역할을 대행하면서 법률상 시행자이기에 사업위험을 전부 부담하여야 하나 보상수단은 전무한 실정.
  2) 공공시행자가 환지방식의 참여를 유도하기 위하여 개발사업 추진에 따른 사업리스크 부담 및 사업관리에 대한 사업관리비 책정이 필요함. 
  나. 환지 제외에 관한 구체적 기준 마련(안 제29조제3항, 안 제30조제2항 신설)
  1) 현재는 환지방식에서 토지소유자가 신청하거나 동의하는 경우 토지의 전부 또는 일부에 대하여 환지대상에서 제외할 수 있으나 환지제외 기준에 관한 구체적 규정이 없어 조합 등 시행자와 토지소유자간 갈등 및 분쟁발생 가능성이 상존하고 부동산 경기하락에 따른 환지 제외가 증가할 경우 잔여 조합원 전체의 피해가 발생되는 실정임. 
  2) 토지소유자가 신청하거나 동의하면 환지에서 제외할 수 있도록 하되, 무분별한 청산 방지 및 분쟁을 차단하기 위해 환지계획 기준 등을 환지대상자에게 사전 통지를 의무화하고 환지제외 신청 제한 기준을 명확히 함.
  다. 환지예정지 지정 전 토지의 사용 (안 제36조의2 신설)
  1) 현행법에서는 환지방식의 경우 즉시 사용할 수 있는 나대지 상태의 토지라 하더라도 환지계획에 의한 환지예정지 지정전까지 사용·수익이 불가하여 환지계획이 지연되는 경우 토지소유자 금융비용 증가로 막대한 손실을 보는 경우가 자주 발생하여 이에 대한 해결방안이 필요함.
  2) 일정 요건을 갖춘 토지는 환지계획 전에 실시계획인가 범위내에서 토지의 사용을 허용하여 민간개발업자의 사업의지를 존중하면서 일자리 창출 및 자본의 원활한 흐름을 도모하고자 함. 다만, 사용허가 되는 토지는 환지예정지 지정 전까지는 새롭게 조성되는 토지 또는 건축물을 일반에게 양도·분양(공급) 할수 없도록 함.
  라. 도시개발 사업 활성화를 위한 특례 추가 (안 제71조의2 신설)
  1) 도심에서 도시개발사업 시행시 기반시설 확보기준이 신시가지개발 기준으로 과도하게 적용하고 있으나 현행법의 인센티브관련 제도는 기반시설설치비 융자 또는 보조와 조세감면이 전부임. 또한 실질적으로 기반시설의 융자나 보조는 지자체의 재정여건상 지원이 전무한 실정이며, 조세감면은 실효성이 없어 감면이 사실상 불가한 실정임.
  2) 일률적인 규제완화보다는 시행자의 참여를 촉진하고 시장친화적인 정책실현을 위해서 세입자·저소득층 등 사회적 약자를 위한 임대주택용지나 임대주택 공급 기준을 초과하여 공급하거나, 보금자리주택용지를 조성원가 수준으로 공급하는 경우 또는 도심(주거, 상업, 공업지역)에서 탄소저감을 위한 대중교통 중심의 고밀복합개발(TOD형)을 통해 소형주택용지를 기준이상으로 계획하는 경우에는 다른 개발법령의 특례 기준과 형평성을 유지하고 사업특성과 연관되는 실효성 있는 인센티브 부여가 필요함.","권영진,김세연,김정권,김태원,안형환,유기준,유재중",국토해양위원회
현기환,28,1810521,PRC_Z1E0X1C2S3Y1N1N1M4L0A0H4D2E1V5,도로교통법 일부개정법률안,계류,2010-12-31,"","","제안이유 및 주요내용
  현행 「도로교통법」과 이에 근거한 「어린이 보호구역의 지정 및 관리에 관한 규칙」에서는 어린이 보호구역 내 자동차 등의 통행속도를 시속 30km로 제한하고 있으나, 어린이 보호구역 내에 속도 위반 차량 단속을 위한 무인교통단속장비를 우선 설치하도록 의무화하는 별도의 규정은 없음.
  경찰청에서는 매년 무인교통단속장비 구입 예산에 어린이 보호구역 내에 설치할 무인교통단속장비 예산을 포함시켜 편성·집행하고 있으나, 신규 무인교통단속장비를 어린이 보호구역에 우선 설치하도록 하는 기준이나 지침이 없어 실제로 거의 설치하지 못하고 있는 실정임. 
  따라서 어린이 보호구역 내 차량속도를 통제함으로써 교통사고의 위험으로부터 어린이를 보호하기 위하여 무인교통단속장비를 어린이 보호구역 내에 우선적으로 설치하도록 의무화하려는 것임(안 제4조의2 제1항 후단 신설).","권영진,김성태,김정권,백성운,서병수,유기준,유재중",행정안전위원회
현기환,28,1810516,PRC_T1O0U1Z2H3H1Y1D1R2Z6H5X5E5O8C5,소득세법 일부개정법률안,계류,2010-12-31,"","","제안이유 및 주요내용
  정부가 실시하는 아이돌보미 제도가 전국적으로 운영되고 있으나, 아이돌보미 서비스의 상당수가 자부담 이용자이고 이용료가 보육료와 같은 성격임에도 이에 대해 소득공제를 받지 못하는 문제점이 있었음. 따라서 특별공제 대상으로 「건강가정기본법」상 아이돌보미의 이용료를 추가하도록 하려는 것임(안 제52조제3항제4호 신설).
참고사항
  이 법률안은 현기환의원이 대표발의한 「건강가정기본법 일부개정법률안」(의안번호 제10515호)의 의결을 전제로 하는 것이므로 같은 법률안이 의결되지 아니하거나 수정의결 되는 경우에는 이에 맞추어 조정되어야 할 것임.","권영진,김성태,김정권,백성운,유기준,유재중,윤석용",기획재정위원회
현기환,28,1810515,PRC_H1R0V1Y2J3N1Z1Y1M2S4J2T6H6N4H0,건강가정기본법 일부개정법률안,의결,2010-12-31,2012-01-06,폐기,"제안이유
  아동의 양육을 위하여 보육시설이나 유치원을 이용하는 경우에는 양육에 소요되는 비용에 관하여 소득공제를 실시하고 있으나, 가정을 방문하여 육아를 돕는 아이돌보미를 이용하는 경우에는 관련 규정의 부재로 소득공제를 받지 못하고 있는 실정임.
  그러나 아이돌보미는 시설보육의 사각지대를 해소하기 위하여 아동의 안전한 보호 및 양육부담을 경감하기 위한 목적으로 실시되는 사업으로서 아이돌보미를 이용하는 데에 드는 비용을 보육시설이나 유치원의 이용에 드는 비용과 차별하여 소득공제를 받지 못하게 하는 것은 형평성에 위배된다고 할 수 있을 것임.
  더욱이 아이돌보미의 활성화를 위하여 정부에서는 아이돌보미 서비스 지역을 2007년 38개 지역에서 2009년 232개 지역으로 확대하고, 일정 소득 수준 이하의 가구가 아이돌보미를 이용하는 경우 예산지원을 실시하고 있는 정부시책과 비교할 때 정책의 앞뒤가 맞지 않는 문제가 있음.
  따라서 정부정책의 효율성을 제고하고 아이돌보미를 이용하는 가정의 양육부담을 경감하기 위하여 아동의 양육자가 국가 및 지방자치단체로부터 지원을 받은 아이돌보미를 이용하는 경우 이에 소요되는 비용을 소득공제 받을 수 있도록 법적 근거를 마련하려는 것임.
주요내용
  가. 아이돌보미를 이용하는 데에 소요되는 비용을 소득공제 받을 수 있도록 하기 위하여 가사ㆍ육아·산후조리ㆍ간병 등을 돕는 가정봉사원을 가사ㆍ산후조리ㆍ간병 등을 돕는 가정봉사원과 육아를 돕는 아이돌보미로 분리함(안 제30조제1항). 
  나. 만 12세 이하의 아동을 양육하는 자가 국가 및 지방자치단체로부터 지원을 받는 아이돌보미에게 해당 아동을 양육하기 위하여 지급하는 비용은 「소득세법」에서 정하는 바에 따라 소득공제를 받을 수 있도록 함(안 제30조제4항 신설).","권영진,김성태,김정권,백성운,유기준,유재중,윤석용",여성가족위원회
현기환,28,1809129,PRC_Y1U0D0E8S1W8P1L4I0W8J4A0B4T6B0,건축사법 일부개정법률안,의결,2010-08-18,2011-04-29,대안폐기,"제안이유
  현재 건축사가 되기 위해서는 이론에 관한 필기시험인 예비시험과 실기시험인 자격시험 등 2회의 시험에 합격해야 하는데 현행 건축사법은 대학에서 건축에 관한 소정의 건축 과정을 이수한 자 등에게만 예비시험 응시자격을 주고 있음.
  정부는 FTA 체결로 인한 시장개방에 대비하여 국제적 기준에 맞는 건축사자격제도의 마련을 위해 건축사 예비시험을 폐지하는 대신 정부가 인증한 건축대학이나 대학원의 해당과정을 이수하고 건축사사무소에서 3년 이상 실무수련을 받은 자에 대해서만 건축사자격 시험을 응시할 수 있도록 추진 중임.
  그러나 이 과정에서 기존 건축사시험에 응시가 가능했던 ‘비전공 건축 관련 기술사’ 및 ‘비전공 기사자격 취득자’의 응시가 2010년부터 제한되고 있어 많은 혼란과 민원을 발생시키고 있음.  
  비록 10년의 유예기간을 주었다고는 하나, 기사자격 취득 후 5년에서 7년의 경력기간을 요하기 때문에 실제 시험을 볼 수 있는 기회는 거의 없었던 상황임.
  이에 정부의 새로운 건축사 시험제도의 추진 과정에서 현행 예비시험 응시자격을 확대하여 기존 수험생들의 신뢰를 보호하고자 함.
주요내용
  가. 건축 관련 대학원 졸업자에 대하여 건축사예비시험 응시가 가능하도록 함(안 제15조제1항제1호).
  나. 국가기술자격법에 의한 건축분야 기술사, 기사, 산업기사 자격을 취득한자로서 일정기간 실무경력이 있는 자에 대하여 건축사 예비시험 응시가 가능하도록 함(안 제15조제1항제5호부터 제7호까지).","권영진,김세연,박민식,신영수,유기준,유재중,윤석용",국토해양위원회
현기환,28,1809126,PRC_M1T0Y0G8L1N8X1J2Z4T0D5U8C6K4L7,건설기계관리법 일부개정법률안,의결,2010-08-18,2011-08-23,대안폐기,"제안이유 및 주요내용
  대부분의 공산품은 제작사의 귀책사유로 결함이 발생한 경우 제작·수입자의 부담으로 결함을 시정 해주고 있는 데에 비해 건설기계는 결함시정제도 미비로 인해 국내에서는 결함을 한 차례도 시정한 바가 없어 결함이 발생한 건설기계가 안전성을 결여한 채 운행되거나, 소비자의 부담으로 시정되고 있으며, 동일한 결함이 발생해도 공급자의 재량에 의해 시정 대상이 되거나 또는 소비자의 부담으로 유상 시정해야 하는 등 형평성에 부합하지 않는 사례가 발생하는 바, 건설기계도 제작결함이 발생한 때에는 타 공산품과의 형평에 부합하게 제작·수입자가 결함을 시정토록하여 소비자를 보호토록 하는 한편,
  건설기계사업자(대여업, 정비업, 매매업, 폐기업)중 대여업자가 건설기계를 주기시에는 주기장에 주기토록 함으로서 도로교통안전을 도모하고, 정비업자는 정비의뢰자의 요구 없이 임의정비행위를 금지하고 신품 또는 중고부품의 교환을 정비의뢰자가 선택토록하며, 매매업자는 매매계약 前에 매수인에게 압류 및 저당권설정등록 여부를 고지토록하고, 폐기업자는 저당권 설정 및 압류된 때와 등록사항이 등록원부 기재내용과 다른 때는 폐기하지 않도록 함으로서 건설기계사업의 투명성을 확보하려는 것이며,
  건설기계사업자의 위법한 행위에 대해 사업의 전부 또는 일부를 정지하는 등 합리적인 행정처분 규정을 마련하여 건설기계사업자의 일탈을 방지하고,
  제작결함시정명령 불이행자 및 건설기계사업자 의무불이행자에게 과태료를 부과하여 건설기계시장질서를 확보하려는 것임(안 제20조의2, 제25조의3, 제35조의2, 제40조제3호의2 및 제44조제2항제7호 신설).","권영진,김세연,박민식,신영수,유기준,유재중,윤석용",국토해양위원회
현기환,28,1807009,PRC_J0U9N1N2D1H5Y1P7G5W7Q0C8W2D6F6,공공기관의 운영에 관한 법률 일부개정법률안,계류,2009-12-15,"","","제안이유
  현재 항만공사는 「항만공사법」에 따라 설립되고 있으나 이사회 운영 및 항만위원의 선임에 있어서는 「항만공사법」에 별도로 규정하고 있음에도 불구하고 「공공기관의 운영에 관한 법률」을 우선 적용하도록 되어 있음.
  그 결과 항만별로 설치되는 항만공사의 지역적 특수성을 제대로 반영할 수 없을 뿐만 아니라 관련 지방자치단체 및 이용자 참여를 통한 균형있는 도시발전과 항만자치의 실현이라는 「항만공사법」 제정의 본래 취지를 제대로 살리지 못하는 등 여러 가지 문제가 발생하고 있음. 
  이에 항만공사 사장 및 항만위원회 위원(비상임이사)의 후보자 추천과 항만위원회 위원 및 위원장(선임비상임이사)의 임명에 있어서는 「공공기관의 운영에 관한 법률」을 적용하지 않고 「항만공사법」을 적용하도록 하려는 것임.
주요내용
  가. 현행법의 관련 규정에도 불구하고 시장형 공기업의 선임비상임이사에 해당하는 「항만공사법」에 따른 항만위원회의 위원장의 임명에 대하여는 같은 법에 따르도록 함(안 제21조제4항 신설).
  나. 현행법의 관련 규정에도 불구하고 공기업의 장 및 비상임이사에 해당하는 「항만공사법」에 따른 항만공사 사장 및 항만위원회의 위원에 대한 후보자 추천과 항만위원회 위원의 임명에 대하여는 같은 법에 따르도록 함(안 제25조제6항 신설).","권영진,김무성,김세연,김정권,유기준,유재중,이진복",기획재정위원회
현기환,28,1806993,PRC_R0Q9M1I2B1B4Y1N7X5Z8D2D8S7F2F3,수상레저안전법 일부개정법률안,의결,2009-12-14,2011-04-29,대안폐기,"제안이유
  주5일 근무제 등으로 여가시간이 증대됨에 따라 수상레저에 대한 국민의 관심이 높아지고 있으며, 지방자치단체 중심으로 마리나 건설이 적극적으로 추진되는 등 향후 수상레저 활동자가 대폭 증가될 것으로 예상됨.
  그러나 수상레저 활동자에 대한 규제 및 제도개선이 원활히 이루어지지 못하여, 수상레저ㆍ스포츠 분야의 산업성장을 유도하는데 어려움이 있음.
  이에 수상레저 활동자에 대한 규제를 완화하고, 제도개선을 통하여 수상레저의 활성화를 도모하여, 수상레저ㆍ스포츠 분야를 산업성장의 핵심동력으로 활용하고자 함.
주요내용
  가. 다른 법률에서 제4조의 조종면허를 자격요건으로 규정한 경우 이 법에 따라 조종면허를 취소ㆍ정지 처분할 수 있는 근거를 마련함(안 제3조).
  나. 국제대회에 참가하는 외국인에 대하여 조종면허 특례규정을 마련함(안 제4조의2 신설).
  다. 조종면허 갱신기간을 연장하고, 시험대행기관에 대한 과징금 부과기준을 명확히 함(안 제9조 및 제15조).
  라. 수상레저산업의 건전한 발전과 수상레저관련 종사자의 안전관리 업무능력 향상을 위하여 한국수상레저협회를 설립할 수 있도록 함(안 제28조의2 신설).
  마. 동력수상레저기구의 소유자는 소유한 날부터 1개월 이내에 등록신청을 하도록 하고, 수상레저기구의 소유자는 소유일부터 1개월 이내에 보험이나 공제에 가입하도록 함(안 제30조 및 제34조).
  바. 수상레저기구의 구조ㆍ장치의 변경시 검사요건을 완화함(안 제36조).","강석호,권영진,김무성,김정권,김효재,박민식,신영수",국토해양위원회
현기환,28,1804935,PRC_W0V9C0P5V2K6Z1U5Q2P9F2M3I2G9U2,주택법 일부개정법률안,의결,2009-05-26,2010-03-18,대안폐기,"제안이유
  최근 경기침체 상황에서 주택 건설이 급속히 감소하고 고품질 주택 공급도 곤란을 겪음에 따라 분양가상한제에 대한 논란이 다시 제기되고 있으며, 이미 민간택지에 대해서는 지난 2월 13일에 분양가상한제를 폐지하는 내용의 「주택법」 개정안이 발의되어 논의되고 있는 상황임.
  하지만 아직도 사업목적 달성에 지속적인 장애요인으로 작용할 우려가 있는 일부 주택사업의 경우에는 분양가상한제 적용의 적절성 여부에 대한 논란이 계속 되고 있음.
  이에 본래의 사업목적인 외자유치를 촉진하기 위해서는 분양가 자율화가 매우 긴요한 경제자유구역 개발사업과, 고품질의 복합건축물 건설이 필요한 관광특구에서의 초고층 복합건축물(50층이상 또는 150m이상) 등에 대해서는 분양가상한제 적용을 배제하여 경제자유구역 및 관광특구 개발사업을 활성화하고자 함.
주요내용
  분양가상한제 적용주택에서 경제자유구역에서 건설하는 주택중 경제자유구역위원회에서 외자유치 촉진과 관련이 있다고 인정하여 분양가격 제한을 적용하지 않기로 심의 의결한 경우와 관광특구에서 건설하는 층수가 50층 이상이거나 높이가 150미터 이상인 주택(주택과 주택외의 시설을 동일건축물로 건축하는 경우 포함)을 제외함(안 제38조의2).","김무성,김세연,김정권,박민식,유기준,유재중,이인기",국토해양위원회
현기환,28,1804583,PRC_P0K9D0M4A1W6U1E4I0X6F0N0E0Q1Z3,도시 및 주거환경정비법 일부개정법률안,의결,2009-04-16,2009-04-29,대안폐기,"제안이유
  현행 「도시 및 주거환경정비법」에 따르면, 정비사업의 시행에 따라 종전의 거주지를 상실하는 거주민의 재정착을 도모하기 위하여 정비사업으로 건설하는 주택 중 일정 비율을 임대주택으로 건설하도록 하고 있음.
  그러나 주택재개발사업의 경우 정비사업으로 건설된 임대주택을 국토해양부장관을 비롯한 공공부문이 인수할 의무를 두지 않고 있어 해당 정비구역에 거주하는 주민의 주거복지가 충분히 이루어지지 아니하는 실정임.
  이에 공공부문에게 주택재개발사업을 통하여 건설되는 임대주택을 인수할 의무를 부여하고, 인수된 임대주택을 토지임대부 분양주택으로 활용할 수 있는 근거를 마련하는 한편, 조합이 단독으로 순환정비방식의 정비사업을 추진하는 경우 정비구역 인근에 확보되어 있는 임대주택을 순환용주택으로 활용할 수 있도록 하여 정비구역 안에 본래 거주하는 주민의 주거복지를 제고하는 동시에 정비사업의 원활한 추진을 도모하려는 것임.
주요내용
  가. 조합이 단독으로 순환정비방식의 정비사업을 시행하는 경우에는 정비구역 인근에 있는 임대주택을 순환용주택으로 활용할 수 있도록 함(안 제35조제2항 본문).
  나. 조합이 요청하는 경우에는 국토해양부장관 등이 주택재개발사업으로 건설된 임대주택을 의무적으로 인수하도록 하고, 인수 절차 및 방법, 인수 가격 등 필요한 사항은 대통령령으로 정함(안 제50조제3항).
  다. 국토해양부장관 등이 인수한 재개발 임대주택을 정비구역 안의 세입자와 영세주택 소유자를 위한 토지임대부 분양주택으로 활용할 수 있도록 함(안 제50조제7항 신설).
  라. 국가는 순환용주택의 확보 및 재개발 임대주택 인수를 위한 비용의 전부 또는 일부를 지방자치단체 또는 주택공사등에게 보조 또는 융자하여야 함(안 제63조제5항 신설).
  마. 토지임대부 분양주택을 공급받는 세입자와 영세주택 소유자에게 국가 또는 지방자치단체로 하여금 공급비용의 전부 또는 일부를 보조 또는 융자할 수 있도록 함(안 제63조제6항 신설).","강창일,권영진,김낙성,김무성,김성곤,김성식,김성태",국토해양위원회
현기환,28,1803281,PRC_X0K8W1Y2O2H9Y1E4N1F2N4D4R0T8D2,도시공원 및 녹지 등에 관한 법률 일부개정법률안,의결,2008-12-29,2009-12-08,대안폐기,"제안이유
  도시공원 및 녹지는 도시자연경관을 보호하고 공해나 재해를 방지함으로써 도시민의 건강·휴양 및 정서생활 향상을 도모하는 등 도시민의 삶의 질 향상에 중요한 기능을 하는 공공시설이며, 특히 도시공원은 어디에서나 쉽게 접근할 수 있는 주민들의 휴식공간임.
  도시공원은 2007년말 현재 전국에 1,179㎢가 지정되어 있으며, 이중 419㎢(35.5%)만 조성되어 있고, 나머지 대부분의 공원은 지자체의 열악한 재정여건으로 인하여 장기간 동안 미조성 상태로 방치되고 있는 가운데, 토지소유자의 재산권 행사가 제한됨으로서 각종 민원이 끊이지 않고 있는 실정임.
  또한, 도시공원을 설치하기 위해서는 공원녹지기본계획을 수립하여야 하고, 공원조성계획도 수립해야 하는 등 복잡한 체계와 절차를 거치도록 하고 있는데, 이러한 경직적인 공원조성체계와 복잡한 절차는 공원을 신속하게 조성하는데 지장을 초래하고 있음.
  따라서 공원조성체계를 탄력적으로 개선하고, 민간자본의 유인을 위한 인센티브 제공 등을 통해 장기간 미조성 공원을 조속히 해소하는 등 도시공원을 신속하고 지속적으로 조성·확충되도록 함으로써 민원해소에 기여함과 아울러 도시민의 삶의 질을 향상시키고자 함.
  이를 위해 국토해양부장관이 가지고 있던 공원녹지계획 승인권한을 폐지하는 등 각종 규제를 완화하는 한편, 민간이 도시공원을 조성하여 기부채납할 경우 공원부지의 일부에 대해 수익사업을 위한 개발을 허용하는 근거를 마련하는 등 현행 법률을 정비하여 공원녹지의 조성·확충이 원활히 이루어질 수 있도록 하여 저탄소 녹색성장에 기여하고자 함.
주요내용
  가. 도시공원의 신속한 조성을 위하여 개발제한구역 훼손지를 도시공원으로 복구하거나 10만제곱미터 이하의 공원을 신설하는 등의 경우에는 공원녹지종합계획 수립없이도 설치할 수 있도록 함(안 제5조제3항).
  나. 특별시장·광역시장 또는 시장(최초 수립하는 경우)이 공원녹지종합계획을 수립하는 경우 국토해양부장관의 승인을 받도록 하였으나, 지자체의 자율성 제고를 위해 국토해양부장관의 승인권한을 폐지하여 자체적으로 확정(시장은 도지사의 승인을 받아야 함)하도록 함(안 제9조).
  다. 공원시설부지면적의 규모가 3만제곱미터 이하인 경우로서 대통령령이 정하는 경미한 변경의 경우에는 도시공원위원회 심의를 생략하도록 하여 공원조성계획 변경절차를 간소화함(안 제16조의2제3항)
  라. 교통약자 이동편의시설을 설치 또는 개선하거나 기존 공원시설부지안에서 공원시설을 변경하는 등의 경우에는 공원조성계획을 수립하기 전이라도 도시공원위원회 심의를 거쳐 할 수 있도록 함(안 제19조제5항)
  마. 민간공원추진자가 도시공원을 조성하여 기부채납(공원면적의 70퍼센트 이상 기부채납하는 경우를 말한다)하는 때에는 다음 기준 등에 적합한 경우에 한하여 그 도시공원부지의 일부 또는 지하에 공원시설이 아닌 시설을 설치할 수 있도록 함(안 21조의2).
    1) 10만제곱미터 이상의 도시공원으로서 공원시설이 아닌 시설을 설치할 수 있는 부지의 규모는 다음과 같음.
      가) 주거지역·상업지역에서 설치가 허용되는 시설을 설치하고자 하는 경우 : 도시공원부지면적의 20퍼센트 이하 
      나) 녹지지역에서 설치가 허용되는 시설을 설치하고자 하는 경우 : 도시공원부지면적의 30퍼센트 미만
    2) 전체 공원의 경관 및 본질적 기능이 훼손되지 아니할 것 
    3) 공원시설이 아닌 시설의 종류 및 규모는 당해 용도지역에서 설치가 가능하거나 인접한 용도지역에서 설치가 가능한 건축물 또는 공작물로서 지방도시계획위원회 심의를 거친 것일 것
    4) 그 밖에 특별시·광역시·특별자치도·시 또는 군의 조례로 정하는 기준에 적합할 것
  바. 특별시장·광역시장·특별자치도지사·시장 또는 군수는 도시공원의 설치에 관한 도시관리계획이 결정된 후 공원조성사업이 시행되지 아니한 때에는 도시관리계획의 결정·고시일로부터 5년이 경과된 때에 도시공원의 필요성 여부 등을 재검토하여 도시공원의 지정을 해제하거나 조속한 공원조성사업을 추진하는 등 적절한 조치를 하도록 함(안 제48조의2제3항).","김무성,김성태,김영우,박민식,신성범,안상수,정희수",국토해양위원회
현기환,28,1801707,PRC_W0S8Z1C1U0Y3N1N7K4Z2L0F4K2G9Q9,개발제한구역의 지정 및 관리에 관한 특별조치법 일부개정법률안,의결,2008-11-03,2009-01-13,수정가결,"제안이유
  흔히 ‘대도시의 허파’라 불리우는 개발제한구역은 70년대에 5,397㎢(국토의 5.4%)가 지정된 이래 도시의 무분별한 확산방지와 도시 녹지공간 확보에 크게 기여하였으나, 도시용지의 원활한 공급에 제약 요인으로 작용하고 과도한 규제로 구역주민들의 생활불편 등의 문제가 있어 지난 ‘99년부터 정부는 구역행위규제를 합리화 하는 한편, 7대 중소도시 전면해제, 20호 이상 집단취락 우선해제 등 구역 조정을 추진하여 현재까지 총 1,457㎢를 해제된 바 있음. 그럼에도 불구하고 지난해부터 개발제한구역 이외에서는 산업용지 등의 도시용지를 사실상 확보하기 어려운 부산, 울산, 인천 등의 지자체로부터 지역경제 활성화를 위한 추가해제 요구가 지속적으로 제기되어 왔고, 구역의 추가해제를 내용으로 하는 각종법률안이 계속적으로 국회에 제출된 바 있음. 
  이에 정부는 지역별 역점사업의 추진내용, 가용지 현황, 개발수요 등을 고려하여 개발제한구역제도의 골격에 영향을 미치지 않는 범위안에서 지역경제 활성화와 서민주택 공급을 위하여 절실히 필요한 경우 보전가치가 낮은 일부 지역을 광역도시계획 변경 등의 일련의 절차를 거쳐 추가해제(전국적으로 34㎢～188㎢규모)할 수 있도록 하는 내용의「개발제한구역 조정 및 관리계획」(08. 9. 30)을 확정·발표한 바 있음.
  이번 조치에 따라 각 지역에서 추진하고 있는 각종 사업의 용지문제가 대부분 해소되어 개발제한구역 내에서 추가로 도시적 용지를 확보 할 필요가 없게 되었고, 보전가치가 높은 지역만 개발제한구역으로 남게 되므로 그러한 지역에 대하여는 더 이상의 훼손이 발생하지 않도록 하기 위하여 보다 철저한 보전과 관리대책을 강구할 필요가 있게 되었음. 
  그런데, 현재 개발제한구역 내에는 불법축사·창고 등으로 인해 상당한 지역이 훼손되어 있으나 이를 복구할 재원이 없어 사실상 방치되고 있으며, 공공·공익시설이 개발제한구역 내에 과도하게 입지(최근 7년간 설치된 707개의 1만㎡ 이상의 대규모 시설 중 76%차지)하여 구역을 크게 훼손시키고 있으며, 불법 건축물·토지형질변경 등 개발제한구역 내 각종 불법행위에 대하여 제재 수단이 미비하여 불법행위가 근절되지 않는 등의 문제가 발생하고 있음.
  이에 본 개정안에서는 개발제한구역 해제로 인해 상당한 개발이익을 얻게 되는 개발사업자로 하여금 그 개발과 연계하여 인근의 훼손지를 복구하게 하거나 복구에 필요한 비용을 부담하게 하는 등 훼손지 복구제도를 마련하는 한편, 공공·공익시설의 입지를 일부 조정하고 훼손 부담금의 감면을 폐지하여 무분별한 시설입지로 인한 구역 훼손이 최소화 되도록 하였으며, 불법행위에 대하여는 통고처분 제도 도입 등으로 실효성 있는 제재가 가능하도록 함으로서 구역의 철저한 보전·관리를 도모하였음.
   금번 개정안을 통해 평면적인 도시 확산을 방지하고 자연환경을 보전하려는 개발제한구역의 본래기능을 회복·유지하도록 하는 동시에 시민들의 친환경적인 녹지공간과 휴식공간을 보다 확충함으로써 도시의 건전한 발전과 도시민의 삶의 질 향상을 도모하고 지구 온난화에 대비한 탄소배출량 감소에도 크게 기여할 것으로 기대함.
주요내용
  가. 해제계획 입안시 구체적인 활용방안 및 훼손지 복구계획 수립(안 제4조제4항부터 제6항까지 신설)
    (1) 개발제한구역 해제를 위한 도시관리계획 입안시 대상지역에 대한 구체적인 활용방안, 개발제한구역 내 훼손지 복구계획 등을 제시하도록 하고, 훼손지 복구 면적은 해제대상지역 면적의 100분의 10부터 100분의 20까지의 범위 내에서 중앙도시계획위원회의 심의를 통해 결정함
    (2) 해제지역에 대한 개발사업에 관한 계획의 결정을 받은 자는 중앙도시계획위원회 심의를 통해 결정된 복구면적을 복구하여야 함
    (3) 중앙도시계획위원회에서 해당 시ㆍ군ㆍ구에 훼손지가 없는 등 부득이 한 사유를 인정받은 경우에는 복구계획을 제시하지 않거나 복구를 하지 않을 수 있도록 함
  나. 개발제한구역 내 공공·공익 시설의 허용대상을 축소·조정하기 위하여 대상 시설의 분류를 변경함(안 제12조제1항제1호가목부터 마목까지)
    (1) 공원, 녹지, 실외체육시설 등 개발제한구역의 존치 및 보전관리에 도움이 되는 시설
    (2) 도로, 철도 등 개발제한구역을 통과하는 선형시설과 이에 필  수적으로 수반되는 시설
    (3) 개발제한구역이 아닌 지역에 입지가 불가능하여 개발제한구역 내에 입지하여야만 그 기능과 목적이 달성되는 시설
    (4) 국방·군사에 관한 시설
    (5) 개발제한구역 주민의 주거·생활편익·생업을 위한 시설
  다. 허가 또는 신고사항 통보 등(안 제13조의2 및 제13조의3 신설)
    (1) 시장·군수·구청장은 허가나 신고 받은 내용을 국토해양부장관에 알리도록 함
    (2) 국토해양부장관은 개발제한구역을 보다 효율적으로 운영하기 위하여 개발제한구역 관리 전산망을 구성하여 운영할 수 있음
  라. 개발제한구역 훼손지 복구사업 및 주민에 대한 직접 지원(안 제16조)
    (1) 시·군·구청장은 기존 주민지원사업 이외에 개발제한구역 내 훼손지 복구사업을 시행할 수 있으며 국가에서 이에 대한 비용을 지원할 수 있도록 함
    (2) 주민지원사업 시행시 주민에게 학자금·법정 보험료 등을 보조할 수 있도록 하는 근거를 마련함 
  마. 개발제한구역 해제에 따른 보전 부담금 부과 등(안 제21조부터 제26조까지 개정)
    (1) 개발제한구역 훼손부담금을 개발제한구역의 보전 및 관리를 위한 개발제한구역 보전 부담금으로 그 명칭을 변경하고 개발제한구역 해제된 지역을 개발하는 사업자 중 훼손지 복구계획을 제시하지 못하거나 복구를 하지 않는 자에 대하여 보전 부담금을 부과함 
    (2) 해제에 따른 부담금은 해당 지역 개별공시지가 평균치의 100분 10에 개발사업 토지면적을 곱하여 산정
    (3)해제 부담금은 개발사업 결정 통보를 받은 즉시 부과하고, 납부기한은 부과한 날부터 6개월로 함. 다만, 부득이한 사유로 국토해양부장관의 허가를 받으면 1년 이내 범위에서 기한을 연장하거나 분할납부할 수 있도록 함 
    (4) 해제지역 개발사업 계획 결정이 취소되거나, 사업의 변경, 그 밖에 이에 준하는 사유로 부담금 대상면적이 감소하면 대통령령으로 정하는 바에 따라 부담금을 낸 자에게 그에 상당하는 금액을 돌려주도록 함  
    (5) 부담금은 기존 용도(주민지원사업, 토지매수, 기타 연구 조사·관리)외에 개발제한구역 훼손지 복구·공원화 사업·인공조림 조성·여가체육공원 조성, 불법행위 예방 및 단속에 사용할 수 있도록 함    
  바. 기존 훼손 부담금 감면 폐지 및 부과기준 조정(안 별표 신설)
    개발제한구역 내 입지시설에 대한 부담금 감면은 폐지하고 기존 시행령에 규정된 세부 시설별 부과율을 법률 별표로 별도 정리함
  사. 중앙토지수용위원회는 심리·의결사항을 직접 재결(안 제27조제2항)
    개발제한구역 내 보전부담금 등의 이의신청에 대하여 중앙토지수용위원회가 심리·의결이후에 재결까지 할 수 있도록 함(행정심판법 개정(‘08. 2)으로 재결청 개념 삭제에 따름)  
  아. 권한위임 대상에 지방 국토관리청의 장 포함(안 제29조제1항)
    국토해양부장관의 권한을 지방 국토관리청의 장이 위임받아 수행할 수 있도록 함 
  자. 불법행위 시정명령 대상 확대 등(안 제30조)
    (1) 불법행위에 대하여 시정을 명령할 수 있는 자를 현행 시장·군수 또는 구청장에서 국토해양부장관으로 변경함(시행령에서 지방 국토관리청의 장에게 위임)   
    (2) 시정명령을 받는 자는 불법 행위자 이외에 불법 건축물·공작물·토지 소유자, 관리자, 점유자 등으로 확대함
    (3) 시정명령 받는 불법행위에 허가를 받지 않거나 신고한 내용에 위반하여 한 행위를 포함
  차. 시정명령을 이행하지 않는 자에 대하여 이행강제금 부과(안 제30조의2 신설)
    (1) 위법건축물의 철거명령 등에 위반한 자에 대하여 1억원의 한도안에서 이행강제금을 부과함
    (2) 이행강제금 부과 전에 이행강제금 부과·징수의 뜻을 미리  계고하도록 하고 이행강제금의 부과는 문서로써 하도록 함
    (3) 이행강제금은 1년에 2회의 범위안에서 시정명령이 이행될 때까지 반복하여 부과·징수할 수 있도록 함
    (4) 시정명령 이행시에는 새로운 이행강제금 부과를 중지하되, 이미 부과된 이행강제금은 징수하고 납부기한 내 납부하지 아니하는 경우에는 국세 또는 지방세 체납처분에 따라 이를 징수함
    (5) 그 밖에 이행강제금의 부과기준 등 필요한 사항은 대통령령으로 정함
  카. 불법행위자 등에 대한 벌칙 세분화(안 제31조 및 제32조)
    (1) 기존에 개발제한구역 내 불법행위자에 대한 처벌을 세분화 하여 영리를 목적으로 또는 상습적으로 불법행위를 한 자에 대하여는 3년 이하의 징역 또는 3천만원 이하의 벌금에 처하고 단순 불법행위자는 1년 이하의 징역 또는 1천만원 이하의 벌금에 처하도록 함
    (2) 기존에 불법행위 시정명령 위반자에 대한 처벌을 세분화 하여  상습적 위반자에 대하여는 3년 이하의 징역 또는 3천만원 이하의 벌금에 처하고 단순 위반자는 1년 이하의 징역 또는 1천만원 이하의 벌금에 처하도록 함
  타. 양벌규정 수정 및 과태료 부과권자 변경 등(안 제33조 및 제34조)
    (1) 양벌규정을 과실유무에 따라 처벌하는 ‘책임주의’ 원칙에 부합되도록 개정(07. 11. 29 헌법재판소의 판결 취지에 따름)
    (2) 과태료 부과권자를 기존 시장·군수·구청장에서 국토해양부장관으로 변경하고 과태료 기본법인 「질서위반행위규제법」의 시행(‘08. 6. 22)에 따라 동법에서 과태료 부과, 징수 등의 절차를 별도로 규정할 필요가 없어 이를 삭제함
  하. 통고처분 등의 도입(안 제35조부터 제38조까지 신설)
    (1) 범칙행위, 범칙자, 범칙금을 정의하고 범칙행위에 대한 수사는 검사와 「사법경찰관리의 직무를 행할 자와 그 직무범위에 관한 법률」에 따라 개발제한구역 업무를 담당하는 공무원이 전속할 수 있도록 함
    (2) 범칙자로 인정되는 자에게는 범칙금을 낼 것을 통고하되, 범칙금의 액수는 위반정도에 따라 대통령령으로 정함
    (3) 범칙금의 납부 고지서를 받은 자는 10일 이내에 납부하고 불복하는 자는 이의를 제기할 수 있도록 함
    (4) 범칙금을 낸 자는 그 범칙행위에 대하여 다시 벌 받지 아니함","강성천,김무성,김옥이,신영수,유기준,윤석용,정희수",국토해양위원회
현기환,28,1801706,PRC_U0L8Z1N1Y0A3G1A7E4F0M3T2N9K8N3,도시재정비 촉진을 위한 특별법 일부개정법률안,의결,2008-11-03,2008-12-13,대안폐기,"제안이유 및 주요내용
  최근 도시재정비촉진사업의 시행이 예상되는 지역에 ‘분양권 확보’를 목적으로 토지의 분할, 건축물의 신축, 단독주택의 다세대주택으로 전환 등의 행위가 발생하여 토지 및 집값 상승의 원인이 될 뿐만 아니라, 조합원 수의 증가로 이어져 재정비촉진계획 수립 이후 「도시 및 주거환경정비법」에 의한 정비사업 시행에 대한 주민 동의를 어렵게 하고 사업성을 떨어뜨려 주택공급이 축소되는 등 사회문제로 발전하고 있으므로, 재정비촉진계획 고시 이전이라도 일정한 시점을 정하여 신축 주택의 분양권을 제한함으로써 부동산 투기세력의 유입을 근본적으로 차단하고 부동산 가격을 안정시켜 도시재정비촉진사업의 시행을 원활하게 하려는 것임(안 제33조).","강성천,김무성,김옥이,신영수,안상수,유기준,윤석용",국토해양위원회
현기환,28,1801705,PRC_U0N8Y1Z1D0H3D1Y7A3M9D1Y1K4P9U7,도시 및 주거환경정비법 일부개정법률안,의결,2008-11-03,2009-01-13,대안폐기,"제안이유
  최근 재개발, 재건축 등 도시정비사업의 ‘분양권 확보’를 목적으로 토지의 분할, 건축물의 신축, 단독주택의 다세대주택으로 전환 등의 행위가 발생하여 토지 및 집값 상승의 원인이 될 뿐만 아니라 조합원 수의 증가로 이어져 정비사업 시행에 대한 주민 동의를 어렵게 하고 사업성을 떨어뜨려 주택공급이 축소되는 등 사회문제로 발전하고 있으므로, 정비구역 지정·고시 이전이라도 일정한 시점을 정하여 행위를 제한하고 신축 주택의 분양권을 제한함으로써 부동산 투기세력의 유입을 근본적으로 차단하고 부동산 가격을 안정시켜 도시정비사업의 시행을 원활하게 하려는 것임.
주요내용
  가. 도시주거·환경정비기본계획을 공람중인 정비예정구역 또는 정비계획을 수립중인 지역에 대하여 지방자치단체장으로 하여금 3년 이내의 기간(1회에 한하여 1년의 범위 안에서 연장)을 정하여 건축물의 건축이나 토지의 분할 행위를 제한할 수 있게 함(안 제5조제7항 신설).
  나. 토지 또는 건축물을 하나의 세대 내에서 분할하여 수인의 토지등 소유자가 되거나, 조합이 설립된 이후 1인의 조합원으로부터 토지 또는 건축물이나 지상권을 양수하여 수인이 소유하게 되는 때에는 그 대표자 1인만을 조합원으로 인정하도록 함(안 제19조).
  다. 토지의 분할, 다가구주택의 다세대주택으로 전환, 다세대주택 또는 공동주택의 신축 등의 행위가 발생하는 경우, 정비계획의 고시가 있은 날의 다음날 또는 시·도지사가 투기억제를 위하여 기본계획 수립 후 정비구역 지정·고시 전에 따로 정하는 날의 다음날을 기준으로 건축물의 분양받을 권리를 산정하여 그 대표자 1인에게 부여하게 함(안 제50조의2 신설).","강성천,김무성,김옥이,신영수,안상수,유기준,윤석용",국토해양위원회
현기환,28,1801118,PRC_X0D8J1Q0W0E7M1I1L1Z9W2V2Q4Q1A8,도시재정비 촉진을 위한 특별법 일부개정법률안,의결,2008-10-07,2008-12-13,대안폐기,"제안이유
？？？？
  도시재정비촉진사업은 노후 된 주거환경을 개선하고 부족한 기반시설을 확충하는 등 상대적으로 낙후된 기성 시가지에 대한 체계적 개발을 목표로 하는 사업임. 그러나 재정자립도가 약한 지역의 경우 사업시행자의 부담만으로 기반시설을 확보하기 어렵다는 문제점이 있음.
  따라서 국가 또는 지방자치단체가 도시영세민을 집단 이주시켜 형성된 낙후지역 등 기반시설이 열악하여 사업시행자의 부담만으로 기반시설을 확보하기 어려운 경우로서 당해 기초자치단체의 재정자립도가 전국 평균 재정자립도의 절반에 미치지 못하는 곳에 대하여는 소요되는 비용의 100분의 10이상 100분의 30이하의 범위 내에서 기반시설의 설치비용의 국가지원을 의무화하여 해당지역 주민들의 부담을 최소화하고자 함.
주요내용
？？？？
  국가 또는 지방자치단체가 도시영세민을 집단 이주시켜 형성된 낙후지역 등 기반시설이 열악하여 사업시행자의 부담만으로 기반시설을 확보하기 어려운 경우로서 재정비촉진지구가 위치한 기초자치단체의 재정자립도가 전국 평균 재정자립도의 50%이하에 해당하는 경우 대통령령이 정하는 기반시설의 설치에 소요되는 비용의 100분의 10이상 100분의 30이하의 범위 내에서 지원하여야 함(안 제29조제1항 단서 및 제3호 신설).","강성천,권영진,김무성,김성곤,김성순,김성식,김성태",국토해양위원회
현기환,28,1800030,PRC_M0P8I0E6Y1Z2Z1H1Q1J2V3R7R2A7N9,각급 법원의 설치와 관할구역에 관한 법률 일부개정법률안,의결,2008-06-12,2011-12-29,대안폐기,"제안이유
=======
  부산광역시는 인구 361만명이 넘는 대도시로 법률수요에 있어 타 광역시에 비해 가장 많음에도 불구하고 지방법원본원과 동부지원 단 2개 법원만 설치되어 있어 소송수요를 감당하지 못하고 있는 현실이며, 이들 법원마저도 동부지역에 치우쳐 있어 부산전체 시민 3분의 1인 서부지역 약 120만 명의 주민들은 법률문제 해결에 많은 어려움과 불편을 겪고 있는 실정임. 
  또한, 부산지방법원의 경우, 그 관할 인구수, 법관 1인당 사건부담건수 등 여타 다른 지방법원에 비교하여 볼 때 상대적으로 높은 것은 물론, 향후 서부산권 개발에 따른 관할인구수 및 사건수의 급격한 증가로 인한 과밀화 현상의 심화와 질 낮은 법률서비스는 자명할 것이며, 이로 인해 지역간 균형의 격차는 더욱더 심해질 것임.
 이러한 문제를 근본적으로 해결하기 위해서 부산 서부지역에 지원을 설치함으로써 부산지방법원 본원의 관할 인구 및 사건수가 급증함에 따른 관할 사건을 적정하게 분산시키고, 지역주민들에게 소송 편의 등 효율적이고 양질의 법률서비스를 받도록 하여 지역주민들의 삶의 질 향상과 인간다운 삶을 보장하고 지역주민의 염원을 하루속히 해소하고자 하려는 것임. 
주요내용
=======
  부산광역시에 강서구·북구·사상구·사하구 및 서구를 관할하는 서부지원을 설치함(안 제2조제1항 별표 1).
-  --  -법률  제        호","강성천,김무성,김을동,김태환,서상기,송광호,유재중",법제사법위원회
