권영진,50,1814600,PRC_A1M2K0P2L0U2Z1Q6G3X0L1I6B8B5K9,폭력행위 등 처벌에 관한 법률 일부개정법률안,계류,2012-02-02,"","","","권영진,김무성,김세연,박민식,박보환,서상기,정갑윤",""
권영진,50,1814598,PRC_V1W2Q0C2T0W2M1C5R4K7K2Y1K2B8Q8,교원지위향상을 위한 특별법 일부개정법률안,계류,2012-02-02,"","","","권영진,김무성,김성식,김세연,박민식,박보환,서상기",""
권영진,50,1813577,PRC_I1G1P1F0D2I4P1P4S1W8W5V4O8N7H6,한국장학재단 설립 등에 관한 법률 일부개정법률안,계류,2011-10-24,"","","■ 제안이유 
  최근 대학등록금 부담 경감 대책의 일환으로 정부의 재정지원과 함께 대학의 자구적인 재원마련을 통한 학자금 지원대책이 추진되고 있음. 이에 따라 각 대학에서는 경제적 여건이 어려운 학생들이 우선적으로 학자금 지원 혜택을 받을 수 있도록 장학제도를 설계하고 하고 있으나, 실질적으로 경제적 수준을 판별하는 기초자료가 없어 곤란을 겪고 있음.
  이에 한국장학재단의 사업 범위에 고등교육기관의 등록금 및 학자금 지원에 필요한 관련 자료의 제공업무를 포함하고 대학생의 소득분위 정보를 해당 고등교육기관에 제공할 수 있도록 함으로써, 대학으로 하여금 학자금 지원 업무를 원활히 할 수 있도록 하여 대학생의 학자금 부담 경감을 도모하려는 것임.
  아울러 현재는 장학금 지원 및 학자금 대출 신청시 기초생활수급자 증명서·가족관계증명서 등 본인의 자격을 증명할 수 있는 각종 서류를 직접 제출토록 하고 있어 신청자의 불편이 발생하고 있으므로, 교육과학부기술장관 또는 재단이 자격 증명 등에 관하여 필요한 각종 서류를 관계 기관에 직접 요청하거나 관계 전산망을 이용하여 확인할 수 있도록 함으로써 신청자의 불편을 해소하려는 것임.
이 밖에도 해당 대학생 가구의 소득인정액 산정에 관한 업무를 보건복지부장관 등에게 위탁할 수 있도록 함으로써, 소득분위 산정 업무의 객관성 및 투명성을 제고하려는 것임.
■ 주요내용 
  가. 재단의 사업에 고등교육기관의 등록금 및 학자금 지원에 필요한 관련 자료의 제공을 추가함(안 제16조제1항제4호의2 신설).
  나. 교육과학기술부장관 및 재단으로 하여금 관계 행정기관 등에 기초생활수급자 증명서·한부모 가족 증명서 및 토지·건물 보유에 관한 자료 등 소득·재산·금융·납세·사회보험 관련 자료의 제출 및 관계 전산망의 이용을 요청할 수 있도록 함(안 제50조제1항 및 제2항).
  다. 교육과학기술부장관 및 재단으로 하여금 필요한 자료의 확인을 위하여 「사회복지사업법」제6조의2제2항에 따른 정보시스탬을 연계하여 사용할 수 있도록 함(안 제50조제3항 신설).
  라. 교육과학기술부장관 및 재단으로 하여금 대학생의 소득분위 정보를 해당 고등교육기관에 제공할 수 있도록 함(안 제50조제5항 신설).
  마. 교육과학기술부장관으로 하여금 필요한 자료의 제출 요청 및 금융정보 등의 제공 요청에 관한 업무를 보건복지부장관 또는 지방자치단체의 장에게 위탁할 수 있도록 함(안 제51조제1항 신설).","권영진,김세연,박보환,서상기,손숙미,신성범,안효대",교육과학기술위원회
권영진,50,1813056,PRC_V1K1S0L8L3G0M1P0F4B6P4H2N0U5K8,공유토지분할에 관한 특례법안,의결,2011-08-30,2011-12-29,수정가결,"■ 제안이유 
  2인 이상이 공동으로 소유하고 있는 토지의 경우, 공유자 전원(全員)의 동의가 있어야 공유토지에 대한 분할을 신청할 수 있을 뿐만 아니라 현행 「건축법」·「국토의 계획 및 이용에 관한 법률」·「집합건물의 소유 및 관리에 관한 법률」에 따라 기준면적에 미치지 못하게 분할할 수 없거나 아파트 등 집합건물의 대지에 대하여는 엄격한 분할요건이 적용되는 등, 권리행사에 상당한 제약을 받고 있는 실정임.
  이에 지난 1986년부터 1991년까지, 1995년부터 2000년까지, 2004년부터 2006년까지 총 세 차례에 걸쳐 「공유토지분할에관한특례법」을 시행하여 각각 10만6천 필지, 5만3천 필지, 2만9천5백 필지에 대한 토지분할 정리를 완료함으로써, 공유토지를 소유한 국민들의 불편을 해소한 바 있음.
  그러나 아직도 상당수의 국민들이 공유토지의 보유로 인해 불편을 겪고 있으므로 「공유토지분할에 관한 특례법」을 제정하여 한시적으로 시행함으로써 국민들의 토지 소유권행사와 토지 이용의 불편을 해소하는 동시에, 토지관리제도의 적정을 기하려는 것임.
  특히 「주택법」에 따른 사업계획의 승인을 얻어 건설된 주택단지 내의 유치원의 경우 부지의 공동소유로 인하여 적극적인 부지 활용에 제한을 받는 등 원활한 학습활동에 어려움을 겪고 있는 실정이므로, 이러한 부지에 대하여는 분할신청 요건의 완화를 통해 분할을 촉진시킴으로써 유치원 교육여건의 개선을 도모하려는 것임.
■ 주요내용 
가. 분할의 대상이 되는 토지는, 공유토지로서 공유자 총수의 3분의 1 이상이 그 지상에 건물을 소유하는 방법으로 1년 이상 자기지분에 상당하는 토지부분을 특정하여 점유하고 있는 토지에 한정하되, 「주택법」 제16조에 따른 사업계획 승인을 얻어 주택과 부대시설 및 복리시설로 분리되어 각각 관리되고 있는 공유토지 중 유치원의 운영을 위하여 점유하고 있는 토지는 분할의 대상이 되는 토지로 봄(안 제3조).
나. 공유토지의 분할은 각 공유자가 실제로 점유하고 있는 현재의 점유상태를 기준으로 하되, 서로 인접한 토지부분을 점유한 공유자가 그 점유상태와 달리 분할하기로 합의한 경우에는 그 합의에 따라 분할함(안 제5조).
다. 「국토의 계획 및 이용에 관한 법률」 제56조제1항제4호 및 「건축법」 제57조·「집합건물의 소유 및 관리에 관한 법률」 제8조 및 제19조에서 정하고 있는 토지분할제한에 관한 규정은 이 법에 의한 공유토지분할에 적용하지 아니함(안 제6조).
라. 공유토지분할에 관한 사무를 공정하게 심의·의결하기 위하여 지적소관청에 9인의 위원으로 구성되는 공유토지분할위원회를 둠(안 제9조 및 제10조).
마. 공유토지의 분할은 공유자가 공유자 총수의 5분의 1 이상 또는 20인 이상의 동의를 얻어 지적소관청에 신청할 수 있도록 하되, 「주택법」제16조에 따른 사업계획 승인을 얻어 주택과 부대시설 및 복리시설로 분리되어 각각 관리되고 있는 공유토지 중 유치원 부지에 대하여는 다른 공유자의 동의가 없어도 공유토지의 분할을 신청할 수 있도록 함(안 제14조).
바. 소관청은 분할신청을 받은 때에는 그에 대한 기초자료를 조사하여 5주 이내에 공유토지분할위원회에 회부하도록 함(안 제15조).
사. 공유토지분할위원회는 공유토지분할신청서를 회부 받은 날부터 5주 이내에 분할개시 여부를 결정하도록 하며, 분할개시결정이 있는 때에는 지적소관청으로 하여금 지체 없이 관할 등기소에 분할개시결정의 등기를 촉탁하도록 함(안 제16조).
아. 분할개시결정에 이의가 있는 공유자는 결정서정본이 송달된 날부터 3주 이내에 서면으로 이의신청을 할 수 있도록 하며, 공유토지분할위원회는 이의신청일로부터 5주 이내에 기각 또는 분할개시결정 취소를 결정하도록 함(안 제18조).
자. 분할개시결정에 대한 이의신청이 기각되는 경우 이에 불복하는 이의신청인은 그 결정서정본을 받은 날부터 3주 이내에 관할법원에 분할신청인을 상대로 이의의 소를 제기할 수 있음(안 제19조).
차. 분할신청기각결정 또는 분할개시결정취소결정에 불복이 있는 신청인은 각 결정서정본을 받은 날부터 3주 이내에 관할법원에 나머지 공유자 전원을 상대로 분할개시를 구하는 소송을 제기할 수 있도록 함(안 제20조).
카. 분할개시결정에 대하여 이의신청 기간 내에 이의신청을 하지 아니하거나 소를 제기하지 아니하는 등의 경우 그 분할개시결정은 확정되며, 확정된 뒤에는 공유자 전원의 합의가 있는 경우를 제외하고는 이 법에 의한 분할 외의 방법으로 분할할 것을 주장할 수 없도록 함(안 제21조).
타. 지적소관청은 분할개시결정이 확정된 경우 등에는 공유자별 공유지분 현황 및 그에 대한 이해관계, 공유자별 점유면적 등을 조사·측량하도록 함(안 제22조).
파. 지적소관청은 분할할 공유토지에 대한 조사·측량을 완료한 때에는 지체 없이 분할조서를 작성하여 공유토지분할위원회에 회부하고 의결을 얻도록 함(안 제26조).
하. 분할조서에 이의가 있는 공유자 및 이해관계인은 분할조서등본이 송달된 날부터 2주 이내에 서면에 의하여 지적소관청에 이의신청을 할 수 있도록 하며, 공유토지분할위원회는 이의신청일로부터 4주 이내에 인용여부를 결정하도록 함(안 제30조 및 제31조).
거. 분할조서에 대하여 이의신청 기간 내에 이의신청을 하지 아니하거나 제소기간 내에 소를 제기하지 아니하는 등의 경우 그 분할조서는 확정됨(안 제33조).
너. 지적소관청은 분할조서가 확정된 때에는 지체 없이 지적공부를 정리하고, 관할등기소에 분할등기를 촉탁하도록 함(안 제36조 및 제37조).
더. 공유자가 분할받을 토지의 면적과 등기부상의 각 공유지분 해당면적이 일치하지 아니하는 경우에는 확정된 분할조서에 기재된 내용에 따라 청산을 하고, 청산금액은 해당공유자간에 청산금에 관한 합의가 있는 경우에는 그 합의에 따르며, 합의가 없는 경우에는 대통령령이 정하는 기준에 의하여 산정하도록 함(안 제40조).
러. 속임수에 의하여 공유토지의 조사·측량에 착오를 발생하게 한 자는 2년 이하의 징역 또는 2천만원 이하의 벌금에 처하고, 공유토지의 조사·측량을 방해한 자는 1년 이하의 징역 또는 1천만원 이하의 벌금에 처하도록 함(안 제46조).
머. 이 법은 2012년 1월 1일부터 2014년 12월 31까지 3년간 효력을 가지는 한시법으로 함(안 부칙 제1항 및 제2항).","권영진,김세연,박민식,박보환,서상기,신성범,윤석용",국토해양위원회
권영진,50,1812091,PRC_O1S1D0N6G0A1L1R0P3C6B5X0Y5N4T2,학교폭력예방 및 대책에 관한 법률 일부개정법률안,계류,2011-06-01,"","","제안이유
현행 「학교폭력예방 및 대책에 관한 법률」에서는 학교폭력을 학생 간에 발생한 상해·폭행 등에 의하여 신체·정신 또는 재산상의 피해를 수반하는 행위로 정의하고 있음.
그러나 학생 간에 발생한 상해·폭행 등에 한정하여 학교폭력의 개념을 규정할 경우 학교폭력 예방 대책이 매우 제한적으로 수립·시행될 수밖에 없어, 예방 대책의 효과를 크게 기대하기가 어려울 것임.
뿐만 아니라 최근 들어 학생이 아닌 자에 의한 상해·폭행 사건 등으로 학생들이 심각한 피해를 입는 일이 증가하고 있어, 학교폭력 개념의 확대를 통한 보다 적극적인 예방 대책의 수립과 시행이 요구되고 있음.
이에 학교폭력의 정의를 학교 내외에서 학생을 대상으로 발생한 상해·폭행 등에 의하여 신체·정신 또는 재산상의 피해를 수반하는 행위로 그 범위를 확대하여 규정함으로써, 학생이 아닌 자에 의한 폭력에 대해서도 효과적으로 대처하려는 것임.
또한 교육과학기술부장관 및 교육감으로 하여금 학교폭력의 실태를 파악하고 효율적인 학교폭력 예방대책을 수립하기 위하여 학교폭력 실태조사를 실시할 수 있도록 하고 그 결과 지원이 필요하다고 인정되는 학교에 대해서는 컨설팅 등 행정적·재정적 지원을 할 수 있도록 규정함으로써, 학교폭력 예방의 효과를 높이고자 함.
아울러 학교폭력 예방업무의 효과적인 수행을 위하여 필요한 경우 정보통신망을 이용할 수 있도록 하고 이 경우 발생하는 전기통신역무 요금 등을 국가·지방자치단체 또는 교육감이 지원함으로써, 정보통신망을 이용한 학교폭력 예방 대책이 활성화될 수 있도록 하려는 것임.
이 밖에도 현재 각급학교에 배치돼 있는 배움터지킴이·학교보안관 등 학생보호인력의 배치 및 활용에 관한 법률적 근거를 마련하여, 이 사업이 안정적이고 효과적으로 운영될 수 있도록 하고자 함.
한편 학교 내외에 영상정보처리기기가 설치·운영되고 있음에도 불구하고 관제 인력의 부족 등으로 실시간 감시가 어려워 학교폭력에 적극적이고 신속하게 대응하기가 어려운 실정이므로, 학교 내외에 설치된 영상정보처리기기를 국가 또는 지방자치단체가 통합하여 관제할 수 있도록 함으로써 학교폭력 예방 효과를 높이는 동시에 학교 내외에서 발생하는 각종 사고에 대해 신속하게 대응할 수 있도록 하려는 것임. 아울러 이 경우 정보주체의 사생활 보호를 위하여, 통합 관제를 하려는 국가 및 지방자치단체로 하여금 관계 전문가 및 이해관계인의 의견 수렴 절차를 반드시 거치도록 하고 통합 관제 사실을 정보주체에게 알리도록 하려는 것임.
주요내용
가. 학교폭력의 정의를 학교 내외에서 학생을 대상으로 발생한 상해, 폭행, 감금, 협박, 약취·유인, 명예훼손·모욕, 공갈, 강요 및 성폭력, 따돌림, 정보통신망을 이용한 음란·폭력 정보 등에 의하여 신체·정신 또는 재산상의 피해를 수반하는 행위로 함(안 제2조제1호).
나. 가해 학생의 보호자가 가해 학생과 함께 봉사 또는 특별교육에 함께 참여하는 경우 조치이행기간 또는 특별교육 이수 기간을 경감할 수 있도록 함(안 제17조제9항 신설).
다. 교육과학기술부장관 및 교육감으로 하여금 학교폭력의 실태를 파악하고 효율적인 학교폭력 예방대책을 수립하기 위하여 학교폭력 실태조사를 실시할 수 있도록 함(안 제20조의3 신설).
라. 국가·지방자치단체 또는 교육감으로 하여금 학교폭력 예방 업무 등을 효과적으로 수행하기 위하여 필요한 경우 정보통신망을 이용할 수 있도록 함(안 제20조의4 신설).
마. 국가·지방자치단체 또는 학교의 장으로 하여금 학교폭력을 예방하기 위하여 학교 내에 학생보호인력을 배치하여 활용할 수 있도록 함(안 제20조의5 신설).
바. 국가 및 지방자치단체로 하여금 교육감과 협의하여 학교 내외에 설치된 영상정보처리기기를 통합하여 관제할 수 있도록 함(안 제20조의6 신설).","권영진,권택기,박보환,서상기,신성범,정갑윤,정두언",교육과학기술위원회
권영진,50,1812090,PRC_R1P1T0H6J0K1J1W0C3K2G4P6R3U4B8,지역특화발전특구에 대한 규제특례법 일부개정법률안,계류,2011-06-01,"","","제안이유
현행 「지역특화발전특구에 대한 규제특례법」은 지역특성에 맞는 선택적인 규제특례를 통하여 지역의 특화발전을 제도적으로 뒷받침하고 나아가 지역경제의 활성화와 국민경제의 발전을 그 목적으로 하고 있으며, 이 법에 따라 2011년 4월 현재 148개의 특구가 지정돼 운영되고 있음.
그러나 지역특화발전특구가 이 법에 따라 규제특례를 적용받을 수 있음에도 실제로는 해당 규제의 관리와 예산 지원을 담당하고 있는 관계 행정기관이 특례규정의 적용과 해당 특구에 대한 예산지원에 소극적이어서, 이 법의 목적인 지역의 특화발전과 지역경제의 활성화가 미진할 실정임.
뿐만 아니라 현재는 지식경제부장관이 특구위원회의 심의·의결 전에만 관계 행정기관과 협의하고 있을 뿐 특구 지정 후에는 그 사실을 관계 행정기관에 통보하지 않고 있어, 관계 행정기관으로 하여금 지역특화발전특구에 대하여 적극적으로 지원할 수 있도록 하는 기본적인 여건조차 마련돼 있지 않음.
이에 지식경제부장관이 지역특화발전특구를 지정한 경우 관계 행정기관의 장에게도 특구 지정 사실을 통보하도록 하고 특구 지정 사실을 통지받은 관계 행정기관의 장과 특구관할지방자치단체로 하여금 해당 특구에 대하여 우선적으로 예산을 지원할 수 있도록 함으로써, 지역특화발전특구에 대한 관계 행정기관과 관할 지방자치단체의 실질적인 지원을 강화하고 나아가 지역의 특화발전과 지역경제의 활성화를 도모하려는 것임.
아울러 현재 초·중등 교육과 관련하여서는 관할 시·도교육감이 각종 법령의 적용과 예산 지원에 있어 대부분의 권한을 가지고 있는 점을 감안하여, 초·중등 교육 관련 특화사업을 추진하려는 시장·군수·구청장으로 하여금 특구지정을 신청하기 전에 미리 관할 시·도교육감과 협의하도록 규정함으로써 보다 체계적인 특구계획이 수립되도록 하는 것은 물론 특구지정 이후 관할 시·도교육청의 실질적인 지원을 이끌어 내고자 하는 것임.
주요내용
가. 초·중등 교육 관련 특화사업을 추진하려는 시장·군수·구청장은 특구지정을 신청하기 전에 미리 관할 시·도 교육감과 협의하도록 함(안 제4조제3항 신설).
나. 지식경제부장관이 특구를 지정한 경우 관계 행정기관의 장(교육 관련 특화사업을 하는 특구를 지정한 경우 관할 시·도 교육감을 포함)에게도 통보하도록 함(안 제9조제2항).
다. 특구 지정 사실을 통지받은 관계 행정기관의 장과 특구관할지방자치단체의 장(초·중등 교육 관련 특구인 경우 특구 관할 시·도교육감을 포함)으로 하여금 해당 특구에 대하여 우선적으로 예산을 지원할 수 있도록 함(안 제14조제5항 신설).","권영진,권택기,김세연,김영우,박보환,신성범,정갑윤",지식경제위원회
권영진,50,1811709,PRC_U1V1D0Q5Z0N2E1P5Y5R6U5Q4X6K7K0,한국장학재단 설립 등에 관한 법률 일부개정법률안,계류,2011-05-02,"","","제안이유
  현재 한국장학재단으로부터 학자금 대출을 받은 대학생이 병역의무를 이행하기 위해 군복무를 하는 경우 군복무 중에도 대출이자가 발생하며 특히 일반학자금 대출을 받은 대학생은 군복무 중에도 매달 이자를 납부하여야 함.
 「대한민국 헌법」 제39조제2항이 ‘누구든지 병역의무 이행으로 인하여 불이익한 처우를 받지 아니 한다’고 명시하고 있음을 감안할 때, 병역의무를 성실하게 이행하고자 군복무 중인 학생들에게 대출이자 부담을 지우는 것은 부당하다 할 것이며 시급히 개선되어야 마땅함.
  이에 군복무 기간 동안 학자금 대출이자를 재단에서 지원하여 병역의무를 이행하고 있는 군입대자들의 대출이자 부담을 덜어주고 나아가 병역의무에 충실을 기하도록 하고자 함.
주요내용
  가. 재단은 「병역법」에 따른 징집·소집 또는 지원에 의한 입영기간 중 발생하는 학자금대출금 이자를 지원함(안 제24조의12 신설).
  나. 장학금계정의 용도에 「병역법」에 따른 징집·소집 또는 지원에 의한 입영기간 중 발생하는 학자금대출금 이자 지원을 추가하도록 함(안 제38조제1항제2호의2 신설).","권영진,김세연,김효재,신성범,이철우,이화수,조윤선",교육과학기술위원회
권영진,50,1811519,PRC_T1K1K0L4C1Y5E1K7B4W0N2J0U7V1B2,학교안전사고 예방 및 보상에 관한 법률 일부개정법률안,의결,2011-04-15,2011-12-30,대안폐기,"제안이유
  1969년 ‘자모교통지도반’으로 출범한 녹색어머니회는 지난 2006년 「비영리민간단체지원법」에 따라 비영리민간단체로 등록되었으며, 현재는 약 49만 여명의 학부모가 전국 약 71%의 초등학교에서 학생들의 등·하교시 교통지도활동에 자발적으로 참여하여 학생들의 안전사고 예방에 많은 기여를 하고 있음.
  그럼에도 불구하고 최근 자녀 수 감소에 따른 학부모의 무관심과 맞벌이의 증가로 학부모의 참여가 저조해 지고 있는 것은 물론 교육과학기술부 또는 교육청으로부터 교통사고 예방 봉사활동에 필요한 최소한의 예산도 지원받지 못하고 있음에 따라, 학생들의 안전사고 예방을 위한 자발적인 봉사 활동이 점점 위축되고 있는 실정임.
이에 교육과학기술부장관과 교육감으로 하여금 학생의 등·하교시 교통지도활동에 참여하는 비영리민간단체에 대하여 그 활동에 필요한 예산을 지원하도록 하고 녹색어머니회 회원도 학생들에 대한 안전교육에 참여할 수 있게 함으로써, 회원으로서의 사명감을 고취시키는 동시에 자발적인 참여의 확대를 통해 학생 안전사고 예방활동을 활성화시키려는 것임.
  아울러 학교장으로 하여금 녹색어머니회로부터 학생들의 안전사고 예방과 관련한 의견을 정기적으로 듣고 그 내용을 학교운영에 반영하도록 하며 또한 그 중 학생들의 안전사고 예방을 위하여 시장·군수·구청장 또는 관할 경찰서장의 협조가 필요하다는 의견을 들은 경우는 해당 기관에 협조를 요청하도록 하고 해당 기관은 특별한 사유가 없는 한 협조하도록 함으로써, 학생 안전사고 예방의 효과를 높이려는 것임.
주요내용
  가. 교육활동참여자도 안전교육을 담당할 수 있도록 함(안 제8조제4항).
  나. 학생의 등·하교시 교통지도활동에 참여하는 비영리민간단체에 대하여 교육과학기술부장관 및 교육감이 그 활동에 필요한 예산을 지원하도록 함(안 제10조의2제1항 신설).
  다. 학교장으로 하여금 비영리민간단체로부터 학생들의 안전사고 예방과 관련한 의견을 정기적으로 듣도록 하고, 그 내용을 학교운영에 반영하도록 함(안 제10조의2제2항 신설).
  라. 학교장이 교통지도활동에 참여하는 비영리민간단체로부터 학생들의 안전사고 예방을 위하여 시장·군수·구청장 또는 관할 경찰서장의 협조가 필요하다는 의견을 들은 경우, 해당 기관에 협조를 요청하도록 함(안 제10조의2제3항 신설).
  마. 학교장으로부터 학생들의 안전사고 예방을 위하여 필요한 요청을 받은 해당 기관은 특별한 사유가 없는 한 협조하도록 함(안 제10조의2제4항 신설).","권영진,권택기,김선동,김세연,김영우,서상기,장제원",교육과학기술위원회
권영진,50,1811002,PRC_T1H1L0T3O0D7M1R0C0D7Z1I9T0T3T6,한국장학재단 설립 등에 관한 법률 일부개정법률안,계류,2011-03-07,"","","제안이유
현재 대학 학자금 대출업무를 담당하고 있는 한국장학재단은 재단채 발행을 통해 학자금 대출에 필요한 재원을 조성하고 있으며, 채권의 원리금 상환에 대해서는 국가가 보증하고 있음.
그러나 많은 대학생들은 현행 학자금 대출금리가 높다는 이유로 학자금 대출을 기피하고 있으며, 실제로 현행 학자금 대출금리(2011년 1학기 현재 4.9%)는 다른 정책자금 금리(창업기업지원자금 3.28%, 소상공인지원자금 3.75%, 근로자·서민 주택전세자금 4.50%)보다 높은 실정임.
이는 한국장학재단채권의 원리금 상환을 국가가 보증하고 있음에도 불구하고 재단채의 특성상 국채보다 높은 금리로 채권을 발생할 수밖에 없을 뿐만 아니라, 재단의 손실을 정부가 보전하도록 의무화 돼 있지 않음에 따라 재단이 대손충당금을 적립할 목적으로 일정 가산금리를 대출금리에 포함시키고 있기 때문임.
이에 재단의 적립금으로 보전하지 못하는 손실에 대해서는 정부가 이를 보전하도록 의무화하는 동시에 국채발행을 통해 조성된 재원을 학자금 대출에 활용함으로써, 학자금 대출금리의 대폭 인하를 통한 학자금 대출자의 원리금 상환부담 경감 및 안정적인 대출금 상환을 도모하려는 것임.
아울러 당초 「취업 후 학자금 상환 특별법」 제정 당시에도 국채발행을 통한 대출재원 조성 방안이 논의된 바 있으나, 국가채무의 급격한 증가에 따른 대외신인도 저하를 우려하여 도입되지 못하였음. 그러나 최근 기획재정부가 추진중인 국가재정통계 개편안에 의하면 앞으로는 한국장학재단의 채무도 국가채무에 포함될 것으로 전망됨에 따라, 국채발행을 통해 학자금 대출재원을 조성하더라도 국가채무의 증가에 새로운 영향을 주지는 않을 것으로 예상됨.
주요내용
  가. 재단의 사업연도 결산에서 손실이 발생할 경우 재단 적립금으로 우선 보전하되, 부족할 경우 정부가 이를 보전하도록 함(안 제23조제2항).
  나. 학자금 대출자의 원리금 상환부담 경감과 안정적인 대출금 상환을 도모하기 위하여 정부로 하여금 국채발행을 통해 조성된 재원을 대출계정에 예탁할 수 있도록 함(안 제24조의3제4항 신설).","권영진,김선동,김세연,김영우,박보환,서상기,신성범",교육과학기술위원회
권영진,50,1811001,PRC_L1Y1E0G3H0G7U1M0B0Q5I3L4B8F5F2,공공자금관리기금법 일부개정법률안,계류,2011-03-07,"","","제안이유
현재 대학 학자금 대출업무를 담당하고 있는 한국장학재단은 재단채 발행을 통해 학자금 대출에 필요한 재원을 조성하고 있으며, 채권의 원리금 상환에 대해서는 국가가 보증하고 있음.
그러나 많은 대학생들은 현행 학자금 대출금리가 높다는 이유로 학자금 대출을 기피하고 있으며, 실제로 현행 학자금 대출금리(2011년 1학기 현재 4.9%)는 다른 정책자금 금리(창업기업지원자금 3.28%, 소상공인지원자금 3.75%, 근로자·서민 주택전세자금 4.50%)보다 높은 실정임.
이는 일부 정책자금의 경우 대출수요자에게는 재원조달금리보다 낮은 금리로 지원하는 대신 금리차이에 따라 발생하는 손실을 국가재정으로 보전하는 반면, 대학 학자금의 경우는 한국장학재단이 재단채 발행 등으로 조성하는 대출재원의 조달금리를 학자금 대출금리에 그대로 반영하고 있기 때문임.
더욱이 한국장학재단채권의 원리금 상환을 국가가 보증하고 있음에도 불구하고, 재단채의 특성상 국채보다 높은 금리로 발생할 수밖에 없기 때문에 수요자의 부담을 경감시키기에는 한계가 있음.
따라서 학자금 대출금리를 인하하기 위해서는 다른 정책자금과 같이 조달금리와 대출금리의 차이에 따라 발생하는 손실을 재정으로 보전하거나 학자금 대출재원의 조성방법을 변경하여야 하나, 금리 차이에 따른 손실을 재정으로 보전할 경우는 매년 상당 규모의 재정이 투입될 수밖에 없어 국가재정운용에 부담을 줄 우려가 있음.
이에 국채발행을 통해 조성된 재원을 학자금 대출에 활용하여 학자금 대출금리를 대폭 인하함으로써, 학자금 대출자의 원리금 상환부담 경감 및 안정적인 대출금 상환을 도모하려는 것임.
아울러 당초 「취업 후 학자금 상환 특별법」 제정 당시에도 국채발행을 통한 대출재원 조성 방안이 논의된 바 있으나, 국가채무의 급격한 증가에 따른 대외신인도 저하를 우려하여 도입되지 못하였음. 그러나 최근 기획재정부가 추진중인 국가재정통계 개편안에 의하면 앞으로는 한국장학재단의 채무도 국가채무에 포함될 것으로 전망됨에 따라, 국채발행을 통해 학자금 대출재원을 조성하더라도 국가채무의 증가에 새로운 영향을 주지는 않을 것으로 예상됨.
주요내용
  가. 총괄계정의 재원을 「한국장학재단 설립 등에 관한 법률」에 따른 학자금대출계정에 예탁할 수 있도록 함(안 제3조제2항제2호의2 신설).
  나. 「한국장학재단 설립 등에 관한 법률」에 따른 학자금대출계정으로 예탁하는 예탁금의 이자율은 예탁직전 6개월간 입찰로 발행된 3년 만기 국고채권의 평균 낙찰금리로 함(안 제10조제1항제5호 단서 신설).","권영진,김선동,김세연,김영우,박보환,서상기,신성범",기획재정위원회
권영진,50,1810940,PRC_I1V1R0H2I2X8R0A9W5Z2P0K7B5D4F5,노인복지법 일부개정법률안,의결,2011-02-28,2011-03-11,대안폐기,"제안이유 및 주요내용
  노인복지주택은 노인에게 안락한 주거시설과 일상생활의 편의를 제공하기 위하여 1989년에 제도가 도입된 이후 1993년에는 임대형, 1997년에는 분양도 허용됨에 따라 민간건설업체가 서로 경쟁적으로 진입하여 수요자를 모집하다 보니 본래 제도의 취지에 반하게 분양·임대함으로써 입주자에게 정보를 왜곡하여 과대광고 하는 등의 행위로 인해 선의의 피해자가 발생한 바 있음.
  또한 법률 제8608호 노인복지법의 개정일인 2007년 8월 3일 당시 이전의 건축법에 의해 허가되거나 주택법에 의해 사업계획이 승인된 노인복지주택은 매매 등에 있어 자격요건이 없어 자유로운 거래가 가능하였으나, 이후 노인복지주택 입소자격을 제한함과 동시에 소유 역시 입소자격과 유사하게 제한을 함으로서 다수의 피해자들이 발생하게 되었음. 이에 실제 선의의 피해를 보게 된 입주자들을 구제하기 위하여 부칙을 신설하여 보다 현실적인 법적용을 기하고자 함(법률 제8608호 노인복지법 일부개정법률 부칙 제3조 개정 및 제4조의2과 제4조의3 신설).","구상찬,권영진,김선동,김성식,김성태,김세연,김영우",보건복지위원회
권영진,50,1810340,PRC_S1H0S1M2L1N7F1G3S3M2M0O4C5N4D1,교육공무원법 일부개정법률안,의결,2010-12-17,2011-06-23,대안폐기,"제안이유 및 주요내용
  교육공무원이 아닌 공무원은 질병 등으로 장기 요양이 필요하여 6개월 이상 휴직하면 휴직일부터 그 휴직자의 직급 또는 상당 계급에 해당하는 정원이 따로 있는 것으로 보고 결원을 보충할 수 있도록 하고 있으나, 교육공무원의 경우에는 해당 규정이 없어 학교운영을 책임지는 교장 또는 교감이 질병으로 6개월 이상 휴직하는 경우에는 결원 보충이 안 되어 학교 운영에 차질을 빚는 경우가 발생함. 
  이에 교육공무원이 질병으로 6개월 이상 휴직하는 경우에도 해당 직급에 해당하는 교육공무원으로 결원을 보충할 수 있도록 하여 업무공백이 발생하지 않도록 하려는 것임(안 제53조제2항).","권영진,권택기,김성태,김세연,김영우,박민식,신성범",교육과학기술위원회
권영진,50,1809779,PRC_P1O0C1P1U0L3H1M3L2F1P4R6V6X1C2,조세특례제한법 일부개정법률안,의결,2010-11-03,2011-12-30,대안폐기,"제안이유
정부는 지난 2008년 이후 학교다양화 정책의 하나로서 이론과 실기를 겸비한 한국형 마이스터(Meister) 양성을 목표로 마이스터고등학교 설립을 추진해 왔음.
올해 3월 처음으로 전국에서 21개의 마이스터고등학교가 개교하였으며, 정부는 2012년까지 50개교로 확대하겠다는 계획을 가지고 있음.
마이스터고등학교는 관련분야 산업체와의 협약 및 지자체의 지원과 함께, 산업계의 요구에 부응하는 학과개편·교육과정 개발·겸임교사 초빙 등을 통해 철저하게 산업수요 맞춤형 교육과정으로 운영되고 있음.
또한 정부가 마이스터고등학교를 지정함에 있어서도 졸업생의 산업체 연계 채용이 가능한 학교를 우선적으로 지정함에 따라 고교생의 원활한 직업세계 이행에도 많은 도움이 될 것으로 예상되며, 지난 2010학년도 입시에서는 3.55:1의 경쟁률을 기록하는 등 많은 호응을 얻고 있음.
고등학생의 대학진학률이 81.9%에 이르고 있는 우리나라의 교육현실에 비추어 볼 때, 마이스터고등학교의 출범과 발전은 학력지상주의에서 벗어나 자신의 적성에 따라 진로를 결정하는 계기를 마련했다는 점에서 중요한 의미를 가지고 있음.
그럼에도 불구하고 현행 「조세특례제한법」에서는 대학에 시설비·교육비·장학금 등을 기부하거나 맞춤형 교육비용을 지급할 때에만 소득공제·손금산입 또는 세액공제 등의 세제혜택을 지원할 뿐, 마이스터고등학교의 직업교육훈련과정 운영을 위한 비용지원·시설투자 등에 대해서는 세제혜택이 주어지지 않고 있음.
따라서 마이스터고등학교에 대한 개인과 법인의 기부 및 투자에 대해서도 소득공제·손금산입·세액공제 등의 세제혜택을 줌으로써, 연계 산업체의 투자 활성화를 통해 마이스터고가 한국형 마이스터 양성이라는 목표를 달성할 수 있도록 하려는 것임.
아울러 마이스터고등학교 졸업 후 관련 산업체로의 조속한 취업을 유도하기 위하여 내국인이 마이스터고등학교 졸업자 중 병역미필자를 채용한 후 군 복무 전까지 급여를 지급하는 경우 지급한 급여총액의 100분의 50에 해당하는 금액을 해당 과세연도의 소득 또는 종합소득금액에서 공제토록 함으로써, 마이스터고등학교의 설립·운영 효과를 극대화하려는 것임.
주요내용
가. 마이스터고등학교에 지출하는 기부금은 종합소득금액에서 공제하거나 손금에 산입함(안 제73조제1항제14호의2 신설).
나. 마이스터고등학교에 지급하는 맞춤형 교육비용에 대하여는 연구·인력개발비에 대한 세액공제를 준용함(안 제104조의22제1항 신설).
다. 마이스터고등학교에 연구 및 인력개발을 위한 시설을 기부하는 경우 그 기부금액의 100분의 10에 상당하는 금액을 소득세 또는 법인세에서 공제함(안 제104조의22제2항 신설).
라. 마이스터고등학교를 졸업한 자 중 병역미필자를 채용한 후 군 복무 전까지 급여를 지급하는 경우 지급한 급여총액의 100분의 50에 상당하는 금액을 해당 과세연도의 소득 또는 종합소득금액에서 공제함(안 제104조의22제3항 신설).","권영진,김선동,김성식,김세연,박민식,박보환,신성범",기획재정위원회
권영진,50,1809777,PRC_L1Y0P1U1Q0V3I1G1W3S3N0M4Z4A5E5,지방교육재정교부금법 일부개정법률안,계류,2010-11-03,"","","제안이유
우리나라의 연간 유치원비(’09년 전국 사립유치원 연간 종일제 유치원비 기준 449만원)는 국·공립 대학 연평균 등록금(’09년 기준 417만원)을 훨씬 상회하는 수준임.
그러나 현재는 만 3～5세의 유아 중 영유아가구 소득 하위 70%이하 가구의 유아에 대해서만 비용을 지원하고 있을 뿐만 아니라 이마저도 만 3～4세아에 대해서는 소득수준에 따라 차등하여 지원하고 있으며, 또 그 지원금액도 실제 유치원 이용금액의 15～55%에 불과한 실정임.
일례로 2009년 국정감사 자료에 따르면 서울지역 사립유치원의 월평균 종일반비는 43만원이나 되지만 교육청이 종일반을 이용하는 만 5세아에 대해서는 22만2천원을 지원하고 있어 실제 지원률은 51%에 불과한 수준이며, 심지어 영유아가구 소득 하위 60～70%에 해당하는 가구의 만 3세아에 대해서는 사립유치원 종일반비로 10만 7천원만 지원하고 있어 실제 유치원 이용료의 약 75%를 학부모가 부담하고 있음.
전체 영유아의 유치원·보육시설 이용률이 86%에 이르고 있는 상황에서, 이와 같은 유아교육비 지원은 영유아를 둔 대부분의 서민·중산층 가구에 많은 부담을 주고 있음.
더욱 우려스러운 것은 이러한 유아교육비 부담이 출산기피로 이어지고 있어 출산율 제고가 시급한 국가적 상황에 심각한 부담으로 작용하고 있다는 것임.
2009년 12월에 실시된 저출산 원인에 대한 국민여론조사 결과에서도 결혼 적령기인 20대와 30대 남성의 43.6%와 51.0%가 양육비 부담을 저출산의 가장 큰 원인이라고 답변하는 등 대부분의 여론조사에서 양육비와 교육비 부담이 저출산의 가장 큰 원인으로 분석되고 있음.
따라서 유아교육비 지원대상을 현재의 저소득층 위주에서 중산층까지 대폭 확대하는 동시에 지원수준도 유치원 실제 이용금액 수준인 표준교육비용으로 상향 조정함으로써 서민·중산층 가구의 유아교육비 부담을 완전히 해소하는 것은 물론 출산율 제고에도 도움을 주어야 할 것임.
아울러 2004년 「유아교육법」 제정 이후 현재까지 초등학교 취학 직전 1년의 유아교육에 대하여는 무상으로 한다는 기본원칙이 법률에 명시돼 있음에도 불구하고 현재는 영유아가구소득 하위 70% 이하 가구의 유아에 대해서만 유아교육비를 지원하고 있는 등 법률의 제정 취지에 비해 유아교육비 지원이 충분치 못한 실정인 바, 시급히 초등학교 취학 직전 1년의 유아교육에 대한 완전 무상교육을 실현할 필요가 있음.
이에 유아교육비의 재원인 지방교육재정교부금을 확충하기 위하여 지방교육재정교부금의 재원이 되는 내국세의 교부율을 인상하려는 것임.
주요내용
가. 지방교육재정교부금의 재원이 되는 내국세의 교부율을 현행 20.27%에서 20.72%로 인상함(안 제3조제2항제2호).
나. 다만 유아교육비 지원 확대에 따른 연도별 소요예산을 감안하여 내국세분 교부율을 단계적으로 상향 조정함(부칙 제2항).
참고사항
이 법률안은 권영진의원이 대표발의한 「유아교육법 일부개정법률안」(의안번호 제9775호)의 의결을 전제로 하는 것이므로 같은 법률안이 의결되지 아니하거나 수정의결 되는 경우에는 이에 맞추어 조정되어야 할 것임.","구상찬,권영진,김선동,김성식,김성태,박민식,서상기",교육과학기술위원회
권영진,50,1809776,PRC_V1F0Z1Y1E0X3N1T1E3K1A4L6M1X6S2,영유아보육법 일부개정법률안,계류,2010-11-03,"","","제안이유
  현행 「영유아보육법」에 따라 보육시설을 설치·운영하는 자는 시·도지사가 정하는 범위에서 보육료와 그 밖의 필요경비 등을 받을 수 있으며, 실제로 각 보육시설에서는 보육료 이외에 현장학습비, 특기활동비, 차량이용비, 방과후급식비, 수련회비 등 다양한 종류의 필요경비를 받고 있음.
  물론 시·도지사 또는 자치구의 장이 보육료와 필요경비의 수납한도를 정하고는 있지만, 서울시 일부 자치구(區)의 경우 2010년 기준 연간 필요경비 수납한도가 272만원에 달하고 있으며 여기에 매달 납부하는 보육료까지 포함하게 되면 연간 보육시설에 납부하는 금액은 최대 730만원(만0세아 기준)을 넘게 돼 영유아를 둔 학부모에게 있어 적지 않은 부담이 되고 있음.
  그러나 현재 정부와 지방자치단체는 만 0～5세의 영유아 중 영유아가구소득 하위 70% 이하 가구의 영유아에 대해 필요경비를 제외한 보육료만 지원하고 있을 뿐만 아니라, 이마저도 만0～4세아에 대해서는 소득수준에 따라 보육료를 차등하여 지원하고 있음. 
  위에서 언급한 일부 자치구(區)의 만0세아를 예로 들면, 보육료와 필요경비를 합하여 실제 보육시설에 매월 납부하는 보육비는 약 60만원이나 영유아가구소득 상위 30% 가구의 영유아는 보육료 지원을 전혀 받지 못할 뿐만 아니라 설령 보육료 지원을 받더라도 영유아가구 소득 하위 60～70%에 해당하는 영아는 매월 11만4천9백원밖에 지원을 받지 못해 실제지원비율은 약 19%에 불과한 실정임.
  결과적으로 영유아보육료를 지원받는 가구인데도 실제 보육시설 이용료의 약 81%를 학부모가 부담하고 있는 것임.
  전체 영유아의 유치원·보육시설 이용률이 86%에 이르고 있는 상황에서, 이와 같이 비싼 보육비와 정부·지방자치단체의 미비한 보육료 지원은 영유아를 둔 대부분의 서민·중산층 가구에 많은 부담을 주고 있음.
  더욱 우려스러운 것은 이러한 보육비 부담이 출산기피로 이어지고 있어, 출산율 제고가 시급한 국가적 상황에 심각한 부담으로 작용하고 있다는 것임.
  2009년 12월에 실시된 저출산 원인에 대한 국민여론조사 결과에서도 결혼 적령기인 20대와 30대 남성의 43.6%와 51.0%가 양육비 부담을 저출산의 가장 큰 원인이라고 답변하는 등, 대부분의 여론조사에서 양육비 부담이 저출산의 가장 큰 원인으로 분석되고 있음.
  이에 영유아보육비 지원수준을 보육시설 실제 이용금액 수준인 표준보육비용으로 상향 조정함으로써, 서민·중산층 가구의 보육비 부담을 완전히 해소하는 것은 물론 출산율 제고에도 도움을 주려는 것임.
  아울러 1997년 「영유아보육법」 개정 이후 현재까지 초등학교 취학 직전 1년의 유아 보육에 대하여는 무상으로 한다는 기본원칙이 법률에 명시돼 있음에도 불구하고 현재는 영유아가구소득 하위 70% 이하 가구의 유아에 대해서만 보육비를 지원하고 있는 바, 법률 제정의 취지에 맞게 초등학교 취학 직전 1년의 유아 보육에 대해서는 완전 무상보육을 실현하려는 것임.
주요내용
  가. 초등학교 취학 직전 1년의 유아와 장애아에 대한 보육은 무상으로 함(안 제35조제1항).
  나. 국가 및 지방자치단체가 보육비 지원 대상자에게 지원하는 비용은 표준보육비용으로 함(안 제35조의2제1항 신설).
  다. 표준보육비용은 보건복지부장관이 정하여 고시하되, 다음 연도의 보육비 예산안 편성에 반영될 수 있도록 미리 고시하도록 함(안 제35조의2제2항 신설).","구상찬,권영진,권택기,김선동,김성식,김성태,박민식",보건복지위원회
권영진,50,1809775,PRC_E1C0C1Y1K0P3R1O1J2C5O3M7N5K8P7,유아교육법 일부개정법률안,계류,2010-11-03,"","","제안이유
  우리나라의 연간 유치원비(’09년 전국 사립유치원 연간 종일제 유치원비 기준 449만원)는 국·공립 대학 연평균 등록금(’09년 기준 417만원)을 훨씬 상회하는 수준임.
  그러나 현재는 만 3～5세의 유아 중 영유아가구 소득 하위 70%이하 가구의 유아에 대해서만 비용을 지원하고 있을 뿐만 아니라 이마저도 만3～4세아에 대해서는 소득수준에 따라 차등하여 지원하고 있으며, 또 그 지원금액도 실제 유치원 이용금액의 15～55%에 불과한 실정임.
  일례로 2009년 국정감사 자료에 따르면 서울지역 사립유치원의 월평균 종일반비는 43만원이나 되지만 교육청이 종일반을 이용하는 만5세아에 대해서는 22만2천원을 지원하고 있어 실제 지원률은 51%에 불과한 수준이며, 심지어 영유아가구 소득 하위 60～70%에 해당하는 가구의 만3세아에 대해서는 사립유치원 종일반비로 10만 7천원만 지원하고 있어 실제 유치원 이용료의 약 75%를 학부모가 부담하고 있음.
  전체 영유아의 유치원·보육시설 이용률이 86%에 이르고 있는 상황에서, 이와 같이 미비한 유아교육비 지원은 영유아를 둔 대부분의 서민·중산층 가구에 많은 부담을 주고 있음.
  더욱 우려스러운 것은 이러한 유아교육비 부담이 출산기피로 이어지고 있어, 출산율 제고가 시급한 국가적 상황에 심각한 부담으로 작용하고 있다는 것임.
  2009년 12월에 실시된 저출산 원인에 대한 국민여론조사 결과에서도 결혼 적령기인 20대와 30대 남성의 43.6%와 51.0%가 양육비 부담을 저출산의 가장 큰 원인이라고 답변하는 등, 대부분의 여론조사에서 양육비와 교육비 부담이 저출산의 가장 큰 원인으로 분석되고 있음.
  이에 유아교육비 지원대상을 현재의 저소득층 위주에서 중산층까지 대폭 확대하는 동시에 지원수준도 유치원 실제 이용금액 수준인 표준교육비용으로 상향 조정함으로써, 서민·중산층 가구의 유아교육비 부담을 완전히 해소하는 것은 물론 출산율 제고에도 도움을 주려는 것임.
  아울러 1998년 유아교육진흥법 제정이후 현재까지 초등학교 취학직전 1년의 유아교육에 대하여는 무상으로 한다는 기본원칙이 법률에 명시돼 있음에도 불구하고 현재는 영유아가구소득 하위 70% 이하 가구의 유아에 대해서만 유아교육비를 지원하고 있는 바, 법률 제정의 취지에 맞게 초등학교 취학직전 1년의 유아교육에 대해서는 완전 무상교육을 실현하려는 것임.
주요내용
  가. 초등학교 취학직전 1년의 유아교육은 무상으로 함(안 제24조제1항).
  나. 무상교육 대상이 아닌 유아 중 유아교육비 지원대상자의 범위를 「국민기초생활보장법」에 따른 수급권자와 대통령령으로 정하는 저소득층 자녀에서 중산층으로 확대함(안 제26조제1항).
  다. 국가 및 지방자치단체가 유아교육비 지원 대상자에게 지원하는 금액은 표준교육비용으로 함(안 제26조의6제1항 신설).
  라. 표준교육비용은 교육과학기술부장관이 정하여 고시하되, 다음 연도의 유아교육비 예산안 편성에 반영될 수 있도록 미리 고시하도록 함(안 제26조의6제2항 신설).","구상찬,권영진,김선동,김성식,김성태,박민식,서상기",교육과학기술위원회
권영진,50,1808473,PRC_Y1J0A0M5U1E4I1Z4J3K3M4G4S1N9J1,소득세법 일부개정법률안,의결,2010-05-14,2010-12-08,대안폐기,"제안이유
  현재 교육과학기술부는 저소득층 학생 등 경제적으로 어려운 학생들이 학업을 중도에 포기하는 것을 방지하고 또 근로기회의 제공을 통해 취업능력과 현장적응력을 높일 수 있도록, 근로장학금을 지급하고 있음.
  이 근로장학금은 교내 또는 전공관련시설·사회복지시설에서 일하거나 멘토링을 통해 저소득층 학생지원사업에 참여하는 등의 근로를 대가로, 근로시간당 시간급을 합산하여 매월 학생들에게 지급돼 왔음.
  현재 기초생활수급자를 포함한 소득 3분위 이하의 저소득층 학생들에게 우선 지원되고 있으며, 2010년에는 2만5천명에게 750억원이 지원될 예정임.
  그러나 기획재정부가 현행 「소득세법」상 비과세소득 항목에 근로장학금이 포함돼 있지 않으므로 근로장학금이 과세소득에 해당한다는 유권해석을 내림에 따라, 보건복지부는 2010년 상반기부터 근로장학금 수입액을 실제소득으로 인정하고 있음.
  문제는 이 경우 기초생활수급자인 대학생이 근로장학금을 받게 되면, 소득인정액이 증가함에 따라 기초생활수급자의 범위에서 벗어나게 돼서, 그 동안 받아왔던 각종 지원혜택이 중단된다는 것임.
  이러한 이유로 교육과학기술부는 2010년 1학기 현재 근로장학금 신청 학생 중 기초생활수급자 대학생에게는 매월 근로장학금을 지급하지 않고 1학기 말에 일괄 지급할 계획을 세우고 있으며, 이 때문에 기초생활수급자인 대학생들은 매달 학비와 생활비 마련에 많은 어려움을 겪고 있음.
  근로장학금이 일반적인 장학금과는 달리 학생들의 근로에 대한 대가로 지급되는 실비지원 성격의 학자금이라고 볼 때, 이를 과세소득에 포함하여 소득인정액에 반영하는 것은 타당하지 않음.
  따라서 근로장학금을 비과세 근로소득으로 명문화으로써, 저소득층 대학생이 매월 근로장학금을 지급받아서 학비 및 생활비 걱정없이 학업에 전념할 수 있도록 하려는 것임.
주요내용
  비과세 근로소득에 저소득층에게 지급하는 근로장학금을 추가함(안 제12조제3호서목 신설).","권영진,권택기,김선동,김정훈,김태원,박보환,배영식",기획재정위원회
권영진,50,1808472,PRC_Q1P0X0E5L1N4C1B4R3E3Y0F7O7P9M7,한국교직원공제회법 일부개정법률안,의결,2010-05-14,2011-04-29,대안폐기,"제안이유
  한국교직원공제회는 교육기관·교육행정기관 또는 교육연구기관의 교육공무원·교원 및 사무직원 등으로 재직중이거나 재직하였던 사람들의 생활안정과 복지증진에 관한 업무를 수행할 목적으로 1971년 설립된 정부보장의 교직원 복지기관임.
  이에 따라 현재는 약 61만 여명의 회원을 대상으로 급여·대여 및 각종 복리후생사업 등 다양한 사업을 전개하고 있음.
  그러나 최근 한국교직원공제회의 이러한 공신력에 편승하여, 특정업체가 한국교직원공제회의 명칭과 매우 유사한 상호인 “대한교직원공제회 주식회사”를 설립한 후 “교직원공제회”라는 명칭을 사용하여 교직원을 대상으로 가입을 홍보하고 있음.
  이로 인해 적지 않은 교직원들이 대한교직원공제회를 한국교직원공제회로 혼동하여 대한교직원공제회에 가입하고 있으며, 다시 가입을 취소하는 데 따른 불편함을 겪는 것은 물론 심지어 자동이체 출금으로 피해를 입는 등, 일선 현장의 많은 교직원들이 혼란과 불편을 겪고 있음.
  이처럼 한국교직원공제회의 공신력을 이용한 특정업체의 과도한 영업활동으로 인해, 한국교직원공제회의 공익성과 신뢰성에 심각한 악영향이 미칠 것으로 우려되고 있음.
  이에 유사명칭 사용에 따른 일선 현장 교직원들의 오인·혼란을 방지하고 피해를 방지하기 위해 “한국교직원공제회” 또는 이와 유사한 명칭을 사용하지 못하도록 하고, 유사명칭을 사용한 자에 대하여는 과태료를 부과하려는 것임.
  아울러 현행 법률에는 임기가 만료된 임원이 후임자가 임명되기 전까지 직무를 수행할 수 있는 근거규정이 없어, 전임자의 임기만료일까지 후임자가 임명되지 못하는 경우 업무공백이 발생하고 있음.
  이에 「공공기관의 운영에 관한 법률」과 마찬가지로 임기가 만료되더라도 후임자가 임명될 때까지는 직무를 수행할 수 있도록 함으로써 업무공백을 최소화하려는 것임.
  이 밖에도 현재는 공제회의 회원가입 자격을 법률로만 규정하고 있기 때문에 회원가입 자격을 확대할 때마다 법률개정을 거쳐야 하는 등, 회원운영에 있어 상당한 시간적·물리적 소모가 불가피한 실정임.
  따라서 대의원회의 결의에 따라 일반회원 가입이 필요하다고 인정되는 사람에게도 가입자격을 부여할 수 있도록 함으로써, 공제회가 필요하다고 인정하는 잠재적 회원가입 자격자들의 신속한 회원가입을 도모하고자 함.
주요내용
  가. 한국교직원공제회 또는 이와 유사한 명칭을 사용하지 못하도록 함(안 제6조).
  나. 대의원회의 결의에 따라 일반회원 가입이 필요하다고 인정되는 사람에게도 일반회원 가입 자격을 부여함(안 제7조의2제2항제7호 신설).
  다. 임원의 임기는 3년으로 하되, 임기가 만료된 임원은 후임자가 임명될 때까지 직무를 수행할 수 있도록 함(안 제17조).","권영진,권택기,김선동,김정훈,나성린,박보환,이한성",교육과학기술위원회
권영진,50,1807588,PRC_C1O0O0Y2Z0C9C1J0B1H8K3U5A9G3F8,사립학교법 일부개정법률안,계류,2010-02-09,"","","제안이유
  현행 「사립학교법」 및 「초·중등교육법」에 따라 학교법인 또는 사립학교경영자는 기간제교원·산학겸임교사·명예교사·강사 등의 계약제교원을 채용하고 있음.
  이렇게 채용된 계약제 교원은 학생들의 소질계발과 실력향상은 물론 사교육비 감소에 도움을 주고 있는 것으로 평가받고 있는 방과후학교와 수준별이동수업 뿐만 아니라 기초학력 미달 학생들의 학력증진을 돕는 학습보조 인턴교사로도 활동하는 등, 사교육비 절감과 수월성 향상·학력증진 등 공교육 내실화에 있어 중요한 역할을 수행하고 있음.
  그럼에도 불구하고 현재는 임용기간이 1년 또는 한 학기 단위로서 비교적 짧고 기간제교원을 제외한 계약제교원의 근무경력은 교육경력으로 인정받지 못하는 등 인센티브가 미비하여 계약제교원 근무를 기피하고 있을 뿐만 아니라, 채용되더라도 교사 임용고사 준비 등 본인의 의지에 따라 짧은 기간 근무 후 학교를 떠나는 등 이직률이 높아 학생들에 대한 일관적이고 안정적인 학습지도가 어려운 실정임.
  실제로 2008년 1학기 고등학교 수준별이동수업에 참여했던 강사의 이직률을 보면 대구 42.4%, 경기 40.7%, 서울 37.9%, 경남 34.5%, 광주 33.3% 등 전국 평균 29.8%에 이르고 있음.
  더욱이 농산어촌 지역의 경우는 계약제 교원 채용에 지원(志願)할 인력이 적고 학교의 지리적 여건에 따른 원거리 출퇴근의 불편함을 이유로 지원(志願) 자체를 기피하고 있어, 방과후학교나 수준별이동수업 등의 프로그램이 제대로 운영되기도 어려운 실정임.
  이에 사립학교 교원의 신규채용시 계약제교원으로 근무한 경력이 있는 자에 대하여 우대할 수 있도록 함으로써, 우수인재의 계약제교원 참여를 유도하는 동시에 각종 교육프로그램의 활성화를 통해 공교육내실화를 도모하고자 하는 것임.
  아울러 계약제교원 경력자를 우대할 경우, 학교현장 교육경험을 갖춘 응시자의 채용기회가 확대돼 공교육의 질 제고도 기대할 수 있을 것임.
  이 밖에도 현재는 기간제교원의 임용사유를 교원의 휴직에 따른 결원을 보충하거나 특정과목을 한시적으로 담당하게 할 필요가 있는 때 등으로 제한하고 있어 학교장의 교원인력 활용이 효율적이지 못한 바, 학습보조 등 대통령령으로 정하는 특정업무를 담당하도록 할 필요가 있을 때에도 기간제교원을 임용할 수 있게 함으로써 학교의 자율성을 확대하는 것은 물론 방과후학교·수준별이동수업 등에도 기간제교원이 참여할 수 있게 하여 공교육 프로그램의 수준을 높이고자 하는 것임.
  또한 현재 기간제교원의 임용기간이 1년 이내로 돼 있고 필요한 경우 3년의 범위 안에서 연장하도록 하고 있어, 매년 재계약과 관련한 시비가 발생하는 것은 물론 안정적인 학습지도가 곤란하다는 문제점이 나타나고 있음. 이에 임용기간을 4년으로 하되 각 사유별로 임용기간을 적용함으로써, 기간제교원의 안정적인 채용을 통해 교육여건을 개선하려는 것임. 다만, 이 경우 정규교원의 채용을 기피하기 위한 목적으로 기간제교원만을 채용할 경우 교육의 질적 저하를 초래할 수 있으므로, 같은 학교에서의 임용기간을 4년 이내로 제한하고자 하는 것임.
주요내용
  가. 고등학교 이하 각급학교 교원의 신규채용에 있어 기간제교원 또는 산학겸임교사·명예교사·강사로 근무한 경력이 있는 자를 우대할 수 있도록 함(안 제53조의2제9항 후단 신설).
  나. 학습보조 등 대통령령으로 정하는 특정업무를 담당하도록 할 필요가 있을 때에도 기간제교원을 임용할 수 있도록 함(안 제54조의4제1항제4호).
  다. 기간제교원의 임용기간은 각 사유별로 4년 이내로 하되, 같은 학교에서의 임용기간은 4년을 초과할 수 없음(안 제54조의4제3항).
참고사항
  이 법률안은 권영진의원이 대표발의한 「교육공무원법 일부개정법률안」(의안번호 제7587호)의 의결을 전제로 하는 것이므로 같은 법률안이 의결되지 아니하거나 수정의결 되는 경우에는 이에 맞추어 조정되어야 할 것임.","권영진,권택기,김성태,김정훈,신성범,안홍준,이성헌",교육과학기술위원회
권영진,50,1807587,PRC_E1R0Z0L2U0Z9R1L0V1Z7L5J8V1K7F2,교육공무원법 일부개정법률안,계류,2010-02-09,"","","제안이유
  현행 「교육공무원법」 및 「초·중등교육법」에 따라 학교장은 예산의 범위안에서 기간제교원·산학겸임교사·명예교사·강사 등(이하 “계약제교원”이라 한다)을 채용하고 있음.
  이렇게 채용된 계약제 교원은 학생들의 소질계발과 실력향상은 물론 사교육비 감소에 도움을 주고 있는 것으로 평가받고 있는 방과후학교와 수준별이동수업 뿐만 아니라 기초학력 미달 학생들의 학력증진을 돕는 학습보조 인턴교사로도 활동하는 등, 사교육비 절감과 수월성 향상·학력증진 등 공교육 내실화에 있어 중요한 역할을 수행하고 있음.
  그럼에도 불구하고 현재는 임용기간이 1년 또는 한 학기 단위로서 비교적 짧고 기간제교원을 제외한 계약제교원의 근무경력은 교육경력으로 인정받지 못하는 등 인센티브가 미비하여 계약제교원 근무를 기피하고 있을 뿐만 아니라, 채용되더라도 교사 임용고사 준비 등의 이유로 짧은 기간 근무 후 학교를 떠나는 등 이직률이 높아 학생들에 대한 일관적이고 안정적인 학습지도가 어려운 실정임.
  실제로 2009년 1학기 고등학교 수준별이동수업에 참여했던 강사의 이직률을 보면 인천 42.1%, 전남 38.6%, 부산 37.0%, 서울 33.6%, 대전 32.5% 등 전국 평균 24.4%에 이르고 있음.
  더욱이 농산어촌 지역의 경우는 계약제 교원 채용에 지원(志願)할 인력이 적고 학교의 지리적 여건에 따른 원거리 출퇴근의 불편함을 이유로 지원(志願) 자체를 기피하고 있어, 방과후학교나 수준별이동수업 등의 프로그램이 제대로 운영되기도 어려운 실정임.
  이에 임용권자가 정하는 일정한 기간동안 계약제교원으로 근무한 경력이 있는 자와 그 중 임용권자가 정하는 지역에서 근무한 자로서 채용 후 그 지역에서 일정한 기간 동안 근무할 것을 조건으로 응시하는 자에 대하여 교사 신규채용시 가산점을 부여할 수 있도록 함으로써, 우수인재의 계약제교원 참여를 유도하는 동시에 각종 교육프로그램의 활성화를 통해 공교육내실화를 도모하고자 하는 것임.
  아울러 계약제교원 경력자에 대해서도 가산점을 부여할 경우, 이론과 학교현장 교육경험을 겸비한 응시자의 채용기회가 확대돼 공교육의 질 제고도 기대할 수 있을 것임.
  이 밖에도 현재는 기간제교원의 임용사유를 교원의 휴직에 따른 결원을 보충하거나 특정과목을 한시적으로 담당하게 할 필요가 있는 때 등으로 제한하고 있어 학교장의 교원인력 활용이 효율적이지 못한 바, 학습보조 등 대통령령으로 정하는 특정업무를 담당하도록 할 필요가 있을 때에도 기간제교원을 임용할 수 있게 함으로써 학교의 자율성을 확대하는 것은 물론 방과후학교·수준별이동수업 등에도 기간제교원이 참여할 수 있게 하여 공교육 프로그램의 수준을 높이고자 하는 것임.
  또한 현재는 기간제교원의 임용기간이 법률사항임에도 불구하고 시행령에 규정돼 있을 뿐만 아니라, 그 기간을 1년 이내로 하고 필요한 경우 3년의 범위 안에서 연장할 수 있도록 돼 있어 매년 재계약과 관련한 시비가 발생하는 것은 물론 안정적인 학습지도가 곤란하다는 문제점이 나타나고 있음. 
  이에 임용기간을 4년으로 하되 각 사유별로 임용기간을 적용하도록 법률에 규정함으로써, 기간제교원의 안정적인 채용을 통해 교육여건을 개선함과 동시에 법률적 미비사항을 정비하고자 하는 것임. 다만, 이 경우 정규교원의 채용을 기피하기 위한 목적으로 기간제교원만을 채용할 경우 교육의 질적 저하를 초래할 수 있으므로, 같은 학교에서의 임용기간을 4년 이내로 제한하고자 하는 것임.
주요내용
  가. 교사의 신규채용에 있어서 특정지역에 근무할 것을 조건으로 응시하는 자를 우대할 수 있도록 함(안 제11조제2항 신설).
  나. 임용권자가 정하는 일정한 기간동안 기간제교원 또는 산학겸임교사·명예교사·강사로 근무한 경력이 있는 자에 대하여도 교사의 신규채용시 제1차 시험성적 만점의 100분의 10 이내의 범위에서 가산점을 부여할 수 있도록 함(안 제11조의2제1항 및 별표 제7호·제8호 신설).
  다. 기간제교원·산학겸임교사·명예교사·강사로 근무한 경력에 따라 가산점을 받아 합격하는 사람의 수를 과목별 선발예정인원의 100분의 10 이내로 제한함(안 제11조의2제2항 신설).
  라. 학습보조 등 대통령령으로 정하는 특정업무를 담당하도록 할 필요가 있을 때에도 기간제교원을 임용할 수 있도록 함(안 제32조제1항제3호).
  마. 기간제교원의 임용기간은 각 사유별로 4년 이내로 하되, 같은 학교에서의 임용기간은 4년을 초과할 수 없음(안 제32조제4항 신설).","권영진,권택기,김성태,김정훈,신성범,안홍준,이성헌",교육과학기술위원회
권영진,50,1807580,PRC_S1S0Q0Y2V0G8D1W6Z0Z5X3T8J2Z9O4,지방공무원법 일부개정법률안,계류,2010-02-08,"","","■ 제안이유 
현행 「지방공무원 수당 등에 관한 규정」에 따라 근무성적·업무실적 등이 우수한 공무원에게는 성과상여금을 지급하고 있음. 아울러 성과상여금을 지급할 때에는 제도의 기본 취지에 맞도록 개인별·부서별 또는 지급단위기관별로 차등 지급하도록 규정하고 있음.
그러나 지방자치단체의 장이 행정안전부장관 또는 교육과학기술부장관과 협의하여 달리 정하는 경우는 예외적으로 균등 지급을 허용하고 있을 뿐만 아니라, 행정안전부장관이 정한 최하위등급의 인원비율을 지방자치단체의 장이 조정할 수 있도록 한 예외규정에 따라 실제로는 최하위등급에 해당하는 인원이 단 한 명도 없는 결과가 나타나는 등 성과상여금 제도가 본래의 취지에 맞지 않게 운영되고 있음.
이에 성과상여금을 지급할 때는 개인별·부서별 또는 지급단위기관별로 차등 지급하도록 하고 차등지급 시에는 지급등급별 인원비율 등 행정안전부장관이 정하는 필수사항을 준수하도록 하며 최하위 또는 최하위등급에 해당하거나 최하위 부서 또는 최하위 기관에 소속한 공무원에게는 성과상여금을 지급하지 못하도록 법률에 규정함으로써, 직무성과와 보상을 합리적으로 연계하는 성과시스템을 구축하는 동시에 일 잘하는 공무원이 대우받는 공직문화를 정착시키고자 하는 것임.
아울러 성과상여금을 균등 배분하는 등 제도의 취지에 맞지 않게 운영하는 지급단위기관에 대하여는 평가를 통해 성과상여금 예산의 전부 또는 일부를 교부하지 아니할 수 있도록 하고 지방자치단체의 장으로 하여금 성과상여금 지급결과를 매년 행정안전부장관에게 제출하도록 함으로써, 성과상여금 제도가 취지에 맞게 운영될 수 있는 여건을 조성하려는 것임.
■ 주요내용 
가. 성과상여금은 개인별·부서별 또는 지급단위기관별로 차등 지급하도록 하며, 이 때 지급등급별 인원비율 등 행정안전부장관이 정하는 필수사항을 준수하도록 함(안 제45조의2제2항).
나. 최하위 또는 최하위 등급에 해당하거나 최하위 부서 또는 최하위 기관에 소속한 공무원에 대하여는 성과상여금을 지급하지 아니함(안 제45조의2제3항 신설).
다. 성과상여금을 차등 지급하지 아니하는 등 성과상여금 제도를 취지에 맞지 않게 운영하는 단위기관에 대하여는 평가를 통해 성과상여금 예산의 전부 또는 일부를 교부하지 아니할 수 있음(안 제45조의2제4항 신설).
라. 지방자치단체의 장은 성과상여금 지급결과를 매년 행정안전부장관에게 제출하여야 함(안 제45조의2제5항 신설).
참고사항
  이 법률안은 권영진의원이 대표발의한 「국가공무원법 일부개정법률안」(의안번호 제7578호)의 의결을 전제로 하는 것이므로 같은 법률안이 의결되지 아니하거나 수정의결 되는 경우에는 이에 맞추어 조정되어야 할 것임.","권영진,권택기,김성태,신성범,이성헌,이인기,이해봉",행정안전위원회
권영진,50,1807579,PRC_N1V0W0D2C0V8T1E6O0V0C2P3R7R1G9,교육관련기관의 정보공개에 관한 특례법 일부개정법률안,의결,2010-02-08,2011-04-29,원안가결,"제안이유
  「교육관련기관의 정보공개에 관한 특례법」이 2008년부터 시행됨에 따라, 모든 초·중·고등학교와 대학교의 학교정보가 매년 홈페이지를 통해 공시되고 있음.
  이로 인해 교육행정의 효율성과 투명성이 개선되고 있는 것은 물론 교육수요자의 알 권리 충족과 학교선택에도 많은 도움을 주고 있음.
  그러나 최근 많은 대학들이 신입생 유치 등을 목적으로 대학 광고물과 입학 홍보물에 취업률과 장학금 혜택을 과장하여 게재하거나 허위로 게재하는 등 이 법에 따라 공시된 정보와 다르게 홍보함으로써, 학생과 학부모의 객관적인 대학선택에 많은 혼란을 초래하고 있음.
  더욱이 이 경우 현행 「표시·광고의 공정화에 관한 법률」에 따라 시정조치·임시중지명령·과징금 또는 벌금의 부과 조치만을 취할 수 있어, 재발방지 효과를 거두기가 어려운 실정임.
  아울러 서울시교육청이 2010학년도 고등학교 신입생부터 고교선택제를 도입함에 따라 앞으로는 고등학교 신입생 유치를 위한 고교 간의 홍보활동도 치열하게 전개될 것으로 예상되는 바, 대학교는 물론 고등학교에 대해서도 공시된 학교정보를 과장하여 활용하거나 학교정보와 다른 허위의 사실을 활용할 수 없도록 규정할 필요성이 있음.
  이에 학교의 장으로 하여금 학교를 홍보하거나 「표시·광고의 공정화에 관한 법률」에 따른 표시·광고를 함에 있어 공시된 학교정보와 다른 허위 또는 과장의 사실을 알리지 못하도록 하고, 이를 위반한 학교에 대해서는 우선 시정 또는 변경하도록 하되 만일 정당한 사유없이 시정하거나 변경하지 않는 경우에는 위반행위의 취소 또는 정지, 학생정원의 감축, 학급·학과의 감축·폐지, 학생모집의 정지 등 강력한 조치를 취할 수 있는 근거를 마련하고자 하는 것임. 
  또한 이 경우 그 위반사실을 정보공시 홈페이지에 공시하도록 함으로써, 허위·과장 광고로 인한 학생과 학부모의 피해를 사전에 방지하고 객관적인 학교선택에 도움을 주고자 하는 것임.
  아울러 이러한 제도를 시행하게 되면 부실사립대학의 허위·과장광고를 통한 신입생 유치를 차단하는 효과도 기대할 수 있어, 대학 구조조정 측면에서도 제도 도입이 반드시 필요할 것으로 판단됨.
주요내용
  가. 학교의 장은 학교를 홍보하거나 「표시·광고의 공정화에 관한 법률」에 따른 표시 또는 광고를 함에 있어 이 법에 따라 공개되거나 공시된 정보와 다르게 알려서는 아니됨(안 제10조의2제1항 신설).
  나. 이 법에 따라 공개되거나 공시된 정보와 다르게 학교를 홍보하거나 광고하여 시정 또는 변경 명령을 받은 학교의 장이 정당한 사유 없이 지정된 기간 내에 이행하지 아니하는 경우에는 위반행위를 취소 또는 정지하거나 해당 학교의 학생정원의 감축, 학급·학과의 감축·폐지 또는 학생모집의 정지 등의 조치를 취하도록 함(안 제10조의2제5항 신설).
  다. 교육과학기술부장관이 시정 또는 변경을 명령하거나 조치를 취한 때에는 그 사실을 학교정보공시 홈페이지의 초기 화면에 공시함(안 제10조의2제6항 신설).","권영진,권택기,김성태,김정훈,신성범,안홍준,이성헌",교육과학기술위원회
권영진,50,1807578,PRC_K1G0U0E2W0Z8O1E5M5W8M4Z5B2O2K3,국가공무원법 일부개정법률안,계류,2010-02-08,"","","제안이유
현행 「공무원수당 등에 관한 규정」에 따라 근무성적·업무실적 등이 우수한 공무원에게는 성과상여금을 지급하고 있음. 아울러 성과상여금을 지급할 때에는 제도의 기본 취지에 맞도록 개인별·부서별 또는 지급단위기관별로 차등 지급하도록 규정하고 있음.
그러나 소속 장관이 행정안전부장관과 협의하여 달리 정하는 경우는 예외적으로 균등 지급을 허용하고 있을 뿐만 아니라, 행정안전부장관이 정한 최하위등급의 인원비율을 소속 장관이 조정할 수 있도록 한 예외규정에 따라 실제로는 최하위등급에 해당하는 인원이 단 한 명도 없는 결과가 나타나고 있음.
특히 초·중·고등학교에 근무하는 교육공무원의 경우는 2009년 성과상여금 총액의 약 70%를 근무성적·업무실적 등과 상관없이 모든 교원에게 골고루 배분하는 등 성과상여금 제도가 본래의 취지에 맞지 않게 운영되고 있음.
이에 성과상여금을 지급할 때는 개인별·부서별 또는 지급단위기관별로 차등 지급하도록 하고 차등지급시에는 지급등급별 인원비율 등 행정안전부장관이 정하는 필수사항을 준수하도록 하며 최하위 또는 최하위등급에 해당하거나 최하위 부서 또는 최하위 기관에 소속한 공무원에게는 성과상여금을 지급하지 못하도록 법률에 규정함으로써, 직무성과와 보상을 합리적으로 연계하는 성과시스템을 구축하는 동시에 일 잘하는 공무원이 대우받는 공직문화를 정착시키고자 하는 것임.
아울러 성과상여금을 균등 배분하는 등 제도의 취지에 맞지 않게 운영하는 단위기관에 대하여는 평가를 통해 성과상여금 예산의 전부 또는 일부를 교부하지 아니할 수 있도록 하고 소속 장관으로 하여금 성과상여금 지급결과를 매년 행정안전부장관에게 제출하도록 함으로써, 성과상여금 제도가 취지에 맞게 운영될 수 있는 여건을 조성하려는 것임.
주요내용
  가. 성과상여금은 개인별·부서별 또는 지급단위기관별로 차등 지급하도록 하며, 이 때 지급등급별 인원비율 등 행정안전부장관이 정하는 필수사항을 준수하도록 함(안 제47조의2제2항 신설).
  나. 최하위 또는 최하위 등급에 해당하거나 최하위 부서 또는 최하위 기관에 소속한 공무원에 대하여는 성과상여금을 지급하지 아니함(안 제47조의2제3항 신설).
  다. 성과상여금을 차등 지급하지 아니하는 등 성과상여금 제도를 취지에 맞지 않게 운영하는 단위기관에 대하여는 평가를 통하여 성과상여금 예산의 전부 또는 일부를 교부하지 아니할 수 있음(안 제47조의2제4항 신설).
  라. 소속 장관은 성과상여금 지급결과를 매년 행정안전부장관에게 제출하여야 함(안 제47조의2제5항 신설).
참고사항
이 법률안은 권영진의원이 대표발의한 「지방공무원법 일부개정법률안」(의안번호 제7580호)의 의결을 전제로 하는 것이므로 같은 법률안이 의결되지 아니하거나 수정의결 되는 경우에는 이에 맞추어 조정되어야 할 것임.","권영진,권택기,김성태,신성범,이성헌,이인기,이해봉",행정안전위원회
권영진,50,1807577,PRC_N1K0G0Q2B0S8P1D5Y5Z8Z1E5A0U9G7,교육공무원법 일부개정법률안,계류,2010-02-08,"","","제안이유
  현행 「고등교육법」 및 「국·공립대학의 연구보조비 지급규정」에 따라 교육과학기술부장관은 국립대학에 근무하고 있는 교원들이 연구에 전념할 수 있도록 매년 연구보조비를 지급하고 있음.
  그러나 연구보조비 예산 중 약 87%는 교원의 교육·연구 및 봉사활동 등의 실적에 따라 지급하는 성과급으로서, 실제로는 정부가 연구보조비의 형식으로 국가공무원인 국립대학 교원에게 성과상여금을 지급하고 있는 것임.
  따라서 이 연구보조비는 국가공무원에게 지급하는 성과상여금의 취지에 맞게 근무성적이나 업무실적 등이 우수한 사람에게 지급되어야 하고 또 능력과 성과에 따라 차등지급 되어야 하나, 일부 대학의 경우 많게는 성과상여금 예산의 약 70%를 성과에 관계없이 모든 교원에게 일률적으로 지급하고 있는 등 성과상여금 제도가 취지에 맞지 않게 운영되고 있음.
  뿐만 아니라 국립대학 교원에게 지급되는 연구보조비가 실질적으로는 인건비임에도 불구하고 당초 제도 도입단계에서 예산과목상 보조금 성격의 민간이전비로 분류됨에 따라 현재는 예산적 근거도 없는 대학의 기성회 회장에게 교부되는 등 예산집행의 원칙과도 상충되는 문제가 있음.
  이에 국립대학 교원에게 지급하는 성과상여금을 교원의 교육 및 연구 활동 등 대학에서 정한 성과평가방법에 따라 전액 차등 지급하도록 하고 이 중 최하위등급에 해당하는 교원에 대하여는 성과상여금을 지급하지 못하도록 하며 성과상여금 예산의 전부 또는 일부를 일률적으로 지급한 국립대학에 대하여는 성과상여금 예산을 교부하지 못하도록 함으로써, 성과상여금 제도가 그 취지에 맞게 운영될 수 있도록 하고자 하는 것임.
  아울러 예산집행의 기본원칙에 맞게 인건비 성격인 성과상여금을 국립대학의 장에게 직접 교부하도록 이 법에 규정함으로써, 성과상여금 지급의 법률적 근거를 명확히 하고자 하는 것임.
주요내용
  가. 국립대학에 근무하는 교원들의 교육 및 학생지도 능력을 향상시킬 수 있도록 국립대학의 장에게 성과상여금을 교부할 수 있도록 함(안 제35조의2제1항 신설).
  나. 국립대학에 교부하는 성과상여금 예산은 해당 국립대학의 전년도 차등지급 실적에 따라 차등 교부하고, 성과상여금 예산의 전부 또는 일부를 일률적으로 지급한 국립대학에 대하여는 성과상여금 예산을 교부하지 못하도록 함(안 제35조의2제3항 신설).
  다. 성과상여금은 교원의 교육 및 연구 활동 등 대학에서 정한 성과평가방법에 따라 전액 차등 지급하며, 이 때 최하위 또는 최하위등급에 해당하는 교원에 대하여는 성과상여금을 지급하지 아니함(안 제35조의2제4항 신설).","권영진,권택기,김성태,신성범,이성헌,이인기,이해봉",교육과학기술위원회
권영진,50,1807576,PRC_G1L0I0R2B0D8G1I5U5K4N3N6H0I2Y1,고등교육법 일부개정법률안,계류,2010-02-08,"","","제안이유
  현행 「대학 수업료 및 입학금에 관한 규칙」에 따라 국·공립대학과 사립대학은 해당 학기 개시일 전 10일 이후에, 사립대학 중 산업대학·전문대학 및 원격대학 등은 해당 학기 개시일 전 60일 이후에 수업료를 징수할 수 있음. 또한, 국·공·사립대학의 신입생에 대하여는 예외적으로 해당 학기 개시일 전 60일 이후부터 수업료를 징수할 수 있음.
  그러나 정부가 맞춤형 학자금 지원을 위해 설립한 한국장학재단의 장학금 지원 및 학자금 대출 개시일은 해당 학기 개시일 전 40일경으로서, 현행 수업료 징수기일에 의하면 국·공·사립대학 입학예정 학생과 사립대학 중 산업대학·전문대학 및 원격대학 재학생은 수업료 등 등록금을 한국장학재단으로부터 대출받지 못하게 되는 문제점이 발생하고 있음.
  특히 그 중 가정 형편이 어려운 저소득층과 중산층의 경우는 금융기관 등으로부터 대출을 받는 등 학자금 마련에 많은 부담을 가질 수밖에 없는 실정임.
  이에 대학의 수업료 징수일을 한국장학재단의 장학금 지원 및 학자금 대출 개시 시점 이후로 정함으로써, 저소득층과 중산층의 대학 등록금 마련 부담을 덜어 주고자 하는 것임.
  아울러 수시모집 합격생에 대하여는 수시모집·정시모집·추가모집간 복수지원을 방지하고 대학의 원활한 입학정원관리를 위하여 예외적으로 해당 학기의 개시일 전 30일 이전에도 수업료와 입학금을 징수할 수 있도록 하되, 한국장학재단으로부터 학자금을 대출받지 못할 수도 있다는 점을 감안하여 그 금액을 해당 학기의 등록기간 중 납부하여야 할 총금액의 100분의 10 이내의 범위에서 정하도록 함으로써 학자금 마련 때문에 학생과 학부모가 큰 부담을 갖는 일이 없도록 하려는 것임.
  더불어 한국장학재단이 장학금 지원 및 학자금 대출을 실시하는 데 있어서도 이 법에 규정된 대학의 수업료 징수기일을 우선적으로 고려하도록 법률에 규정함으로써, 한국장학재단이 맞춤형 학자금 지원이라는 제 기능을 충실히 수행할 수 있는 여건을 조성하고자 하는 것임.
주요내용
  가. 대학 수업료 및 입학금의 징수기일을 해당 학기의 개시일 전 10일 이후로 정하도록 하되, 사립대학 중 산업대학·교육대학·전문대학과 원격대학의 수업료 및 입학금 징수기일은 해당 학기의 개시일 전 30일 이후로 정함(안 제11조제7항 신설).
  나. 모든 대학의 제1학년과 원격대학의 3학년 별도편입학생의 최초 수업료 및 입학금의 징수기일은 해당 학기의 개시일 전 30일(원격대학의 장은 60일) 이후로 정함(안 제11조제8항 신설).
  다. 수시모집 합격자에 대하여는 예외적으로 해당 학기의 개시일 전 30일 이전에도 수업료와 입학금을 징수할 수 있도록 하되, 그 금액은 해당 학기의 등록기간 중 납부하여야 할 총금액의 100분의 10 이내의 범위로 함(안 제11조제9항 신설).
  라. 한국장학재단은 장학금 지원사업 및 학자금 대출사업을 수행하는 데 있어 대학의 수업료 등의 징수기일을 우선 고려하도록 함(안 제11조제10항 신설).","권영진,권택기,김성태,김정훈,신성범,안홍준,이성헌",교육과학기술위원회
권영진,50,1807239,PRC_C0M9A1W2J3L0N1T0T0R8V4Q5K3V1E4,한국장학재단 설립 등에 관한 법률 일부개정법률안,의결,2009-12-30,2010-01-18,대안폐기,"제안이유
  한국장학재단은 맞춤형 학자금 지원체계를 구축함으로써 경제적 여건에 관계없이 누구나 의지와 능력에 따라 고등교육의 기회를 가질 수 있도록 지원하기 위하여 2009년에 설립되었음.
  재단은 학자금 대출에 소요되는 자금을 채권발행을 통해 조달하고 있으며, 취업 후 학자금 상환제도가 최초로 도입될 예정인 2010년의 경우 재단이 조달해야 할 자금은 모두 9조 4천억원에 이를 것으로 예상됨.
  그러나 현재는 학자금 대출에 소요되는 자금을 채권발행으로만 조달하고 있기 때문에, 한국장학재단의 채권 발행 규모와 시기 측면에서 볼 때 시장상황의 변동에 탄력적으로 대응하기 어렵고 이로 인해 채권 발행 금리를 인하하기 위한 노력이 상당히 제한적일 수밖에 없는 실정임.
  문제는 채권 발행 금리와 학자금 대출 금리는 직결되기 때문에, 현재 여건에서는 한국장학재단의 의지로 학자금 대출 금리를 낮추기가 어렵다는 것임.
  이에 정부 출연금 외에 금융기관으로부터의 차입 또는 유동화, 고등교육기관 여유자산의 예치 등의 방법으로도 자금을 조달할 수 있도록 함으로써, 채권발행의 시기 및 규모의 유연성을 확보하여 채권 발행 금리를 최소화하는 동시에 재원조달을 다양화하고자 하는 것임. 이 경우 현재보다 약 1.4～2.0%p 낮은 금리로 학자금을 대출해 줄 수 있을 것으로 기대됨.
  이 밖에도 재단 보증채무의 주채무자에게 부과하는 손해금으로 인하여 채무자의 상환부담이 가중되고 결과적으로 상환률이 떨어지고 있는바 손해금의 전부 또는 일부를 감면할 수 있도록 함으로써 주채무자의 상환율을 높여 재단의 재정 건전성을 높이고자 하는 것임.
  아울러 2005년 2학기에 도입된 정부보증 학자금의 원금 상환기간이 도래함에 따라 채권보전활동 및 소송 등 재단의 법률업무가 급증할 것으로 예상되는바, 이사장으로 하여금 재단의 업무에 관하여 대리인을 선임할 수 있도록 함으로써 관리업무의 효율성을 높이고자 하는 것임.
주요내용
  가. 이사장으로 하여금 재단의 업무에 관하여 재판상 또는 재판 외의 행위를 할 수 있는 권한을 가진 대리인을 선임할 수 있도록 함(안 제10조의2 신설).
  나. 채권 발행시기 및 발행규모의 유연성을 확보하여 채권 발행 금리를 최소화할 수 있도록 금융기관으로부터 자금을 차입할 수 있는 근거를 마련함(안 제17조의2 신설).
  다. 채무자의 상환부담 경감을 통해 상환의욕을 높임으로써 재정 건전성을 유지할 수 있도록 손해금의 전부 또는 일부를 감면할 수 있는 근거를 마련함(안 제43조제2항 신설).","권영진,김선동,김세연,박보환,신성범,이철우,임해규",교육과학기술위원회
권영진,50,1807000,PRC_T0V9O1X2F1K5J1S6R2A5V2M1D8D2Y2,국유재산법 일부개정법률안,계류,2009-12-15,"","","제안이유
  현행법에 따르면 국가외의 자가 허용을 받고 국유지에 영구시설물을 축조하는 경우에는 사전에 철거 등 원상회복에 필요한 비용의 상당액에 대하여 이행을 보증하는 조치를 하도록 의무를 부과하고 있음.
  이에 지방자치단체가 국유지에 영구시설물을 축조할 때에는 그 원상회복 이행 보증 조치 의무를 면제받도록 하여 지역 공공시설 설치사업을 수행함에 있어 다소나마 부담을 경감하여 주려는 것임.
주요내용
  국가외의 자가 국유재산에 영구시설물을 축조하도록 허용받고 실시함에 있어 원상회복 이행 보증 조치를 하여야 하는 의무를 지방자치단체의 장은 면제시켜 주도록 함(안 제18조제2항 단서 신설).","권영진,권택기,김선동,김성태,남경필,박민식,신성범",기획재정위원회
권영진,50,1806823,PRC_X0D9P1M2K0L3U1W4W5T1J0Y8G0L3E0,국회의원수당 등에 관한 법률 일부개정법률안,계류,2009-12-03,"","","제안이유 및 주요내용
  국회의원에게 수당 및 입법활동비 등을 지급하는 것은 국민에게 봉사하는 국회의원의 직무활동과 품위유지에 필요한 최소한의 실비(實費)를 보전하기 위한 것임. 그러나 현행법은 정치적 이유 또는 그 밖의 이유로 원(院)구성이 지연되거나 국회의원이 범죄 또는 회의장의 질서문란 행위 등으로 구속 또는 직무정지 명령을 받아 의정활동에 참여하지 않은 경우에도 수당 등을 지급하고 있어 무노동 무임금의 원칙과 국민의 법 감정에 부합하지 않는 측면이 있음.
  따라서 법정기한 이내에 원구성이 되지 않거나 국회의원이 구속 또는 직무정지 명령을 받아 의정활동에 참여하지 못한 경우 그 기간 동안의 수당 및 입법활동비 등을 지급하지 아니하도록 함으로써 원구성의 지연을 방지하고 국회의 질서를 유지하고자 함(안 제8조의2 신설).
참고사항
  이 법률안은 이범래의원이 대표발의한 「국회의 질서유지 등에 관한 법률안」(의안번호 제6820호)의 의결을 전제로 하는 것이므로 같은 법률안이 의결되지 아니하거나 수정의결 되는 경우에는 이에 맞추어 조정되어야 할 것임.","강석호,권영진,김금래,성윤환,손범규,신성범,신지호",국회운영위원회
권영진,50,1806822,PRC_G0H9Q1Y2I0H3V1H4R4G6Q0V3B7V4D7,국정감사 및 조사에 관한 법률 일부개정법률안,의결,2009-12-03,2011-04-29,대안폐기,"◎ 제안이유
  국정감사 및 국정조사 제도는 국회가 국정전반에 관한 감사와 국정의 특정사안에 관한 조사를 통하여 필요한 자료와 정보 등을 획득하는 한편 국정수행과정에서 나타난 잘못된 점을 적발하고 그에 대한 시정을 촉구하는 등 국정을 비판·감사하기 위한 제도임. 
  그러나 국정감사의 경우 그 시기가 정기국회 회기 중 20일간으로 고정되어 감사기간의 집중으로 부실하게 진행되고, 감사결과에 대한 관심부족으로 부실한 보고서가 제출되거나 지연처리 되는 등의 문제가 지적되고 있음. 
 따라서 국정감사는 임시회 기간 중에 25일의 범위 내에서 분할하여 실시할 수 있도록 하고, 감사지적사항에 대한 처리결과가 미흡 또는 불성실한 경우 중앙행정기관의 장 등에 대한 해명요구, 해임건의 등의 조치를 할 수 있도록 함으로써 국정감사제도의 실효성을 확보하는 한편, 소관 상임위원회의 의결로 특정사안에 관하여 조사를 할 수 있도록 함으로써 국정조사제도의 실효성을 제고하고자 함.
◎ 주요내용
  가. 종전 매년 9월 10일부터 20일간 실시하도록 한 국정감사를 연간 국정감사계획서에 따라 임시회 기간 중에 25일의 범위에서 실시하도록 하되, 횟수에 제한 없이 분할하여 실시할 수 있도록 함(안 제2조).
  나. 국회는 상임위원회가 국정조사계획서를 작성하여 의결한 경우 해당 상임위원회로 하여금 그 소관의 특정사안에 관하여 국정조사를 실시하게 할 수 있도록 하되, 그 조사계획서를 조사기일 3일 전까지 의장에게 제출하도록 함(안 제3조의2 신설).
  다. 국정감사를 마친 상임위원회는 감사보고서를 정기회 집회일 전일까지 의장에게 제출하도록 하고, 국정조사를 마친 위원회는 지체 없이 조사보고서를 작성하여 의장에게 제출하도록 함(안 제15조제1항·제2항).
  라. 감사 또는 조사결과 위법하거나 부당한 사항이 있을 때에는 그 정도에 따라 정부 또는 해당 기관에 시정, 변상, 징계, 제도개선, 예산조정 등을 요구(이하 “시정요구등”이라 한다)하고 정부 등은 지체 없이 그 처리 결과를 국회에 보고하도록 하되, 국무총리와 중앙행정기관의 장은 이행사항을 정기적으로 점검·확인하도록 함(안 제16조제2항·제3항).
  마. 정부 또는 해당 기관이 시정요구등을 받거나 이송받은 사항을 지체 없이 처리하지 아니한 경우 또는 처리결과가 미흡하거나 불성실한 경우 소관 상임위원회 또는 조사위원회는 그 의결로 해당 중앙행정기관의 장 등에 대한 위원회 출석 및 설명요구, 해임 건의 또는 해임요구, 해당 공무원에 대한 징계요구 등의 조치를 할 수 있도록 함(안 제16조제4항).","강석호,권영진,김금래,성윤환,손범규,신성범,신지호",국회운영위원회
권영진,50,1806811,PRC_P0L9I1D2X0S2B1A8N1Q6M1H4X5C8D5,국회에서의증언·감정등에관한법률 일부개정법률안,계류,2009-12-02,"","","제안이유 및 주요내용
  현행법에 따르면 국회에서 안건심의 또는 국정감사나 국정조사와 관련하여 서류제출의 요구 등을 받은 때에는 다른 법률의 규정에도 불구하고 누구든지 이에 응하도록 규정하고 있어, 개인정보 또는 직무상 비밀에 속하는 서류일지라도 이 법에 특별한 규정이 있는 경우를 제외하고는 그 제출을 거부할 수 없음. 
  그러나 실제로는 개인정보 보호 또는 직무상 비밀이라는 이유 등으로 서류제출을 거부하는 사례가 빈번하게 일어나고 있어 이에 대한 개선방안 마련이 시급한 실정임.
  따라서 서류제출을 요구받은 자가 이 법에 따라 서류제출을 거부할 수 없음에도 불구하고 서류제출을 거부하거나 거짓으로 서류를 제출하는 것을 방지하기 위하여 주무부장관의 해명과 해당 공무원 등에 대한 징계를 요구할 수 있도록 하려는 것임(안 제4조의2 신설).","강석호,권영진,김금래,성윤환,손범규,신성범,신지호",국회운영위원회
권영진,50,1805416,PRC_W0C9S0A7F0Y9J1J0V4J7U2S4O2P6M9,국회법 일부개정법률안,계류,2009-07-09,"","","제안이유
  국회의 권한과 역할의 증대에도 불구하고 국회운영은 대단히 느슨하고 비효율적인 것이 현실이고, 쟁점법안을 둘러싼 여·야의 극한 대결은 국회와 국회의원에 대한 국민의 신뢰 상실 및 대의민주주의의 위기를 초래하고 있는 실정임. 심지어 사회적 갈등문제를 조정·해결하는 헌법기관이 아니라, 갈등을 증폭시키는 진원지라는 평가를 받는 실정에 이르고 있음.
  이러한 현실에 이르게 된 이유는 정해진 일정에 의해서 국회의 개최여부가 결정되는 것이 아니라, 교섭단체정당의 대표간 합의에 의해 인위적으로 국회를 운영하고 있고, 전문성을 바탕으로 한 상임위 중심의 국회운영이 아니라 본회의 중심의 국회 운영으로 의원 개인의 자율성과 전문성 발현 기회를 원천적으로 제한하고 있음. 또한, 단기간의 국정감사와 예산안 심의로 인해 국회 본연의 기능이 미흡한 것이 현실이며, 국회의원 스스로에 대한 윤리성 확보를 위한 제도적 장치가 미약함. 
  이에 늘 일하는 국회, 생산적으로 일하는 국회, 여·야간 파행과 싸움없는 국회 및 국민과 함께 일하는 국회상을 정립하기 위하여 관련 규정들을 수정ㆍ보완하려는 것임.
주요내용
  가. 임시회는 2월부터 7월까지 매달 1일 오후 2시에 집회함(안 제5조의2제2항제1호).
  나. 의장의 임기는 4년으로 함(안 제9조제1항).
  다. 법제사법위원회 소관 중 법률안ㆍ국회규칙안의 체계ㆍ형식과 자구의 심사에 관한 사항을 폐지함(제37조제1항제2항사목 삭제).
  라. 예산결산위원회를 상임위원회로 신설하고, 예산결산특별위원회를 폐지함(안 제37조제1항제17호 신설, 제45조 삭제).
  마. 윤리특별위원회는 위원장 1명을 포함한 15명의 위원으로 구성함(안 제46조제2항 신설).
  바. 의원의 윤리심사에 관한 자문에 응하기 위하여 윤리특별위원회에 의원이 아닌 자로 구성된 윤리심사자문위원회를 둠(안 제46조제3항 신설).
  사. 교섭단체대표의원은 국회의원총선거후 최초의 임시회 집회일부터 7일 이내에 의장에게 상임위원의 선임을 요청하도록 함(안 제48조제1항).
  아. 상임위원회는 3개 이상의 상설소위원회를 두도록 함(안 제57조제2항).
  자. 상임위원회에서 심사하는 안건은 안건에 대한 대체토론이 끝나면 해당 소위원회(상설소위원회를 포함한다)에 별도의 의결절차 없이 회부되도록 함(안 제58조제2항).
  차. 위원회는 재적위원 4분의 1 이상의 요구가 있을 경우 법률안의 표결 전에 법률안 조정절차를 거치도록 함(안 제58조의2 신설).
  카. 제출된 법률안은 교섭단체 대표의원간 별도의 합의가 없으면, 240일 안에 본회의에서 의결을 해야 하고, 회부된 법률안은 해당 상임위원회에서 총 180일 이내에 의결여부를 결정하여야 하고, 본회의로 회부된 법률안은 60일 이내에 의결하여야 함(안 제59조의2 신설).
  타. 위원회는 중요안건의 심사에 있어 학식·경험이 있는 자 등으로부터 의견청취를 위한 청문회를 열수 있도록 함(안 제65조제1항).
  파. 의원은 국회인터넷홈페이지에 발의하려는 법률안을 10일 이상 예고하도록 함(안 제79조제1항). 
  하. 위원회에 회부하는 안건 또는 회부된 안건에 대하여 의장이 심사기간을 지정하는 제도를 폐지함(안 제85조).
  거. 위원회에서 법률안의 심사를 마치거나 입안한 때에는 사무총장에게 체계와 자구에 대한 검토를 의뢰하도록 함(안 제86조).
  너. 위원회는 재적위원 4분의 1 이상의 요구가 있을 경우 법률안의 표결 전에 토론횟수에 제한을 받지 않고 발언할 수 있음(안 제106조의2 신설).
  더. 제106조의2에 따른 토론은 재적의원 5분의 3의 찬성으로 의결하면 종결됨(안 제108조제4항 신설).
  러. 정부에 대한 질문은 정기회의 회기에는 회기중 5일 이내, 임시회의 회기에는 연간 1회에 한하여 회기중 5일 이내로 기간을 정하여 하도록 함(안 제122조의2제1항).
  머. 위원회의 의결로도 감사원에 대한 감사청구를 할 수 있도록 함(안 제127조의2제1항).  
  버. 의원은 정부ㆍ행정기관 그 밖의 기관에 대하여 의정활동과 관련한 보고 또는 서류의 제출을 요구할 수 있도록 함(안 제128조제2항 신설).
  서. 윤리심사 및 징계를 윤리심사로 일원하고, 윤리심사를 거쳐 의원을 징계하도록 함(안 제155조).
  어. 의원이 국회규칙으로 정하는 국회의원의 윤리에 관한 규범이나 강령 등을 위반하는 행위를 한 때는 징계하도록 함(안 제155조제9호).
  저. 윤리심사를 요구할 때는 의원 10명 이상의 찬성으로 하도록 함(안 제156조제3항). 
  처. 윤리심사에 관한 회의는 공개하도록 함(안 제158조).
  커. 징계의 종류 중 “30일이내의 출석정지”를 “3개월 이내의 출석정지”로 함(안 제163조제1항제3호).","권영진,권택기,김선동,김성식,김성태,김세연,김영우",정치개혁특별위원회
권영진,50,1805415,PRC_T0O9T0M7P0B9M1P0T4N0N1Q4V9S1R6,정당법 일부개정법률안,계류,2009-07-09,"","","제안이유
  국회에서 파행과 폭력사태가 빈발하게 일어나는 원인으로 정당의 당직자들과 보좌진들이 폭력사태에 동원되는 악순환을 들 수 있음. 의사당 내에서 발생하는 폭력사태나 무질서한 상태를 보면, 사회권자 또는 질서유지권자의 명령에 불복하거나 무시하는 경향이 많은 것이 사실임.
  이들에 대한 처벌은 의사당 내 폭행사태를 예방하고, 원인을 파헤치기 보다 구색 맞추기를 위한 단편적인 처벌 또는 오히려 면죄부를 줌으로서 스스로 자정할 수 있는 능력을 상실하게 만듬.
  이에 의사당 내에서 폭력행위를 비롯한 질서문란 행위 등의 금지를 위반할 때에는 엄격한 제재를 가하여 되풀이되는 국회파행과 폭력사태에 관한 철저한 사전 예방을 함으로써 근원적으로 해결하려고 함. 
주요내용
가. 의사당 내에서의 폭력행위를 비롯하여 질서를 문란하게 한 당원에 한해 그 자격을 박탈하게 함(안 제22조제1항제4호).
나. 의사당 내에서의 폭력행위 등 질서문란 행위로 인하여 처벌을 받은 자에 한해서는 정당의 당원으로 가입에 제한을 둘 수 있도록 함(안 제42조제3항).
참고사항
  이 법률안은 권영진의원이 대표발의한 「국회법 일부개정법률안」(의안번호 제5416호)의 의결을 전제로 하는 것이므로 같은 법률안이 의결되지 아니하거나 수정의결 되는 경우에는 이에 맞추어 조정되어야 할 것임.","권영진,권택기,김선동,김성식,김성태,김세연,남경필",정치개혁특별위원회
권영진,50,1805414,PRC_T0G9J0B7O0O9Q1R0C3M7E3B7K1U2I9,국가공무원법 일부개정법률안,계류,2009-07-09,"","","제안이유
  국회에서 파행과 폭력사태가 빈발하게 일어나는 원인으로 수백 명의 보좌진과 당직자들이 국회폭력사태에 동원되는 악순환을 들 수 있음. 이에 폭력행위 등의 금지를 위반할 때에는 엄격한 제재를 가하여 되풀이되는 국회 파행과 폭력사태를 방지하려는 것임.
  특히 보좌진 또는 국회직을 보유한 당직자가 국회 내 폭력사태 또는 무질서행위에 가담한 것이 명백한 경우, 임명권자인 국회의장 또는 사무총장에게 면직권도 행사하도록 함.
  이를 통해 국회를 진정한 민의의 전당이자 국정을 논의하는 기구로 바꾸고자 함.
주요내용
  가. 특수경력직공무원에 대한 법의 적용 범위에 제70조 역시 적용하도록 개정함(안 제3조제1항).
  나. 공무원의 직권면직에 관하여 국회 의사당 내 점거, 기물파손, 소란행위 등 의사당 내에서의 폭력행사 등으로 인하여 질서를 문란하게 한 경우에 임명권자가 면직권을 행사할 수 있도록 요건을 추가함(안 제70조제1항제10호 신설). 
참고사항
  이 법률안은 권영진의원이 대표발의한 「국회법 일부개정법률안」(의안번호 제5416호)의 의결을 전제로 하는 것이므로 같은 법률안이 의결되지 아니하거나 수정의결 되는 경우에는 이에 맞추어 조정되어야 할 것임.","권영진,권택기,김선동,김성식,김성태,김세연,남경필",행정안전위원회
권영진,50,1805015,PRC_S0V9N0R6F0D3M1G2G1H0H0F2A1A0U0,유아교육법 일부개정법률안,의결,2009-06-03,2011-04-29,원안가결,"제안이유
현행 「敎育公務員法」및 「사립학교법」에 따라, 국·공·사립학교 교원으로 재직 중 미성년자에 대한 성폭력 범죄행위·금품수수행위·학생성적 관련 비위 행위 및 학생에 대한 신체적 폭력 행위로 인하여 파면·해임된 자에 대해서는 원칙적으로 고등학교 이하 각급 학교의 교원으로 신규채용 또는 특별채용을 할 수 없음.
아울러 국·공립학교 교원 중 형사사건으로 기소중이거나 징계위원회가 중징계의결을 요구중인 자에 대하여는 대통령 훈령에 따라 의원면직(依願免職)을 제한함으로써, 비위공무원의 징계처분 회피를 차단하고 있음.
이는 깨끗한 교직풍토를 조성함으로써 교원에 대한 국민의 신뢰를 높이는 동시에 학생들의 인권과 학습권을 보호하려는 취지임.
그럼에도 불구하고 유치원에서 교사와 함께 유아교육 업무를 수행하고 있는 강사·기간제교사·명예교사 등의 채용에 있어서는 이러한 채용 제한 규정이 적용되지 않고 있음.
이에 미성년자에 대한 성폭력 범죄행위·금품수수행위·학생성적 관련 비위행위 및 학생에 대한 신체적 폭력 행위로 재직 중 파면·해임의 징계를 받거나 금고이상의 형을 선고받은 교원 또는 계약제교원에 대하여는 강사·기간제교사·명예교사 등으로 채용할 수 없도록 함으로써, 우리 아이들이 안전한 학교환경에서 자랄 수 있도록 하고자 하는 것임.
주요내용
미성년자에 대한 성폭력 범죄행위·금품수수행위·학생성적 관련 비위행위 및 학생에 대한 신체적 폭력 행위로 재직 중 파면·해임의 징계를 받거나 금고이상의 형을 선고받은 교원 또는 계약제교원에 대하여는 강사·기간제교사·명예교사 등으로 채용할 수 없도록 함(안 제23조제1항 후단 신설).
참고사항
이 법률안은 권영진의원이 대표발의한 「교육공무원법 일부개정법률안」(의안번호 제5012호)·「사립학교법 일부개정법률안」(의안번호 제5013호) 및 「초·중등교육법 일부개정법률안」(의안번호 제5014호)의 의결을 전제로 하는 것이므로 같은 법률안이 의결되지 아니하거나 수정의결 되는 경우에는 이에 맞추어 조정되어야 할 것임.","강석호,권영진,김성조,김세연,김정훈,박보환,박종희",교육과학기술위원회
권영진,50,1805014,PRC_W0Y9A0D6F0W3K1B2A0P8T3K9U2K6F0,초·중등교육법 일부개정법률안,의결,2009-06-03,2011-04-29,원안가결,"제안이유
현행 「敎育公務員法」및 「사립학교법」에 따라, 국·공·사립학교 교원으로 재직 중 미성년자에 대한 성폭력 범죄행위·금품수수행위·학생성적 관련 비위 행위 및 학생에 대한 신체적 폭력 행위로 인하여 파면·해임된 자에 대해서는 원칙적으로 고등학교 이하 각급 학교의 교원으로 신규채용 또는 특별채용을 할 수 없음.
아울러 국·공립학교 교원 중 형사사건으로 기소중이거나 징계위원회가 중징계의결을 요구중인 자에 대하여는 대통령 훈령에 따라 의원면직(依願免職)을 제한함으로써, 비위공무원의 징계처분 회피를 차단하고 있음.
이는 깨끗한 교직풍토를 조성함으로써 교원에 대한 국민의 신뢰를 높이는 동시에 학생들의 인권과 학습권을 보호하려는 취지임.
그럼에도 불구하고 동일한 교육현장에서 방과후학교·수준별이동수업 등을 통해 교원과 함께 학생들을 지도하는 산학겸임교사·명예교사·강사 등의 채용에 있어서는 이러한 채용 제한 규정이 적용되지 않고 있음.
이에 미성년자에 대한 성폭력 범죄행위·금품수수행위·학생성적 관련 비위행위 및 학생에 대한 신체적 폭력 행위로 재직 중 파면·해임의 징계를 받거나 금고이상의 형을 선고받은 교원 또는 계약제교원에 대하여는 산학겸임교사·명예교사·강사 등으로 채용할 수 없도록 함으로써, 우리 아이들이 안전한 학교환경에서 자랄 수 있도록 하고자 하는 것임.
주요내용
미성년자에 대한 성폭력 범죄행위·금품수수행위·학생성적 관련 비위행위 및 학생에 대한 신체적 폭력 행위로 재직 중 파면·해임의 징계를 받거나 금고이상의 형을 선고받은 교원 또는 계약제교원에 대하여는 산학겸임교사·명예교사·강사 등으로 채용할 수 없도록 함(안 제22조제1항 후단 신설).
참고사항
이 법률안은 권영진의원이 대표발의한 「교육공무원법 일부개정법률안」(의안번호 제5012호)·「사립학교법 일부개정법률안」(의안번호 제5013호) 및 「유아교육법 일부개정법률안」(의안번호 제5015호)의 의결을 전제로 하는 것이므로 같은 법률안이 의결되지 아니하거나 수정의결 되는 경우에는 이에 맞추어 조정되어야 할 것임.","강석호,권영진,김성조,김세연,김정훈,박보환,박종희",교육과학기술위원회
권영진,50,1805013,PRC_I0O9M0Y6E0V3J1B2N0U7W2Z2B8O5M4,사립학교법 일부개정법률안,의결,2009-06-03,2011-04-29,원안가결,"제안이유
현행 「사립학교법」에 따라, 국·공·사립학교 교원으로 재직 중 미성년자에 대한 성폭력 범죄행위·금품수수행위·학생성적 관련 비위 행위 및 학생에 대한 신체적 폭력 행위로 인하여 파면·해임된 자에 대해서는 원칙적으로 고등학교 이하 각급 학교의 교원으로 신규채용 또는 특별채용을 할 수 없음.
아울러 국·공립학교 교원 중 형사사건으로 기소중이거나 징계위원회가 중징계의결을 요구중인 자에 대하여는 대통령 훈령에 따라 의원면직(依願免職)을 제한함으로써, 비위공무원의 징계처분 회피를 차단하고 있음.
이는 깨끗한 교직풍토를 조성함으로써 교원에 대한 국민의 신뢰를 높이는 동시에 학생들의 인권과 학습권을 보호하려는 취지임.
그럼에도 불구하고 미성년자에 대한 성폭력 범죄행위 등을 저지른 교원이 비위사실이 확인되기 전에 의원면직하는 경우에는 파면·해임 등의 징계가 원천적으로 불가능할 뿐만 아니라 금고 이상의 형을 선고받더라도 일정기간이 지나면 다시 사립학교 교원으로 채용될 수 있어, 파면·해임의 징계를 받아 채용제한 조치를 받은 교원과의 형평성에 문제가 발생하고 있음.
이에 파면·해임등의 징계를 받지 않더라도 미성년자에 대한 성폭력 범죄행위 등으로 인하여 금고 이상의 형을 선고받은 자에 대해서는 사립학교 교원으로 임명될 수 없도록 함으로써, 실효성있는 제도적 장치를 마련하는 동시에 우리 아이들이 안전한 학교환경에서 자랄 수 있도록 하고자 하는 것임.
아울러 현행 법률에는 임명 제한의 대상에 기간제교원 및 「유아교육법」·「초·중등교육법」에 따른 교사·강사·산학겸임교사·명예교사 등 계약제교원 경력자가 포함돼 있지 않을 뿐만 아니라 기간제교원의 임용에서는 임명 제한 규정이 적용되지 않고 있으므로, 이들에 대해서도 동일하게 적용하고자 하는 것임.
주요내용
  가. 재직 중에 행한 미성년자에 대한 성폭력 범죄행위·금품수수 행위·학생성적 관련 비위 행위 및 신체적 폭력 행위로 인하여 금고 이상의 형을 선고받은 국·공·사립 교원 및 계약제교원은 고등학교 이하 각급 학교의 교원으로 임명할 수 없도록 함(안 제54조의3제5항).
  나. 기간제교원에 대해서도 사립학교 교원의 임명 제한 규정을 준용하도록 함(안 제54조의4제4항 신설).
참고사항
이 법률안은 권영진의원이 대표발의한 「교육공무원법 일부개정법률안」(의안번호 제5012호)·「초·중등교육법 일부개정법률안」(의안번호 제5014호) 및 「유아교육법 일부개정법률안」(의안번호 제5015호)의 의결을 전제로 하는 것이므로 같은 법률안이 의결되지 아니하거나 수정의결 되는 경우에는 이에 맞추어 조정되어야 할 것임.","강석호,권영진,김성조,김세연,김정훈,박보환,박종희",교육과학기술위원회
권영진,50,1805012,PRC_G0J9H0V6X0G3S1T2A0U1H3W8A0S6R2,교육공무원법 일부개정법률안,의결,2009-06-03,2011-04-29,대안폐기,"제안이유
현행 「교육공무원법」에 따라, 국·공·사립학교 교원으로 재직 중 미성년자에 대한 성폭력 범죄행위·금품수수행위·학생성적 관련 비위 행위 및 학생에 대한 신체적 폭력 행위로 인하여 파면·해임된 자에 대해서는 원칙적으로 고등학교 이하 각급 학교의 교원으로 신규채용 또는 특별채용을 할 수 없음.
아울러 국·공립학교 교원 중 형사사건으로 기소 중이거나 징계위원회가 중징계의결을 요구 중인 자에 대하여는 대통령 훈령에 따라 의원면직(依願免職)을 제한함으로써, 비위공무원의 징계처분 회피를 차단하고 있음.
이는 깨끗한 교직풍토를 조성함으로써 교원에 대한 국민의 신뢰를 높이는 동시에 학생들의 인권과 학습권을 보호하려는 취지임.
그럼에도 불구하고 미성년자에 대한 성폭력 범죄행위 등을 저지른 교원이 비위사실이 확인되기 전에 의원면직하는 경우에는 파면·해임 등의 징계가 원천적으로 불가능할 뿐만 아니라 금고 이상의 형을 선고받더라도 일정기간이 지나면 다시 교육공무원으로 채용될 수 있어, 의원면직되지 않고 파면·해임의 징계를 받아 채용제한 조치를 받은 교원과의 형평성에 문제가 발생하고 있음.
이에 파면·해임등의 징계를 받지 않더라도 미성년자에 대한 성폭력 범죄행위 등으로 인하여 금고 이상의 형을 선고받은 자에 대해서는 교육공무원으로 신규채용되거나 특별채용될 수 없도록 함으로써, 실효성있는 제도적 장치를 마련하는 동시에 우리 아이들이 안전한 학교환경에서 자랄 수 있도록 하고자 하는 것임.
아울러 현행 법률에는 신규채용 및 특별채용 제한의 대상에 기간제교원 및 「유아교육법」·「초·중등교육법」에 따른 교사·강사·산학겸임교사·명예교사 등 계약제교원 경력자가 포함돼 있지 않을 뿐만 아니라 기간제교원의 임용에 있어서는 임용 제한 규정이 적용되지 않고 있으므로, 이들에 대해서도 동일하게 적용하고자 하는 것임.
주요내용
  가. 재직 중에 행한 미성년자에 대한 성폭력 범죄행위·금품수수 행위·학생성적 관련 비위 행위 및 신체적 폭력 행위로 인하여 금고 이상의 형을 선고받은 국·공·사립 교원 및 계약제교원은 고등학교 이하 각급 학교의 교원으로 신규채용 또는 특별채용할 수 없도록 함(안 제10조의3제1항).
  나. 기간제교원에 대해서도 교원의 임용 제한 규정을 준용하도록 함(안 제32조제4항 신설).
참고사항
이 법률안은 권영진의원이 대표발의한 「사립학교법 일부개정법률안」(의안번호 제5013호)·「초·중등교육법 일부개정법률안」(의안번호 제5014호) 및 「유아교육법 일부개정법률안」(의안번호 제5015호)의 의결을 전제로 하는 것이므로 같은 법률안이 의결되지 아니하거나 수정의결 되는 경우에는 이에 맞추어 조정되어야 할 것임.","강석호,권영진,김성조,김세연,김정훈,박보환,박종희",교육과학기술위원회
권영진,50,1805010,PRC_U0T9A0O6K0N3X1Y1P5Z9D0V4G5F2W6,영유아보육법 일부개정법률안,계류,2009-06-03,"","","제안이유
현행 「敎育公務員法」및 「사립학교법」에 따라, 교원으로 재직 중 미성년자에 대한 「성폭력범죄의 처벌 및 피해자보호 등에 관한 법률」제2조에 따른 성폭력범죄행위·학생에 대한 신체적 폭력 행위 등으로 인하여 파면·해임된 자는 원칙적으로 유치원 및 초·중·고등학교의 교원으로 채용될 수 없음. 이는 교원에 대한 국민의 신뢰를 높이는 동시에 학생들의 인권과 학습권을 보호하려는 취지임.
반면 현행 「영유아보육법」에서는 아동에 대한 신체손상 및 성희롱·성폭행 등의 학대행위 등 「아동복지법」에 따라 처벌을 받은 보육시설의 장 또는 보육교사에 대하여 자격취소 처분을 할 수 있을 뿐, 자격 취소 후 1년이 경과된 자로서 교육훈련시설에서 소정의 교육과정을 이수한 자에 대해서는 보육교사 3급 자격을 부여하고 있으며 이 경우 관련 법률에 따라 형(刑) 확정 후 10년이 지나면 다시 보육시설에 근무할 수 있음.
그러나 현재 만3세부터 만6세까지의 아동이 보육시설 또는 유치원을 자유롭게 선택하여 다니고 있다는 점에서, 이처럼 같은 연령의 아동을 상대로 하는 교사 또는 교원에 대하여 채용의 결격사유를 달리 적용하는 것은 보육시설에 다니는 영유아들의 인권을 충분히 고려하지 못한 불합리한 제도임.
뿐만 아니라 영유아의 경우 자기 방어 능력이 없는 절대적 약자이고 학대행위 및 성폭력 범죄행위로 인한 영유아의 신체적·정신적·사회적 후유증이 심각하다는 사실을 감안한다면, 보육시설의 장 및 보육교사에 대해서는 오히려 각급 학교의 교원보다 더 엄격한 기준을 적용해야 할 것임.
이에 미성년자에 대한 「성폭력범죄의 처벌 및 피해자보호 등에 관한 법률」제2조에 따른 성폭력범죄 행위로 처벌을 받은 보육시설의 장 또는 보육교사에 대해서도 자격을 취소할 수 있도록 하고, 「아동복지법」에 따라 아동에 대한 신체손상·성희롱·성폭행 등의 학대 행위로 금고 이상의 형을 선고받거나 미성년자에 대한 「성폭력범죄의 처벌 및 피해자보호 등에 관한 법률」제2조에 따른 성폭력범죄 행위로 금고 이상의 형을 선고받은 보육시설의 장 또는 보육교사에 대해서는 각급 학교의 교원 임용 제한 수준에 맞추어 원칙적으로 보육시설에 근무할 수 없도록 함으로써 아이들의 인권을 보호하고 보육시설에 대한 국민들의 신뢰를 높이고자 하는 것임.
주요내용
가. 보육시설의 장 또는 보육교사의 자격취소 요건에 미성년자에 대한 「성폭력범죄의 처벌 및 피해자보호 등에 관한 법률」제2조에 따른 성폭력범죄 행위로 처벌을 받은 자를 추가함(안 제48조제3호의2 신설).
나. 「아동복지법」에 따라 아동에 대한 신체손상·성희롱·성폭행 등의 학대 행위로 금고 이상의 형을 선고받거나 미성년자에 대한 「성폭력범죄의 처벌 및 피해자보호 등에 관한 법률」제2조에 따른 성폭력범죄 행위로 금고 이상의 형을 선고받은 자에 대해서는 원칙적으로 보육시설에 근무할 수 없도록 함(안 제20조제5호 신설).","권영진,김성조,김성태,김세연,김정훈,박보환,박종희",보건복지위원회
권영진,50,1805009,PRC_C0Q9U0H6F0F3X1L1W5H7V1Y5E7B7N9,청소년보호법 일부개정법률안,의결,2009-06-03,2011-09-12,폐기,"제안이유
초등학교 주변 문구점을 중심으로 존속 살인·복수 등 잔혹하고 엽기적인 내용을 담은 속칭 “괴담집”이 판매되면서, 일부 학생들의 경우는 괴담집을 읽고 악몽에 시달리거나 외출에 대한 공포로 등교도 하지 못하는 등 정서적으로 심각한 부작용을 겪고 있음.
그럼에도 불구하고 현재는 청소년에 대한 괴담집의 판매를 금지시킬 수 있는 심의·단속 규정이 없어, 가정통신문 배포 및 캠페인 등 소극적인 방법으로만 대처하고 있는 실정임.
이에 잔인하고 엽기적이거나 공포심을 유발하여 청소년의 정서에 악영향을 끼칠 우려가 있는 괴담집 등의 매체물을 청소년유해매체물로 정할 수 있는 근거를 마련함으로써, 청소년에 대한 괴담집의 판매·대여·배포를 근절하여 청소년의 정신건강을 보호하고자 하는 것임.
주요내용
가. 매체물의 범위에 간행물이 아닌 만화·사진첩·화보류·소설 등의 도서류와 문자 또는 그림 등을 인쇄하여 책자의 형태로 만든 물건을 추가함(안 제7조제7호의2 신설).
나. 잔인하고 엽기적이거나 공포심을 유발함으로써 청소년의 정서에 악영향을 끼칠 우려가 있는 매체물을 청소년유해매체물로 결정하도록 함(안 제10조제1항제4호의2 신설).","강석호,권영진,김성조,김성태,김세연,김영진,김정훈",보건복지위원회
권영진,50,1804769,PRC_C0F9Q0Y5O0Q1T1V5Q4X7V1V4V1O8A9,조세특례제한법 일부개정법률안,의결,2009-05-01,2010-02-07,폐기,"제안이유
  국민기초생활 보장수급자들이 거주하고 있는 영구임대주택의 경우 영구임대주택 시설 노후로 난방효율 저하 및 경제적 어려움으로 관리비를 제때에 납부하지 못하는 실정임. 이에 따라 영구임대주택에 거주하는 국민기초생활 보장수급자의 난방비 부담을 경감하기 위하여 영구임대주택에 공급되는 영구임대주택용 연료에 대한 부가가치세 등을 면제하려는 것임.
주요내용
  가. 대통령령으로 정하는 영구임대주택용 연료에 대한 부가가치세, 개별소비세, 교육세을 감면함(안 제106조제1항제12호 및 제111조제1항제3호 신설).
  나. 영구임대주택용 연료에 대하여는 교육세를 면제함(안 제115조의2 신설).","권영진,김부겸,김세연,김영우,남경필,박민식,서상기",기획재정위원회
권영진,50,1804691,PRC_A0J9K0K4V2U7H1D0H4V6N2R0H6A0S5,한국장학재단 설립 등에 관한 법률 일부개정법률안,의결,2009-04-27,2010-01-18,대안폐기,"제안이유
  만 20세 미만인 미성년 대학생이 정부의 보증으로 학자금을 대출받기 위해서는 현행 「민법」에 따라 반드시 법정대리인의 동의(同意)를 얻어야 하며 이 때 친권자의 동의는 반드시 공동으로 행사되어야 함.
  이러한 규정에 따라 정부 보증 학자금 대출을 취급하고 있는 금융기관은 향후 성년이 된 학생채무자 본인 또는 동의하지 않은 친권자 1인의 원인무효청구에 따른 채권손실을 방지하기 위해, 법정대리인이 없거나 친권자 공동의 동의가 없는 경우에는 친권자 1인 또는 법률행위능력이 있는 제3자를 연대채무자와 공동피보증인으로 약정하는 경우에만 학자금을 대출해 주고 있음. 
  예를 들면 2인의 친권자 중 1인의 친권자만 동의가 가능한 경우는 동의한 친권자 1인을 공동피보증인으로 하여 연대채무를 약정하고 있으며, 연대채무와 공동피보증인 입보가 가능한 친권자가 있더라도 그 친권자가 신용유의자이거나 신용등급이 낮은 경우와 친권자 모두가 사망한 경우에는 법률행위능력이 있는 제3자를 공동피보증인으로 하여 연대채무를 약정하고 있음.
  따라서 친권자 또는 후견인이 없거나 부모 중 어느 한 명과 연락이 두절되고 남아있는 친권자 1인도 신용이 낮은 대학생의 경우는 법률행위능력이 있는 제3자를 확보하지 못하면 정부 보증 학자금 대출을 원칙적으로 받을 수 없게 돼, 배울 능력과 의지가 있더라도 고등교육의 기회를 가지지 못하는 문제가 발생하고 있음.
  실제로 지난 2008년 정부보증 학자금 대출 총 634,934건 중 미성년자 대출이 전체의 32.4%인 205,690건에 이르는 데서 보여지는 바와 같이 많은 미성년 학생들이 불편함을 겪고 있으며, 법정대리인의 동의 의무 규정에 따라 법률행위능력이 있는 제3자를 구하지 못하여 학자금 대출을 받지 못한 수많은 불우한 학생들의 민원도 계속하여 제기되고 있는 상황임.
  뿐만 아니라 법정대리인의 동의여부 확인을 위해 친권자 및 공동피보증인·후견인으로 하여금 직접 금융기관을 방문하도록 의무화하고 있어, 이에 따른 불편이 초래되고 있는 것은 물론 약 0.2～0.3%의 채권관리수수료가 추가로 발생하여 학자금 대출 이자율이 높아지게 돼 학생의 부담이 가중되고 있는 실정임.
  이러한 문제점을 해소하기 위해서는 미성년자인 대학생을 성년으로 의제(擬制)하는 것이 필요함.
  최근 정부가 성인연령을 현행 만 20세에서 만 19세로 하향조정하는 내용의 민법 개정을 추진하고는 있으나, 대부분의 대학 1학년 학생이 만 18세에 해당하므로 「민법」이 개정되더라도 법정대리인의 동의 의무 규정에 따른 문제점이 해소될 수는 없음.
  아울러 독일·프랑스와 미국 대부분의 주(州)가 성년연령을 18세로 정하고 있다는 사실을 감안하더라도, 고등교육의 기회를 원활히 제공하기 위한 목적으로 만 18세 이상인 대학생을 성년으로 간주하여 학자금 대출과정에서 발생하는 불합리한 불편사항을 해소하는 것은 반드시 필요함.
  이에 미성년자인 대학생이 이 법에 따라 학자금 대출 및 신용보증을 받는 경우에는 해당 계약에 한하여 성년으로 의제처리하고자 하는 것임.
  이 밖에도 종전 「학술진흥 및 학자금대출 신용보증 등에 관한 법률」에 따라 교육과학기술부장관의 신용보증으로 학자금을 대출받을 수 있었던 원격대학 형태의 평생교육시설 재학생도 「한국장학재단 설립 등에 관한 법률」에 따라 학자금 대출에 대한 신용보증을 받거나 학자금을 지원받을 수 있도록 고등교육기관의 종류에 원격대학 형태의 평생교육시설을 추가하고, 채권의 차환을 위하여 일시적으로 채권을 발행하는 경우에는 발행한도를 초과하여 발행할 수 있도록 함으로써 학자금 지원 재원을 안정적으로 운용할 수 있도록 하려는 것임.
주요내용
  가. 고등교육기관의 종류에 「평생교육법」 제33조에 따른 원격대학 형태의 평생교육시설을 추가함(안 제2조제2호나목).
  나. 채권의 차환을 위하여 일시적으로 채권을 발행하는 경우에는 재단 자기자본의 10배를 초과하여 발행할 수 있도록 함(안 제18조제3항).
  다. 대학생인 미성년자가 이 법에 따라 재단 또는 금융기관에서 학자금 대출 및 신용보증을 받는 경우에는 해당 계약에 한하여 성년자로 봄(안 제37조제3항 신설).","권영길,권영진,권택기,김선동,김세연,김영우,김태원",교육과학기술위원회
권영진,50,1803326,PRC_N0P8A1Q2E2Y9H1C8U1E0Z5W9J5B4B1,한국장학재단 설립 등에 관한 법률안,계류,2008-12-29,"","","제안이유
  학자금 지원을 전문적ㆍ종합적으로 수행하는 전담기구로서 한국장학재단을 설립하고, 국가장학기금을 설치하는 한편, 이에 따른 조직과 기금의 운영 등에 관하여 필요한 사항을 규정함으로써, 대학생의 학업성적, 전공 분야, 대학생 및 학부모의 가계 소득을 고려한 맞춤형 학자금 지원체계를 구축하여 대학생에게 경제적 여건에 관계없이 의지와 능력에 따라 고등교육을 받을 수 있는 기회를 부여하려는 것임.
주요내용
  가. 한국장학재단의 설립 및 사업(안 제6조, 제9조, 제12조 및 제16조부터 제18조까지)
    (1) 맞춤형 학자금 지원을 효과적으로 수행하기 위하여 한국장학재단을 설립하고, 재단에 이사장을 포함한 15명 이내의 이사와 감사 1명을 두며, 맞춤형 학자금 지원 방안 수립 등 중요사항을 심의ㆍ의결하기 위하여 이사회를 두도록 함.
    (2) 한국장학재단은 맞춤형 학자금 지원을 효과적으로 수행하기 위하여 학자금 지원 등에 관련된 사업을 수행할 수 있고 정부로부터 출연금을 교부받을 수 있으며, 교육과학기술부장관의 승인을 받아 채권을 발행하여 학자금 지원을 위한 재원을 조성할 수 있도록 함.
  나. 국가장학기금의 설치 등(안 제25조 및 제26조)
    (1) 교육과학기술부장관은 맞춤형 학자금 지원이 이루어질 수 있도록 하기 위하여 국가장학기금을 설치함.
    (2) 교육과학기술부장관은 기금의 관리ㆍ운용에 관한 사무를 한국장학재단에 위탁하고, 위탁사무를 한국장학재단이 적정하게 수행하고 있는지에 대하여 감독과 이에 필요한 명령을 할 수 있도록 함.
  다. 학자금대출 신용보증계정의 설치 및 운영(안 제31조부터 제34조까지)
    (1) 대학생이 한국장학재단 및 금융기관으로부터 학자금을 대출받을 경우에 이에 대한 신용보증을 하기 위하여 기금 중 학자금대출 신용보증계정을 설치하도록 함.
    (2) 한국장학재단은 경제적 여건이 어려운 대학생을 지원하기 위하여 기초생활수급권자 등 대통령령으로 정하는 대학생에 대하여 다른 대학생에 우선하여 신용보증을 하도록 함.
  라. 학자금 지원계정의 설치 및 운영 등(안 제44조부터 제47조까지)
     학업성적이 우수하거나 경제적 여건이 어려운 대학생에 대한 학자금 무상지원, 학자금 대출 및 학자금 대출금 원리금 지원 등을 위하여 기금 중 학자금 지원계정을 설치하여 운영하고, 대학생 중 기초생활수급권자 등 대통령령으로 정하는 대학생에 대하여 우선적으로 학자금 무상지급 및 대출을 할 수 있도록 함. 
  마. 민간기부자의 예우 및 시상 등(안 제53조 및 제54조)
    (1) 한국장학재단은 출연자 또는 기부자의 희망에 따라 해당 출연ㆍ기부자의 명의로 대학생에게 학자금을 무상지급할 수 있도록 함.
    (2) 교육과학기술부장관은 학자금 지원 등에 기여한 공로가 현저한 자에 대하여 시상할 수 있고, 학자금 대출을 받은 대학생 중 학업성취도가 우수하거나 현저히 사회에 공헌한 자를 선정하여 학자금 대출 잔액에 대한 원리금의 일부 또는 전부를 면제해 주거나 대납해 주도록 함.","권영진,김선동,김세연,박보환,박영아,서상기,이군현",교육과학기술위원회
권영진,50,1803204,PRC_K0A8A1P2L2P4A1Z8E3A6Y3Z8K5T1Z8,한국장학재단 설립 등에 관한 법률안,의결,2008-12-24,2008-12-29,철회,"제안이유
  학자금 지원을 전문적ㆍ종합적으로 수행하는 전담기구로서 한국장학재단을 설립하고, 국가장학기금을 설치하는 한편, 이에 따른 조직과 기금의 운영 등에 관하여 필요한 사항을 규정함으로써, 대학생의 학업성적, 전공 분야, 대학생 및 학부모의 가계 소득을 고려한 맞춤형 학자금 지원체계를 구축하여 대학생에게 경제적 여건에 관계없이 의지와 능력에 따라 고등교육을 받을 수 있는 기회를 부여하려는 것임.
주요내용
  가. 한국장학재단의 설립 및 사업(안 제6조, 제9조, 제12조 및 제16조부터 제18조까지)
    (1) 맞춤형 학자금 지원을 효과적으로 수행하기 위하여 한국장학재단을 설립하고, 재단에 이사장을 포함한 15명 이내의 이사와 감사 1명을 두며, 맞춤형 학자금 지원 방안 수립 등 중요사항을 심의ㆍ의결하기 위하여 이사회를 두도록 함.
    (2) 한국장학재단은 맞춤형 학자금 지원을 효과적으로 수행하기 위하여 학자금 지원 등에 관련된 사업을 수행할 수 있고 정부로부터 출연금을 교부받을 수 있으며, 교육과학기술부장관의 승인을 받아 채권을 발행하여 학자금 지원을 위한 재원을 조성할 수 있도록 함.
  나. 국가장학기금의 설치 등(안 제25조 및 제26조)
    (1) 교육과학기술부장관은 맞춤형 학자금 지원이 이루어질 수 있도록 하기 위하여 국가장학기금을 설치함.
    (2) 교육과학기술부장관은 기금의 관리ㆍ운용에 관한 사무를 한국장학재단에 위탁하고, 위탁사무를 한국장학재단이 적정하게 수행하고 있는지에 대하여 감독과 이에 필요한 명령을 할 수 있도록 함.
  다. 학자금대출 신용보증계정의 설치 및 운영(안 제31조부터 제34조까지)
    (1) 대학생이 한국장학재단 및 금융기관으로부터 학자금을 대출받을 경우에 이에 대한 신용보증을 하기 위하여 기금 중 학자금대출 신용보증계정을 설치하도록 함.
    (2) 한국장학재단은 경제적 여건이 어려운 대학생을 지원하기 위하여 기초생활수급권자 등 대통령령으로 정하는 대학생에 대하여 다른 대학생에 우선하여 신용보증을 하도록 함.
  라. 학자금 지원계정의 설치 및 운영 등(안 제44조부터 제47조까지)
     학업성적이 우수하거나 경제적 여건이 어려운 대학생에 대한 학자금 무상지원, 학자금 대출 및 학자금 대출금 원리금 지원 등을 위하여 기금 중 학자금 지원계정을 설치하여 운영하고, 대학생 중 기초생활수급권자 등 대통령령으로 정하는 대학생에 대하여 우선적으로 학자금 무상지급 및 대출을 할 수 있도록 함. 
  마. 민간기부자의 예우 및 시상 등(안 제53조 및 제54조)
    (1) 한국장학재단은 출연자 또는 기부자의 희망에 따라 해당 출연ㆍ기부자의 명의로 대학생에게 학자금을 무상지급할 수 있도록 함.
    (2) 교육과학기술부장관은 학자금 지원 등에 기여한 공로가 현저한 자에 대하여 시상할 수 있고, 학자금 대출을 받은 대학생 중 학업성취도가 우수하거나 현저히 사회에 공헌한 자를 선정하여 학자금 대출 잔액에 대한 원리금의 일부 또는 전부를 면제해 주거나 대납해 주도록 함.","권영진,김선동,김세연,박보환,박영아,서상기,이군현",교육과학기술위원회
권영진,50,1802391,PRC_S0B8P1Q1U2Q8H1N8Z1O5G5B1C5R7T8,초·중등교육법 일부개정법률안,계류,2008-11-28,"","","제안이유
  정규 수업을 보완하는 다양한 교육경험의 제공을 통해 학교의 교육기능을 보완하고 계층간·지역간 교육기회격차를 완화하고자 지난 2005년 도입된 방과후학교는, 2008년 현재 전국 초·중·고등학교의 99.9%가 참여하고 전체 학생 수의 54.3%가 자발적으로 참여하는 등 학교 교육 활동으로 자리를 잡아가고 있음.
  특히 참여학생의 55.9%와 학부모의 57.5%가 사교육비 감소에 도움을 주고 있다고 답변하고 있을 뿐만 아니라 소질계발 및 실력향상에 도움이 되었다는 학생비율도 62.8%에 이르고 있는 등, 방과후학교는 학생 및 학부모로부터 긍정적인 평가를 받고 있는 실정임.
  그럼에도 불구하고 현재는 방과후학교의 법적 근거가 마련돼 있지 않아 안정적인 사업운영을 기대하기 어려울 뿐만 아니라, 현행 지방교부세법 시행규칙에 따라 방과후학교에 필요한 재정을 지원하여야 할 관련 행정기관에서도 법률적 근거가 없는 사업에 대한 지속적이고 안정적인 재정 지원을 기피하고 있는 실정임.
  이에 다양하고 특색 있는 교육 프로그램의 안정적인 제공을 위해 방과후학교의 운영 및 지원 근거를 법률로 마련함으로써, 방과후학교의 활성화 및 이를 통한 사교육비 부담 완화를 도모하고자 하는 것임.
주요내용
  가. 학교의 장으로 하여금 교육 수요자가 자율적 선택에 의하여 참여하는 방과후학교를 운영할 수 있도록 함(안 제23조의2제1항 신설).
  나. 학교의 장으로 하여금 방과후학교 수강자에게 방과후학교 운영에 필요한 교육비를 부담하게 할 수 있도록 함(안 제23조의2제2항 신설).
  다. 국가 또는 지방자치단체는 방과후학교의 운영에 소요되는 경비를 보조하거나 방과후학교에 참여한 저소득층 학생 및 특수교육 대상 학생에 대한 교육비를 지원할 수 있음(안 제23조의2제3항 신설).
  라. 교육감은 방과후학교의 질적 수준 제고 및 방과후학교 참여 교직원에 대한 지원을 위하여 노력하여야 함(안 제23조의2제4항 신설).
  마. 방과후학교에 관한 사항을 학교운영위원회의 심의(국·공립학교) 또는 자문(사립학교) 사항으로 규정함(안 제32조제1항).","권영세,권영진,권택기,김선동,김성태,김세연,김영우",교육과학기술위원회
권영진,50,1802039,PRC_G0S8S1F1E1V4P1E4L2O5S0V5Z1I7I7,교육복지법안,계류,2008-11-14,"","","제안이유
사회적·경제적 격차가 심화되면서 빈곤층을 포함한 교육취약계층은 더욱 확대되고, 이에 따라 교육기회의 불평등 정도가 심해지고 있는 실정임.
이러한 교육기회의 차이는 지역간·계층간 교육격차라는 결과를 낳게 됨으로써, 이로 인해 빈부가 대물림되고 있다는 사회적 우려가 나타나고 있음.
이에 중앙정부와 지방자치단체의 적극적인 지원을 통해 교육의 기회·과정·결과에서 발생하는 교육격차를 해소해 나가고 누구든지 사회·경제적인 형편에 상관없이 자신의 능력과 의지만 있으면 교육을 받을 수 있도록 하게 함으로써, 국민의 교육복지 증진을 도모하고자 함.
주요내용
가. 국가와 지방자치단체는 교육복지의 증진을 위하여 노력하여야 하며, 필요한 시책을 수립·시행하여야 함(안 제4조).
나. 교육과학기술부장관은 5년마다 교육복지기본계획을 수립하여야 하며, 교육감은 교육복지기본계획을 기초로 하여 매년 교육복지시행계획을 수립·시행하여야 함(안 제5조 및 제6조).
다. 교육복지에 관한 주요시책을 심의하기 위하여 국무총리 소속으로 중앙교육복지위원회를 두며, 교육복지에 관한 중요사항을 심의하기 위하여 시·도교육청에 지역교육복지위원회를 둠(안 제8조 및 제9조).
라. 교육과학기술부장관은 교육격차를 해소하기 위한 대책을 효율적으로 수립하기 위하여 교육격차의 실태를 주기적으로 조사하여야 하며, 이 때 학교간·지역간·소득계층간 교육격차실태를 우선 조사하여야 함(안 제10조).
마. 교육감은 교육격차해소 우선학교를 지정하고, 우선학교의 장은 기초학습 및 학력증진 지원 등 대통령령으로 정하는 교육격차해소 사업을 실시하여야 하며, 우선학교에 대한 지원 기간은 특별한 사유가 없는 한 3년으로 함(안 제11조 및 제12조).
바. 교육감은 교육격차해소 우선학교를 지정하는 때에는 기초생활수급자 학생·차상위계층 학생·한부모가정 학생·다문화가족 학생·북한이탈주민 학생·조손(祖孫) 가족 학생 등의 현황을 우선 고려하여야 함(안 제11조).
사. 교육격차해소 우선학교로 지정되지 않더라도 다문화가족이 현저히 많은 학교에 대하여는 교육격차해소 우선학교에 대한 행정적·재정적 지원에 준하는 지원을 할 수 있도록 함(안 제15조).
아. 교육과학기술부장관은 교육적·문화적 여건이 상대적으로 열악한 농산어촌 및 도시 저소득지역의 교육복지 증진을 위하여 교육복지투자우선지역을 지정하고 이 지역에 대한 행정적·재정적 지원을 하여야 함(안 제16조).
자. 교육과학기술부장관은 교육복지투자우선지역을 지정하는 때에는 국민기초생활수급권자·차상위계층·한부모 가족·다문화 가족·북한 이탈주민·조손(祖孫)가족·학교급식 지원대상자 등의 현황을 우선 고려하여야 함(안 제18조).
차. 교육복지투자우선지역 지원사업의 내용은 기초학습 및 학력증진 지원·다양한 문화 체험 활동 지원·정서안정 및 정신건강을 위한 지원 등으로 하며, 교육복지투자우선지역에 대한 지원 기간은 특별한 사유가 없는 한 5년으로 함(안 제19조).
카. 교육과학기술부장관은 이 법에 따른 사업이 원활하게 추진될 수 있도록 우선적으로 예산을 지원하여야 하며, 교육격차해소 우선학교 지원사업·다문화가족 학생에 대한 지원사업·교육복지투자우선지역 지원사업을 「지방교육재정교부금법」에 따른 기준재정수요액의 측정항목에 반영하여야 함(안 제26조).","강석호,강용석,고승덕,구본철,구상찬,권영길,권영세",교육과학기술위원회
권영진,50,1800736,PRC_Q0M8A0E8M2N6Q1N1R3W0M1E1J3F5C5,국민건강보험법 일부개정법률안,계류,2008-08-26,"","","제안이유
  직장근로자가 육아 등의 사유로 휴직을 하는 경우 국민건강보험은 국민연금처럼 납부예외가 인정되지 않기 때문에, 근로자는 휴직 기간 동안 건강보험료를 종전대로 납부하거나 복직 후 휴직 전 보수기준으로 소급하여 납부하여야 함. 
  그러나 현재 육아휴직자의 경우 복직 후에 휴직 기간에 미납한 건강보험료 중 50%를 감면해주는 혜택이 있지만, 휴직 기간 동안 실질소득이 감소하였고 출산 및 양육 비용이 증가하는 추세이기 때문에 휴직 전의 보수기준으로 보험료를 소급하여 부담하도록 하는 것은 근로자에게 과도한 부담이 되고 있음. 
  따라서 육아휴직자에게 적용되는 휴직 기간 동안의 건강보험료 부과기준을 실제 지급받았던 보수월액 기준으로 산정하도록 하여 저출산에 따른 출산·육아정책을 적극적으로 지원하려는 것임.
주요내용
  육아휴직을 하였던 가입자의 보험료는 그 휴직 기간 동안에 실제 지급되었던 보수월액을 기준으로 산정하도록 함(안 제63조제2항 단서 신설).","강명순,강석호,구본철,권영진,권택기,김금래,김동성",보건복지위원회
권영진,50,1800735,PRC_Y0Z8Y0P8R2G6C1V1B2K8P1M7G9X4R0,공유재산 및 물품 관리법 일부개정법률안,의결,2008-08-26,2008-12-08,대안폐기,"제안이유
  지방자치 제도가 정착되고 기초자치단체와 광역자치단체간의 교류 또한 활발히 진행되고 있음에도 불구하고 기초자치단체가 지역 발전을 위해 해당지역 내에 있는 광역자치단체 소유의 토지 내에 공공시설물을 유치하고자 함에 있어 이를 허용하지 않고 있는 것은 공공시설물을 이용하고자 하는 주민들의 편익에 불편을 끼치는 것이 현실임.
  특히 기초자치단체장과 광역자치단체장 간 상호 간의 양해와 합의에 의해 광역 또는 기초 자치단체 소유의 토지 내에 공공시설물을 축조하는 것이 현행법에 위배됨.
  이에 지역간 균형발전 및 주민의 편익증대를 위하여 기초자체단체가 광역자치단체의 문화 및 복지시설, 생활체육시설 등을 유치하는 경우 영구시설물을 축조할 수 있도록 하고자 함.
주요내용
  지방자치법으로 정하고 있는 당해 지방자치단체의 장이 서로 사용에 대한 합의를 한 경우에는 공유재산에 건물, 구거(溝渠)·교량 등 구조물과 그 밖의 영구시설물을 축조할 수 있도록 함(안 제13조).","강석호,고승덕,구본철,권영진,김금래,김성조,김성태",행정안전위원회
권영진,50,1800456,PRC_L0Q8I0Y7C2A8U1T7H5R5M2Q6P8J9Z6,소득세법 일부개정법률안,의결,2008-07-28,2008-12-12,대안폐기,"제안이유
  현행 「소득세법」에 따라 해당 거주자가 기본공제대상자인 배우자·직계비속·형제자매 및 입양자를 위하여 지급한 대학 교육비에 대하여는 1인당 연 700만원까지 소득공제 혜택을 받을 수 있음.
  그러나 이 소득공제 한도금액은 지난 2003년 법 개정 당시 사립대학 공학계열의 평균 등록금 수준을 감안하여 결정된 것으로서, 등록금이 폭등하고 있는 최근의 현실을 반영하지 못하고 있음. 참고로 사립대학 공학계열의 평균 등록금은 2003년 615만원에서 2007년 784만원으로 4년 동안 무려 27.5% 인상되는 등, 매년 6.25%의 꾸준한 인상률을 보이고 있음.
  이에 사립대학 공학계열의 평균 등록금 및 등록금 인상률 추이를 감안하여 소득공제 한도금액을 1인당 연 1,000만원으로 인상함으로써, 특별공제제도를 합리적으로 조정하고자 하는 것임.
주요내용
  기본공제대상자인 배우자·직계비속·형제자매 및 입양자를 위하여 지급한 대학 교육비의 소득공제한도금액을 1인당 1천만원으로 상향 조정함(안 제52조제1항제4호가목).","강석호,구본철,권영진,권택기,김동성,김선동,김성식",기획재정위원회
권영진,50,1800455,PRC_A0V8E0I7N2L8O1Z7M5W4P2S1Y2A2W8,국민기초생활 보장법 일부개정법률안,계류,2008-07-28,"","","제안이유
  최근 들어 기초생활수급자 및 차상위자 등 사회취약계층을 지원하기 위한 정부의 각종 정책사업이 증가하고 있는 추세임. 이러한 국가복지사업의 효율적인 추진을 위해서는 사회취약계층에 대한 정확한 통계조사가 우선되어야 할 것임.
  그러나 현행 국민기초생활보장법에 따르면 차상위계층에 대한 조사업무는 시장·군수·구청장의 임의사항으로 규정돼 있어, 차상위계층에 대한 기본적인 통계조사도 제대로 이루어지지 않고 있는 것이 현실임.
  뿐만 아니라 현행 법률에는 거주자의 신청에 의하여 차상위자 해당 여부를 확인할 수 있는 근거가 규정돼 있지 않기 때문에, 거주자가 차상위자에 해당하더라도 기존에 차상위자로 등록돼 있지 않다면 정부의 각종 지원을 받을 수 없는 실정임.
  실제로 이와 같은 법적 불비는 현재 중앙행정기관이 추진중인 각종 차상위자 지원사업의 집행에 심각한 차질을 초래하고 있음.
이에 시장·군수·구청장으로 하여금 차상위계층에 대한 조사를 의무적으로 실시하도록 하고 차상위자 해당 여부에 대한 확인 요청이 있는 경우에는 조사 후 그 결과를 통보하도록 함으로써, 차상위계층 통계의 정확성 및 적시성 확보를 통하여 국가복지사업의 효율성을 제고하고 차상위자 지원사업의 원활한 추진을 도모하고자 하는 것임.
주요내용
  가. 시장·군수·구청장으로 하여금 차상위계층에 대한 조사를 의무적으로 실시하도록 함(안 제24조제1항).
  나. 거주자로부터 차상위자에 해당하는지의 여부에 대한 확인 요청이 있는 경우, 시장·군수·구청장은 사회복지전담공무원으로 하여금 당해 거주자의 소득 및 재산에 관한 사항을 조사하게 하여야 하며 조사가 끝난 후에는 즉시 그 결과를 통보하여야 함(안 제24조제3항 신설).","강석호,고승덕,구본철,권영진,권택기,김동성,김성식",보건복지위원회
권영진,50,1800454,PRC_Y0K8K0G7A2P8Y1I7L5L3M1E9W9U2N8,교육관련기관의 정보공개에 관한 특례법 일부개정법률안,의결,2008-07-28,2009-04-17,수정가결,"■ 제안이유 
2003년 이후 최근 5년간 대학 등록금의 연도별 평균 인상률은 국·공립대학이 8.86% 사립대학이 6.18%로서, 5년간 연도별 평균 소비자물가인상률인 2.94%를 훨씬 상회하는 수준임.
  대학진학률이 82.8%에 달하고 대학 및 대학원의 학생 수가 303만명에 이르고 있는 상황에서, 이와 같은 대학 등록금의 급격한 인상은 교육수요자인 학생은 물론 가계에 적지 않은 경제적 부담을 안겨주고 있는 실정임.
  그럼에도 대학은 등록금의 산정근거를 공개하지 않고 있어, 매년 등록금을 둘러싼 학내분쟁이 발생하는 등 대학의 등록금 책정과정에 대한 교육수요자의 불신이 팽배해지고 있음.
  이에 대학으로 하여금 등록금 및 학생 1인당 교육비의 산정근거를 공시하도록 함으로써, 등록금 책정과정에 대한 교육수요자의 신뢰 형성을 도모하는 동시에 대학측의 합리적인 등록금 책정을 유도하고자 하는 것임.
■ 위원회 수정주요내용 
  고등교육기관의 공시대상정보에 등록금 및 학생 1인당 교육비의 산정근거에 관한 사항을 추가함(안 제6조제1항제8호의2 신설).
■ 위원회 수정이유 
정보공개를 위한 시행령 개정, 기준 마련 등을 위하여 이 법 시행시기를 2010년 1월 1일부터로 수정함.
■ 위원회 수정주요내용 
  이 법은 2010년 1월 1일부터 시행함(부칙).","구본철,권영진,권택기,김선동,김성식,김성회,김영진",교육과학기술위원회
