이윤성,47,1813145,PRC_B1W1B0K9M0B7K1U0L2G6L4A4X3G8N1,공공기관의 운영에 관한 법률 일부개정법률안,계류,2011-09-07,"","","제안이유 및 주요내용
  학력과 지역에 대한 차별을 철폐하자는 사회적인 공감대가 형성되어 있음에도 불구하고 공공기관에서 지역인재 및 전문계 고등학교를 졸업한 우수한 기능인재에 대하여 특별채용하도록 하는 규정이 없어서 이들을 적극적으로 채용하는데 한계가 있음.
  이에 공공기관에서 지역인재 및 기능인재를 견습근무할 수 있도록 하고 견습근무한 자 중에서 우수한 인재를 채용할 수 있도록 규정하려는 것임(안 제37조의2 신설).","김무성,김을동,박상은,윤석용,이윤성,임동규,장제원",기획재정위원회
이윤성,47,1812904,PRC_B1K1H0Q8Q1Y7E1V8B0A2C1M9G7L0G9,지방공무원법 일부개정법률안,계류,2011-08-17,"","","제안이유 및 주요내용
  국가공무원법에서는 2010년 3월부터 지역·기능 인재의 추천 채용 및 견습 근무 규정을 두어 특성화고 또는 마이스터고 등 기술 및 실업계 고등학교 등을 졸업한 우수한 기능인재를 공직에 유치할 수 있는 근거를 마련하고 있는 만큼, 지방공무원법에도 이 지역·기능인재 추천채용제도를 도입하려는 것임(안 제25조의4 신설).","남경필,박상은,손범규,송광호,신학용,이윤성,정해걸",행정안전위원회
이윤성,47,1810917,PRC_V1V1D0A2E2R4X1B6N4R5O2M3Q3O2S5,제대군인지원공단법안,계류,2011-02-24,"","","제안이유
  한참 일할 나이에 전역하게 되는 제대군인들은 사회복귀와 함께 취업 등 사회적응의 어려움에 직면하고 있음. 기능적으로 잘 훈련된 우수한 인적자원임에도 불구하고 국가발전을 위하여 제대로 활용되지 못하고 사장되고 있는 것임. 제대군인의 불안한 미래는 우수한 군 인력 획득 및 유지에 영향을 미쳐 군 전투력 저해 요소로도 작용하고 있음.
  현행 제대군인 지원은 취업·교육·의료·대부 지원 등 지원제도의 기본 체계는 마련되어 있으나, 제대군인 인적자원의 종합적이고 체계적인 개발과 활용을 전담하는 조직이 없이 국방부와 국가보훈처에서 전역 전과 전역 후를 기준으로 동일한 대상자에게 유사한 서비스를 제공하고 있어 기능과 역할이 중복되는 측면이 있으며, 지원 업무 연계성이 원활하지 못해 지원효과도 미비한 실정임. 
  또한, 최근 군 전투력 증강 등 국방 선진화 추진에 따른 국방부의 군 지원분야 위탁사업을 안정적으로 수행할 사회적 수용기반 마련이 요청되고 있음.
  이에 제대군인지원공단을 설립하여 제대군인업무를 통합 관리함으로써 국가를 위해 헌신한 제대군인의 취업·창업 지원 등 원활한 사회 복귀를 지원하여 제대군인의 고용촉진은 물론 군에서 습득한 전문기술 등을 사회에 환원하고 사회발전에도 기여하도록 할 뿐만 아니라, 국방부와 국가보훈처 간의 업무의 연계성을 강화하여 제대군인에 대한 단계적이고 체계적인 취업 지원과 그 효과를 강화하고, 군 지원 분야 위탁사업 업무를 종합적·안정적으로 수행하도록 하기 위함. 아울러 제대군인의 사기고양을 통해 군 전투력 강화 및 군 우수인력 획득에도 크게 기여하고자 함.
주요내용
  가. 제대군인의 원활한 사회복귀를 지원하고 제대군인 인적 자원의 개발ㆍ활용 촉진 등의 사업을 하게 함으로써 제대군인의 복지증진이 이루어 질 수 있도록 제대군인지원공단을 설립함(안 제1조). 
  나. 제대군인지원공단은 제대군인 인적 정보의 수집 및 관리, 제대군인 직업능력개발사업, 제대군인 복지사업, 제대군인 인적 자원 개발ㆍ활용 및 복지 증진에 필요한 연구 사업 등의 사업을 수행함(안 제6조).
  다. 제대군인지원공단에 이사장을 포함한 11명 이내의 이사와 1명의 감사를 둠(안 제7조).
  라. 제대군인지원공단은 사업연도마다 사업계획과 예산안을 국가보훈처장에게 제출하여 승인을 받고, 매 회계연도 종료 후 2개월 이내에 결산서를 국가보훈처장에게 제출하여 승인을 받도록 함(안 제19조 및 제20조).","권경석,권택기,김세연,김을동,김태원,송훈석,원유철",정무위원회
이윤성,47,1810148,PRC_K1X0Z1Q2A0O6W1H6W4H6O4S5M1B6Z7,영주귀국 사할린동포의 고국정착지원에 관한 특별법안,계류,2010-12-06,"","","제안이유
  사할린동포는 1945년 8월 15일까지 일제 강점기에 강제징용 등의 이유로 러시아 사할린에 이주한 사람 및 그 후손으로, 대략 4만3천여명으로 추정되고 있음.
  이에 대해 정부는 「사할린 영주귀국 사업」을 실시하여 영주귀국을 희망하는 사할린 동포에 대한 지원을 하고 있으나 정부 부처 내에서도 관리주체가 불분명하고 체계적이고 효율적인 지원이 미흡한 실정인 바, 일제강점기간에 사할린에 강제 동원된 사할린 동포에 대하여 안정적인 정착 및 생활지원의 대책을 마련할 필요가 있음.
  또한, 영주귀국한 사할린동포가 현지 러시아 사할린에 두고 온 가족과 통신상 상호연락 및 고국을 방문을 하는데 소요되는 비용문제 등으로 인해 어려움을 겪고 있음.
  사할린 동포들은 우리 아픈 역사의 피해자이고 그들의 자유의사에 기인한 것이 아니며 일제에 의해 강제적·고의적으로 강제징용이 된 것이 역사적 사실이라는 점에서, 한·일 과거사문제의 최대현안 중에 하나로 조속한 귀국지원과 정착지원이 절실히 필요함.
  따라서 사할린동포에 대한 영주귀국 및 안정적인 정착을 위한 지원과 사할린에 두고 온 가족들의 영주귀국 대책을 마련함과 동시에 강제징용으로 인한 피해 등에 대하여 정신적, 물질적 배상을 받을 수 있게 일본 정부와 외교적 교섭을 추진 할 수 있도록 법적 근거를 확보하고자 함.
주요내용
  가. 이 법은 사할린동포로서 영주귀국한 자에 대하여 정착지원을 하고 그 가족에 대하여 필요한 지원을 함으로써 그들의 생활안정을 도모함을 목적으로 함(안 제1조).
  나. 국가는 일제강점 당시 사할린동포가 적립하거나 납부한 강제저축금·보험금·연금, 사할린동포가 지급받지 못한 임금 등을 상환을 받을 수 있도록 일본과 외교적 교섭을 강구하여야 함(안 제6조).
  다. 사할린동포의 지원에 관한 사항을 심의하기 위하여 외교통상부에 사할린동포지원위원회를 두고 사할린동포의 지원에 관한 기본정책의 수립 및 정착지원 대상의 사할린동포 해당하는지의 여부 등에 관한 심사를 함(안 제8조).
  라. 국가는 정착지원대상의 사할린동포에 대하여 대통령령이 정하는 바에 따라 정착지원, 주거안정 지원, 고국방문 지원, 이용권 발급 등을 실시하도록 함(안 제10조부터 제13조까지).
  마. 외교통상부장관은 사할린동포에 대한 지원정책을 수립하기 위해 영주귀국하여 국내에서 거주를 희망하는 자, 사할린에 잔류하기를 원하는 자, 가족과 동반하여 영주귀국을 희망하는 자에 대한 현황조사 등 필요한 조사를 실시할 수 있도록 함(안 제14조).
  바. 거짓이나 그 밖의 부정한 방법으로 이 법에 따른 지원을 받거나 지원을 받게 한 자는 5년 이하의 징역 또는 1천만원 이하의 벌금에 처하도록 함(안 제17조).","권영진,김을동,김태원,백성운,송훈석,신낙균,신상진",외교통상통일위원회
이윤성,47,1809983,PRC_T1T0C1Q1O2F2A1P6W2S0L0Y8Y6D3Y0,대한민국 재외공관 설치법 일부개정법률안,의결,2010-11-22,2011-06-23,수정가결,"■ 제안이유 및 주요내용 
  현행 「대한민국 재외공관 설치법」은 외교통상부 소관의 외교 및 영사 사무를 분장하기 위해 외국에 재외공관을 설치하도록 되어 있으며 현재 167개의 재외공관을 운영하고 있음.
  그런데 동법에서는 공관의 임무 및 종류, 출장소 등은 규정을 하고 있으나 공관의 설치 및 변경 기준은 명시적인 규정이 없어, 상황에 따라 외교통상부의 자체적인 내부기준에 따라 재외공관을 설치 및 변경을 하고 있는 실정임.
  따라서 국제사회에서의 환경변화에 따라 우리나라의 위상을 제고하고 재외공관의 탄력적인 수요에 대응하기 위해서 공관을 설치하거나 변경시, 대상국가와의 정무관계, 교역·투자 규모, 교민 및 인적교류 현황, 대상국가의 국제적인 중요도 등에 따라 기준을 정하여 법적 근거를 확보하는 개편방안이 필요함(안 제4조의2 신설).","고흥길,김정훈,손범규,신상진,유기준,윤석용,이석현",외교통상통일위원회
이윤성,47,1809406,PRC_B1Q0M0K9X1X7T1A6U2T2I0V8B9D2E4,청년고용촉진 특별법 일부개정법률안,계류,2010-09-17,"","","제안이유 및 주요내용
  2009년 우리나라의 청년실업률은 8.5%로 전체 실업률(3.7%) 대비 2배 이상 높음.
  그러나 현행법은 공공기관과 지방공기업에만 한정하여 청년 미취업자 고용을 확대하도록 의무를 부여하고, 조세감면이나 보조금을 지급하는 등의 지원을 하고 있어 청년실업문제를 해소하기에는 역부족임.
  이에 민간기업에도 청년 미취업자를 매년 정원의 100분의 3 이상씩을 고용하도록 하고, 이를 달성한 사업주가 전년도 청년 미취업자 고용 비율 이상을 고용한 경우에는 세제상의 혜택을 주거나 고용보험료·산업재해보상보험료의 일부를 지원하도록 함으로써 청년 실업문제를 해소하고 나아가 국가경쟁력을 강화하려는 것임(안 제5조의2 신설).","고흥길,김성곤,김재윤,김정훈,김효재,변웅전,신상진",환경노동위원회
이윤성,47,1806520,PRC_K0A9U1O1X1J1V1B4D2D8Z4K1Y5D0R3,저작권법 일부개정법률안,계류,2009-11-11,"","","제안이유 및 주요내용
  현행법은 이용금지의 표시가 있는 경우를 제외하고는 언론기관에 의하여 보도된 정치·경제·사회·문화·종교에 관한 시사적인 기사나 논설을 다른 언론기관이 복제·배포 또는 방송할 수 있도록 하여 언론기관의 표현의 자유를 보장하고 있음.
  그러나 개인의 경우에는 공표된 저작물을 영리를 목적으로 하지 아니하고 개인적으로 이용하거나 가정 및 이에 준하는 한정된 범위 안에서 이용하는 경우에 복제 가능하며, 보도·비평·교육·연구 등을 위하여 정당한 범위 안에서 공정한 관행에 합치되게 인용할 수 있도록 제한하고 있음.
  따라서 실제적으로 언론보도의 직접 대상자가 된 자의 경우에는 그 내용을 개인 홈페이지나 블러그 등에 단순 게재하는 것만으로도 저작권을 침해하는 것으로 인정되어 처벌대상이 되는 불합리한 측면이 있어 이에 대한 개선이 필요함. 
  이에 직접적으로 시사성 있는 언론보도의 대상자가 된 자는 해당 보도자료를 대통령령으로 정하는 바에 따라 복제·배포 또는 방송할 수 있도록 하려는 것임(안 제27조).","강명순,강성천,김무성,김성태,김정권,김충환,김태원",문화체육관광방송통신위원회
이윤성,47,1806450,PRC_T0T9Q1Q1L0U4A1H6C5O8J5O0M7G8A8,불공정무역행위 조사 및 산업피해구제에 관한 법률 일부개정법률안,의결,2009-11-04,2010-03-18,대안폐기,"제안이유
  최근 지식재산권 침해 또는 원산지표시 위반 물품의 수출입행위 등불공정무역행위로 인하여 국내기업의 피해 등이 속출하고 있음.
  그런데 현행 「불공정무역행위 조사 및 산업피해구제에 관한 법률」(이하 “「산업피해구제법」”이라 함)은 수입자 및 국내 판매자의 지식재산권 침해행위만 규제함으로써 해외공급자가 수입자만 바꾸어 국내에 지식재산권 침해물품을 유통시키는 행위를 신속히 규제하지 못하고 있으며, 무역위원회가 상표권, 저작권 외 특허권 등의 지식재산권 침해 판정을 하고 시정조치의 일환으로 해당 물품의 반입배제를 명하면서 관세청에 통관보류 등의 협조를 요청하여도 법상 근거가 없다는 이유로 이에 대한 협조가 이루어지지 아니하고 있음.
  다음으로, 「산업피해구제법」상 원산지표시 위반 물품의 단속과 관련된 규정을 살펴보면, 이에 대하여 부과하는 과징금이 「대외무역법」상 원산지표시 위반행위에 대하여 부과되는 과징금 3억원의 1/10인 3천만원에 불과하여 처벌의 형평성에 반하는 문제가 있음.
  또한 종전의 원산지표시 위반 물품의 수출입 단속행위는 「대외무역법」상 권한의 위임·위탁규정에 의거 세관장이 담당하였는데, 원산지 표시 위반 물품의 수출입 단속과 관련된 「대외무역법」 규정이 「산업피해구제법」과 중복된다는 이유로 이를 삭제하면서 「산업피해구제법」에 권한의 위임·위탁규정을 마련하지 아니하여 행정공백이 발생하고 있는 실정임.
  이에 지식재산권 침해물품을 해외에서 공급하는 행위도 불공정무역행위에 추가하고, 무역위원회의 시정조치 협조 요청에 대하여 관계 행정기관의 장이 그 요청에 따르도록 하며, 원산지표시 위반행위에 대한 과징금을 3천만원에서 3억원으로 상향조정하고, 그 단속 권한을 세관장에게 위탁할 수 있는 근거규정을 신설함과 아울러 무역위원회의 시정명령 위반 시 이행강제금 부과규정을 신설하는 등 불공정무역행위 근절을 위한 단속체계를 정비하고 불공정무역행위에 대한 제재를 강화하려는 것임. 
주요내용
  가. 불공정무역행위의 유형으로 “수입을 목적으로 지식재산권침해물품등을 해외에서 공급하는 행위”를 추가함(안 제4조제1항제1호가목).
  나. 무역위원회가 불공정무역행위에 대하여 시정조치를 명하면서 그 이행을 위하여 관계 행정기관의 장에게 협조를 요청한 경우, 관계 행정기관의 장은 이에 협조하도록 함(안 제10조제2항 후단 신설).
  다. 불공정무역행위 유형 중 원산지표시 위반행위에 대한 과징금 부과금액을 3천만원에서 3억원으로 상향조정함(안 제11조제3항).
  라. 불공정무역행위에 대한 무역위원회의 시정명령 위반 시 무역위원회는 시정기간 이내에 시정명령을 이행하지 아니한 자에 대하여 다시 상당한 이행기한을 정하여 그 기한까지 시정명령을 이행하지 아니하면 매 1일당 해당 물품등 가액의 100분의 1을 초과하지 아니하는 범위에서 이행강제금을 부과하되, 총 부과금액은 해당 물품등의 가액을 초과할 수 없도록 함(안 제13조의2 신설).
  마. 무역위원회는 이 법을 시행하기 위하여 필요하다고 인정하면 관계 행정기관의 장에게 필요한 자료의 제출을 요청할 수 있도록 함(안 제36조제4항 신설).
  바. 이 법에 따른 무역위원회의 권한의 일부를 특별시장·광역시장·도지사 또는 특별자치도지사에게 위임하거나 세관장 또는 그 밖의 관계 행정기관의 장에게 위탁할 수 있도록 함(안 제39조의2 신설).","강성천,김무성,김성회,김세연,김옥이,김용구,김태원",지식경제위원회
이윤성,47,1806119,PRC_J0P9S0D9L2Y4A1X6Z4Y6S2J7N2D3V6,방위사업법 일부개정법률안,계류,2009-09-24,"","","◎ 제안이유
  방산물자의 수출은 외화획득 뿐만 아니라 국산 무기체계의 원활한 후속개발 지원, 국내 방위산업의 개발잠재력 증가 등 다양한 효과를 가져오므로 정부는 방산물자의 수출경쟁력 확보를 위한 정책적 지원을 강화하여야 함.
  그러나 현행법은 방위사업청장이 국방과학기술을 이용하는 자로부터 기술료를 징수할 수 있도록 규정하고 있는 바, 해당 기술을 이용하여 생산한 방산물자를 국외로 수출하는 경우에도 기술료를 징수하고 있어 수출시장의 초기진입 단계에 있는 국내 방위산업체에 부담을 유발하고 있으므로 방산물자 수출을 진흥하기 위해서는 기술료 부담을 경감할 필요가 있음.
  또한 이전받은 기술을 이용하되 추가적인 기술개발을 통하여 생산한 방산물자를 수출하는 경우에는 방위산업체의 기술공헌도가 높을 수 있으나, 이 경우에도 동일한 기술료를 징수하고 있어 기술 기여에 따른 기술료 분배 문제가 해소되지 않고 있으므로 합리적인 징수기준이 마련될 때까지 기술료 징수를 유예하는 것이 필요함.
  따라서 기술이용자가 국방과학기술을 이용하여 생산한 방산물자를 국외로 수출하는 경우에는 2012년 12월 31일까지 기술료를 면제하도록 함으로써 방위산업체의 수출경쟁력을 강화하고 방위산업의 육성을 도모하려는 것임.
◎ 주요내용
  기술이용자가 국방과학기술을 이용하여 생산한 방산물자를 국외로 수출하는 경우에는 2012년 12월 31일까지 기술료를 면제함(안 제52조제1항 단서 신설).","김동성,김성곤,김세연,김옥이,김정권,김태원,박순자",국방위원회
이윤성,47,1805808,PRC_P0J9Y0W8G3Y1B1O5C0P6Y5S4S4A2D5,물관리 기본법안,계류,2009-08-31,"","","◎ 제안이유
  한국은 1960년대부터 1980년대 말까지는 인간의 생존을 위한 용수공급과 홍수관리 등 기본적 물관리 추진에는 성공하였으나, 1990년대부터 지금까지 지구기후변화에 따른 홍수ㆍ가뭄 관리, 깨끗한 물과 쾌적한 하천환경을 확보하기 위한 지역 간 갈등 해소에는 적절히 대응하지 못하였음.
  그동안 생존을 위한 기본적 요구 문제는 기능별로 분담된 「하천법」, 「수도법」, 「자연재해대책법」 등을 근거로 여러 중앙부처가 독립적으로 해결할 수 있었으나, 1990년대 이후 물관리에 대한 국민의 요구가 기본적 생존이 아닌 삶의 질 문제로 발전되면서부터 홍수ㆍ가뭄, 수량ㆍ수질, 생활용수ㆍ농업용수 등의 문제가 하천환경, 상ㆍ하류, 중앙ㆍ지방 정부로 복잡하게 연계되어 기존의 법체계로는 해결하기 어려웠기 때문임.
  1990년대부터 제기된 새로운 차원의 물 문제에 대한 제도적 장치를 확보하기 위하여 1997년과 2006년에 물관리기본법안이 제안되었으나, 관심 부족으로 제대로 논의조차 안 되고 자동폐기 되었음. 제안된 법안은 전통적 수자원관리 방식을 새로운 패러다임의 통합수자원관리(Integrated Water Resources Management)방식으로 전환시키는 것이었음. 통합수자원관리는 기능별ㆍ행정단위별ㆍ관리기구별로 분화된 수자원관리를 총체적으로 연계하여 지속가능하게 관리하는 것이며, 물관리 조직이 하나로 통합되어야 가능한 것은 아님. 그러나, 제안된 법안은 본래의 취지와는 다르게 ‘물관리 체계의 일원화’를 위한 법안으로 잘못 인식되어 물관리 중앙부처 간 심각한 정치적 갈등을 초래하면서 자동폐기 되었음.
  제안하는 법안은 물관리기본원칙, 물관리기본계획, 국가물관리위원회 등 제도적 틀을 담고, 기존 법안에 대해 그동안 제기된 전문가와 시민단체의 의견을 반영하여 이해당사자 참여와 유역단위 관리 그리고 효율적인 정보 수집과 공개가 보장되도록 보완한 것임.
  제안하는 법안이 시행되면 국가물관리위원회가 관계 중앙행정기관과 함께 수립한 국가물관리전략에 따라 권역별 물관리기본계획이 수립되어 시행됨으로써 물관리 정책 및 업무의 일관성과 효율성이 제고되고, 이해당사자가 참여하는 유역관리로써 지역 간 갈등도 해소될 것이며, 지구기후변화에 효율적으로 대응하게 될 것임.
◎ 주요내용
  가. 효율적인 물관리를 위하여 유역별 관리의 원칙, 통합관리의 원칙, 균형배분의 원칙, 물수요관리 우선의 원칙, 비용부담의 원칙 등 기본원칙을 명시함(안 제7조부터 제13조까지).
  나. 물관리에 물이용자와 주민의 참여를 명시함(안 제12조).
  다. 물관리기관은 관련 정보를 지체 없이 투명하게 공개하도록 함(안 제13조).
  라. 물관리 국가정책을 심의·조정하기 위하여 대통령 직속으로 국가물관리위원회를 둠(안 제14조).
  마. 국가물관리위원회위원장은 10년마다 국가물관리기본전략을 수립하도록 하고 물관리기관은 이를 적용하도록 함(안 제18조).
  바. 국가물관리위원회위원장은 권역별 물관리기본계획을 심의하고 통합하도록 함(안 제19조).
  사. 국가물관리위원회의 임무 수행을 지원하기 위하여 국가물관리위원회 산하에 사무국을 둠(안 제20조).
  아. 국가물관리전략에 따라 권역별 물관리기본계획을 수립하고 정책을 심의·조정하기 위하여 국가물관리위원회에 권역별 위원회를 둠(안 제21조, 제24조).
  자. 관계 중앙행정기관의 장과 지방자치단체의 장은 물관리기본계획에 따라 관련 계획을 수립하도록 함(안 제26조).
  차. 국가물관리전략과 물관리기본계획의 수립 등을 지원하기 위하여 국가물관리위원회 산하에 국가물관리평가원을 설립함(안 제28조).","강성천,김금래,김세연,김옥이,김태원,나성린,박대해",국토해양위원회
이윤성,47,1804789,PRC_K0Z9J0L5O0R6N1M7D0X8T4N4R6A9A3,신에너지 및 재생에너지 개발·이용·보급 촉진법 일부개정법률안,의결,2009-05-06,2010-03-18,대안폐기,"제안이유 및 주요내용
  현행법은 외국에서 수입된 솔렉스 등 유사석유제품을 신·재생에너지라고 주장하여 지원을 요청하는 민원이 빈번하게 제기되어 이를 제한하기 위해 영리를 목적으로 수입된 신·재생에너지에 대하여는 본법을 적용하지 않는다고 규정하여 지원의 대상에서 배제해 왔음.
  하지만 법문에서는 단순히 영리를 목적으로 수입된 신·재생에너지를 적용의 대상에서 제외한다고 규정하고 있어, 당초 문제가 되었던 유사석유제품이 적용에서 제외되는지의 여부가 명확하지 않다는 비판이 있어 왔음.
  따라서 유사석유제품을 본법의 적용대상에서 명확히 제외하기 위하여 적용제외 대상에 유사석유제품을 명기하려는 것임(안 제3조).","강성천,김영우,김옥이,김정훈,김태원,김학송,박종희",지식경제위원회
이윤성,47,1804195,PRC_F0L9S0Y3S1X8E1D1V0Q2T5M0M7G9L5,다중이용시설 등의 실내공기질관리법 일부개정법률안,계류,2009-03-18,"","","제안이유
  현행법에 따르면 다중이용시설의 경우 실내공기질 유지기준을 정하여 시설의 소유자 등에게 이를 준수하도록 하고 있으나, 신축 공동주택의 경우에는 기업의 자율규제를 위해 실내공기질 권고기준만을 두고 있을 뿐 의무화된 기준은 도입되어 있지 않음.
  이와 같이 신축 공동주택의 실내공기질 관리를 법적으로 강제하지 아니하여 친환경적 주거공간을 제공하기 위한 시공사들의 노력을 유도하지 못하고 있으며, 그 결과 새집증후군이 여전히 해결되지 않고 있는 실정임.
  또한 오염물질을 관리하여야 할 자인 공동주택의 시공자 및 다중이용시설의 소유자등이 직접 실내공기질을 측정하고 있어 그 결과에 대한 신뢰성이 저하되는 등의 문제점이 있음.  
  이에 신축 공동주택의 경우에도 실내공기질 유지기준에 맞게 시공하도록 의무화하고, 실내공기질의 측정을 전문업자로 하여금 측정하도록 하여 실내공기질을 보다 체계적으로 관리하고 국민의 건강을 보호하는 데 기여하려는 것임.   
주요내용
  가. 신축 공동주택의 시공자는 공동주택의 쾌적한 실내공기질을 유지하기 위한 기준에 맞게 공동주택을 시공하여야 하며, 이를 위반한 경우 1천만원 이하의 과태료를 부과함(안 제9조제1항 및 제16조제1항).
  나. 공동주택 및 다중이용시설의 실내공기질을 환경부령으로 정하는 자로 하여금 측정하도록 함(안 제9조제2항 및 제12조제1항).
  다. 시·도지사는 신축 공동주택이 공기질 유지기준에 맞지 아니하게 시공되는 경우 시공자에게 개선명령을 할 수 있도록 함(안 제10조).","권택기,김성곤,김옥이,김효재,문희상,박대해,박준선",환경노동위원회
이윤성,47,1803486,PRC_B0P9V0O1F1Y2N1J6U3A1W4Q3S8V8V8,산업재해보상보험법 일부개정법률안,의결,2009-01-12,2009-09-16,원안가결,"제안이유 및 주요내용
  정부 내에 각종 위원회가 난립하여 의사결정의 속도를 떨어뜨리고 책임행정을 저해하는 한편 예산의 낭비를 초래하고 있어 보험에 관한 중요 사항을 심의하는 「산업재해보상보험법」 제8조의 산업재해보상보험심의위원회와 산업안전보건에 관한 기본계획 및 중앙행정기관과 관련되는 주요정책을 종합적으로 심의·조정하기 위한 「산업안전보건법」제7조의 산업안전보건정책심의위원회를 통합하여 산업재해의 예방과 보상체계를 종합적으로 심의할 수 있도록 할 필요가 있음
  이에 산업재해보상보험심의위원회의 명칭 및 기능을 변경하고 산업안전과 보건에 관한 전문적 사항을 조사·연구하게 하기 위해 산업재해보상보험심의위원회의 기능을 일부 정비하여 산업재해보상보험 및 예방에 관한 중요 사항을 연계하여 효율적으로 심의할 수 있도록 동 법의 산업재해보상보험심의위원회에 관한 사항을 개정하려는 것임(안 제8조).
참고사항
  이 법률안은  2009. 1. 12. 이윤성의원이 대표발의한 「산업안전보건법 일부개정법률안」(의안번호 제3485호)의 의결을 전제로 하는 것이므로 같은 법률안이 의결되지 아니하거나 수정의결 되는 경우에는 이에 맞추어 조정하여야 할 것임.","구본철,김태원,김효재,박준선,백성운,이경재,이달곤",환경노동위원회
이윤성,47,1803485,PRC_X0V9O0L1V1W2M1A6J3P0X2U9E4O4P4,산업안전보건법 일부개정법률안,의결,2009-01-12,2009-09-16,대안폐기,"제안이유 및 주요내용
  정부 내에 각종 위원회가 난립하여 의사결정의 속도를 떨어뜨리고 책임행정을 저해하는 한편 예산의 낭비를 초래하고 있음. 
  이에, 부처 중심의 책임행정체제를 확립하고 의사결정의 신속성을 높이기 위하여 산업안전보건법상 산업안전보건정책심의위원회를 폐지하고 그 기능을 산업재해보상보험법상 산업재해보상심의위원회에서 통합하여 수행하도록 하려는 것임(안 제8조제2항).
참고사항
  이 법률안은  2009. 1. 12. 이윤성의원이 대표발의한 「산업재해보상보험법 일부개정법률안」(의안번호 제3486호)의 의결을 전제로 하는 것이므로 같은 법률안이 의결되지 아니하거나 수정의결 되는 경우에는 이에 맞추어 조정하여야 할 것임.","구본철,김태원,김효재,박준선,백성운,이경재,이달곤",환경노동위원회
이윤성,47,1803484,PRC_S0H9U0Q1J1V2G1Y6O2R8K5D6N6N2E4,공유수면관리법 일부개정법률안,의결,2009-01-12,2010-03-18,대안폐기,"제안이유
  현행법에서는 공유수면의 점·사용 허가기간은 3년 이하로 하고, 「수산업법」에 따른 육상해수양식어업 또는 종묘생산어업을 하려는 경우에는 제한적으로 허가기간을 5년 이하로 하며, 관리청은 점·사용허가를 받은 자로부터 매년 점·사용료를 징수하도록 하고 있다. 
  그러나 신·재생 에너지 산업분야인 해상풍력 및 조력 발전산업의 경우 공유수면 점·사용허가를 받아 설치한 관련 시설은 현행법상 각각 공작물 및 수문으로 분류되어 점·사용 허가기간은 3년 이하이고, 3년마다 연장 허가를 받아야 하는 실정임.
  이것은 해상풍력 및 조력 발전시설의 내구연한이 각각 15년 및 30년 이상인 특성을 고려하였을 때 해당 사업을 장기적이고 효율적으로 추진하는데 지장을 초래할 수 있음.
  따라서 공유수면의 점·사용 허가기간을 허가대상별로 구분하여 정하는 동시에 부두·방파제·수문·건축물 및 공작물 등 시설의 경우 그 내구연한을 고려하여 허가기간을 정하도록 함으로써 해상풍력 및 조력발전과 같이 친환경적인 신·재생에너지 산업을 활성화하는 등 공유수면을 보다 용이하게 활용할 수 있도록 하려는 것임.
주요내용
  공유수면의 점·사용 허가기간을 부두·방파제·교량·수문·건축물 또는 이와 유사한 시설물의 설치를 목적으로 하는 경우에는 30년 이내, 공작물 설치를 목적으로 하는 경우에는 15년 이내, 그 외의 경우에는  5년 이내의 범위에서 국토해양부령으로 정하는 기간으로 하도록 함(안 제6조의2).","구본철,김태원,김효재,박준선,백성운,안상수,이경재",국토해양위원회
이윤성,47,1803191,PRC_K0B8P1Z2S2X4F1Y5D4E6U0S2H7H2W7,건설폐기물의 재활용촉진에 관한 법률 일부개정법률안,계류,2008-12-24,"","","제안이유 및 주요내용
  현행법에 따르면 건설폐기물을 배출, 수집·운반, 보관, 중간처리 하고자 하는 자는 대통령령으로 정하는 기준과 방법에 의하도록 하고 있으며, 이를 위반할 경우 3년 이하의 징역 또는 2천만원 이하의 벌금에 처하고 있음.
  이와 같이 벌칙 부과대상인 행위를 전적으로 대통령령에 위임하고 있어 죄형법정주의에 위배될 소지가 있으므로 중요한 사항은 법률에 직접 규정하려는 것임(안 제13조제1항).","강성천,구본철,김태원,박종희,서청원,안경률,윤석용",환경노동위원회
이윤성,47,1803190,PRC_L0I8I1F2U2B4E1K5U4M5T1S5O0P0R5,폐기물관리법 일부개정법률안,계류,2008-12-24,"","","제안이유 및 주요내용
  현행법에 따르면 폐기물처리업을 하려는 자는 시·도지사의 허가를 받아야 하며, 허가받은 사항 중 환경부령으로 정하는 중요사항을 변경하려면 변경허가를 받아야 함. 또한 변경허가를 받지 아니한 경우 3년 이하의 징역이나 2천만원 이하의 벌금에 처하고 있음. 
  이와 같이 변경허가 사항을 전적으로 환경부령에 위임하고 있으나, 폐기물처리업에 관하여 허가받은 사항의 변경허가는 국민에 대한 의무부과일 뿐만 아니라 벌칙 부과대상 행위이므로 중요한 사항은 법률에 직접 규정하려는 것임(안 제25조제11항).","강성천,구본철,김태원,박종희,서청원,안경률,윤석용",환경노동위원회
이윤성,47,1803189,PRC_U0K8Z1A2H2Q4R1E5L4O4I2S5O3T1J0,직업안정법 일부개정법률안,의결,2008-12-24,2009-09-16,대안폐기,"제안이유 및 주요내용
  현행법에 따르면 제3자가 근로자의 취업에 개입하여 영리를 취하거나 임금을 착취하는 등 근로자의 권익이 침해되는 것을 방지하기 위하여 노동부장관으로부터 허가를 받은 자에 한하여 근로자공급사업을 하도록 규정하고 있으나, 근로자공급사업의 허가대상과 요건을 대통령령에 포괄적으로 위임하고 있어 법치주의에 위배될 뿐만 아니라 행정청의 자의적 판단으로 근로자의 권익을 침해할 소지가 있음.
  이에 근로자공급사업을 근로자가 취직하고자 하는 장소를 기준으로 국내와 국외로 구분하고, 사업허가를 받을 수 있는 자를 노동조합 등으로 법률에 명확히 규정함으로써 근로자의 권익향상과 직업의 안정에 기여하려는 것임(안 제33조).","구본철,김태원,박종희,윤석용,이경재,이계진,이명규",환경노동위원회
이윤성,47,1800484,PRC_X0X8E0S7H3Z0W1F7W4W8Q2X8N2R5C7,고속국도법 일부개정법률안,계류,2008-07-30,"","","제안이유
  고속국도의 경우 30년 이내의 기간 동안 건설유지비총액의 범위 내에서 통행료를 징수하도록 하고 있는 유료도로 통행료 징수원칙에도 불구하고 모든 고속국도를 하나로 통합하는 통합채산 방식으로 운영되어 통행료 수납기간 규정이 사실상 사문화되고 있는 실정임. 
  또한 일부 고속국도의 경우 대도시권의 내부도로화 되거나 노후화로 제 기능을 하지 못하고 있으나, 고속국도 노선 해제요건에 대한 규정의 미비로 사정변경에 대한 고려 없이 당초 지정된 대로 유지됨으로써 해당 지방자치단체의 지역개발사업 추진에 장애요인이 되고 있음.
  이에 고속국도 노선의 전체 또는 일부를 해제할 수 있도록 하여 지방자치단체의 지역개발사업 추진을 원활히 하는 한편 고속국도의 합리적인 관리를 도모하고자 하는 것임.
주요내용
  노선 지정 후 30년이 경과하고 통행료 수납액의 총액이 건설유지비총액의 100분의 200을 초과한 고속국도로서 지역개발의 추진 등과 관련하여 해당 지방자치단체장의 요청이 있는 경우 및 도로의 노후화 등으로 고속국도로서의 기능이 어려운 경우에는 고속국도 전체 또는 일부 노선을 대통령령으로 해제할 수 있도록 함(안 제3조제2항 신설).","구본철,김효재,박종희,백성운,안상수,유정복,윤두환",국토해양위원회
이윤성,47,1800483,PRC_B0E8G0R7T3W0J1R7X3O6Y1U8H5Q6N3,대외무역법 일부개정법률안,의결,2008-07-30,2008-12-02,원안가결,"제안이유
  현행법은 수출입 질서를 유지하기 위하여 타인의 특허권 등 지적재산권을 침해한 물품이나 원산지를 거짓으로 표시한 물품등을 수출 또는 수입하는 행위인 불공정수출입행위를 금지하고 시정조치를 명하거나 과징금을 부과할 수 있도록 하고 있음.
  그러나 이러한 불공정수출입행위는 「불공정무역행위 조사 및 산업피해구제에 관한 법률」 제4조에서 정하고 있는 불공정무역행위와 사실상 동일한 내용을 규정하고 있어 중복규제라는 문제가 제기되어 왔음.
  따라서 규제의 간소화와 규제기관의 일원화를 도모하기 위하여 제42조를 삭제하고 이에 따라 벌칙규정 등을 정비하려는 것임.
주요내용
  가. 불공정수출입행위 규정을 삭제함(제42조 삭제).
  나. 제42조의 삭제에 따라 절차규정 및 벌칙규정을 정비함(안 제33조제5항, 제54조, 제55조, 제56조).","고승덕,구본철,김태원,백성운,원희목,이명규,이윤성",지식경제위원회
이윤성,47,1800482,PRC_A0U8B0J7G3O0U1H7S3Y5R1C6A5Q4T0,불공정무역행위조사및산업피해구제에관한법률 일부개정법률안,의결,2008-07-30,2008-12-02,원안가결,"제안이유
  현행법은 수출입 질서를 유지하기 위하여 타인의 특허권 등 지적재산권을 침해한 물품이나 원산지를 거짓으로 표시한 물품등을 수출 또는 수입하는 행위인 불공정무역행위를 금지하고 무역위원회가 시정조치를 명하거나 과징금을 직접 부과 혹은 지식경제부장관에게 부과토록 건의할 수 있도록 하고 있음.
  이러한 불공정무역행위는 「대외무역법」 제42조에서 정하고 있는 불공정수출입행위와 사실상 동일한 내용을 규정하고 있어 중복규제라는 문제가 제기되어 왔음.
  따라서 규제의 간소화와 규제기관의 일원화를 도모하기 위한 「대외무역법」의 개정에 맞추어 불공정무역행위의 절차규정과 벌칙규정을 정비하려는 것임.
주요내용
  가. 무역위원회가 불공정무역행위의 유형 및 기준을 정하여 공고할 수 있도록 함(안 제4조제2항 신설).
  나. 「대외무역법」의 개정에 맞추어 벌칙규정을 정비함(안 제40조제1항제1호, 제40조의2, 제40조의3 신설).","고승덕,구본철,김태원,백성운,원희목,이명규,이윤성",지식경제위원회
이윤성,47,1800481,PRC_A0J8A0K7P3O0S1A7O2L5S3V7E5Q3A5,액화천연가스 인수기지 주변지역 지원에 관한 법률안,계류,2008-07-30,"","","제안이유
  액화천연가스는 일반 천연가스보다 청결하고 고칼로리 일뿐만 아니라 수송 및 저장이 유리하다는 점 등으로 인해 21세기 청정에너지원으로 그 수요가 증가하는 추세임을 감안하면, 액화천연가스 인수기지를 적기에 설치·운용하는 것은 국가 에너지정책의 중요한 과제임에도 불구하고 액화천연가스 인수기지가 설치되는 주변지역 주민들이 인수기지를 위해시설로 인식하고 그 안전성에 대한 우려 등을 이유로   집단민원을 지속적으로 제기하고 있으며, 이로 인하여 인수기지의 원활한 설치와 운영에 어려움을 겪고 있는 실정임.
  따라서 현행 발전소 주변지역에 대한 지원사업을 위하여「발전소 주변지역 지원에 관한 법률」이 제정·시행되고 있음을 감안하여, 액화천연가스 인수기지 주변지역에 대해서도 상응하는 지원대책을 강구함과 동시에 주민참여를 통한 지원사업의 시행 및 안전진단 등의 조치를 취할 수 있는 법적 근거를 마련함으로써 지역주민의 이해를 바탕으로 한 인수기지의 설치 및 운영을 통하여 액화천연가스의 안정적인 공급 인프라를 구축하고 지역발전을 촉진하려는 것임.
주요내용
  가. 이 법의 목적은 지역주민의 이해를 바탕으로 한 인수기지의 설치·운영을 위하여 인수기지의 주변지역에 대한 지원사업과 지원사업 시행과정에서의 주민참여 등에 관한 사항을 정하려는 것임(안 제1조).
  나. 국가 및 지방자치단체 등은 상호 협력하여 주변지역의 위해 방지 및 지원시책을 적극 추진하도록 함(안 제3조)
  다. 지원사업을 효율적으로 추진하기 위하여 주변지역지원사업기금을 설치하고, 기금의 재원은 한국가스공사 등의 출연금과 천연가스소비자로부터 징수한 가스사용부담금 등으로 조성함(안 제4조부터 제7조까지).
  라. 지식경제부장관은 인수기지로부터 반경 5킬로미터 이내의 육지 및 도서지역이 속하는 읍·면·동의 지역을 주변지역지원사업심의위원회 심의를 거쳐 주변지역으로 지정·고시하도록 함(안 제8조제1항).
  마. 지식경제부장관은 인수기지의 위치와 특성 및 그 인접지역의 환경적 여건 등을 고려하여 그 지정범위를 반경 10킬로미터까지 확장하여 주변지역을 지정·고시할 수 있도록 함(안 제8조제2항).
  바. 주변지역 지원사업에 관하여 중요사항을 심의하기 위하여 지식경제부장관 소속하에 주변지역지원사업심의위원회를 설치함(안 제9조제1항).
  사. 지식경제부장관이 주변지역에 대한 지원사업에 관한 연간계획을 수립하고, 주변지역을 관할하는 시장·군수 또는 구청장이 당해 지역의 지원사업에 관한 장기계획을 수립할 수 있도록 함(안 제10조).
  아. 지식경제부장관, 주변지역지원사업심의위원회 또는 시장·군수·구청장은 주변지역지정안 또는 지원사업계획안을 수립한 때에는 공청회를 개최하여 지역 주민등의 의견을 듣고, 제시된 의견이 타당하다고 인정하는 때에는 이를 반영하도록 함(안 제11조).
  자. 지원사업의 종류는 지역개발기본지원사업, 도시가스요금보조사업, 주민복지지원사업, 기업유치지원사업 등으로 함(안 제12조).
  차. 지원사업은 주변지역을 관할하는 지방자치단체의 장, 한국가스공사 또는 인수기지의 소유자가 시행하도록 하되, 기금사업과 병행하여 자기자금으로도 시행할 수 있도록 함(안 제13조 및 제14조).
  카. 주변지역에 공공시설을 우선적으로 설치할 수 있고, 주변지역의 주민을 우선적으로 고용할 수 있도록 함(안 제17조 및 제18조).
  타. 지원사업의 시행자는 인수기지에 대한 정기적인 안전진단을 실시하여 그 과정 및 결과에 관한 정보를 공개하도록 함(안 제19조).","구본철,박종희,송영길,윤상현,이경재,이군현,이명규",지식경제위원회
이윤성,47,1800251,PRC_U0X8I0Q7G1O4S1R5P0S9P1P3K6U8W2,해외자원개발 사업법 일부개정법률안,의결,2008-07-14,2009-12-07,대안폐기,"■ 제안이유 
  최근 국제유가가 급등하면서 석유를 대체할 수 있는 에너지인 바이오연료에 대한 관심이 집중되고 있는 가운데 세계 각국은 잉여농산물 및 바이오 원료 플랜테이션 사업을 통해 친환경 대체에너지 보급을 적극 지원하고 있음.
  우리나라의 경우 바이오 연료용 잉여농산물 부족으로 수입에 의존하고 있는 실정임에 따라 국제 곡물가 급등시 경제성 확보에 어려움 있음.
  이에 따라 해외자원개발법에 따른 해외자원개발사업 분야에 ‘바이오연료의 원료작물’을 포함시켜 바이오연료의 원료작물 개발사업을 지원할 수 있는 근거를 마련함으로써 화석연료 고갈과 기후변화협약에 대응하고, 에너지원을 다양화하여 고유가에 대비하려는 것임. 
■ 주요내용 
  가. “해외자원”의 범위에 대통령령이 정하는 광물, 농·축산물 및 임산물 외에 바이오연료의 원료작물도 포함하도록 함(안 제2조제3호).
  나. 대한민국국민이 해외자원개발사업을 하고자 하는 경우 대통령령이 정하는 바에 의하여 개발하고자 하는 해외자원이 바이오연료의 원료작물일 경우에는 지식경제부장관에게 해외자원개발사업계획을 신고하도록 함(안 제5조제1항).","구본철,김소남,김태원,박종희,신학용,안상수,원희룡",지식경제위원회
이윤성,47,178145,PRC_U0R8S0D1O2X4U1L8X3D6N4N0E1H7V9,무역거래기반 조성에 관한 법률 일부개정법률안,의결,2008-01-24,2008-02-26,원안가결,"■ 제안이유
  고등교육법상 다양한 고등교육 실시 학교를 무역거래기반조성사업의 시행기관이 될 수 있도록 하여 무역거래기반조성사업의 효율적인 시행을 도모하고, 현재 시행령에 규정되어 있는 중소기업수출지원센터의 설치 근거 및 세부사항에 대한 위임 근거를 법률에 규정하여 법체계를 정비하고자 함.
■ 주요내용
가. 고등교육법상 대학ㆍ산업대학ㆍ전문대학뿐만 아니라 고등교육을 실시할 수 있는 각종 학교도 무역거래기반조성사업의 시행기관이 될 수 있도록 함(안 제4조제2항제2호).
나. 대통령령에 규정되어 있는 중소기업수출지원센터의 설치 및 운영에 관한 위임 근거를 법률에 규정함(안 제12조의2).","김명주,신상진,안명옥,윤건영,윤두환,이명규,이병석",산업자원위원회
이윤성,47,178144,PRC_X0N8I0I1B2M4Y1S8N3H1U2M0Y9X8O4,소기업 및 소상공인지원을 위한 특별조치법 일부개정법률안,의결,2008-01-24,2008-02-26,원안가결,"제안이유 및 주요내용
  소기업 중 공장설립의 특례 적용대상이 되는 공장의 건축면적 또는 이에 준하는 사업장의 면적을 대통령령으로 정하도록 위임하고 있지 않음에도 불구하고, 이를 대통령령으로 규정하고 있는 것은 법률의 위임근거가 없는 것임.
  공장설립의 특례적용 대상을 법률의 위임근거 없이 하위법령에서 구체적으로 규정하는 것은 법률의 근거없이 하위법령에서 제한적인 권리의 특례를 규정하는 것으로 법률에 이의 위임근거를 명시하고자 하는 것임.","김명주,신상진,안명옥,윤건영,윤두환,이경재,이명규",산업자원위원회
이윤성,47,178143,PRC_O0D8L0X1F2I4Q1M8Y2D8U1H9X5K5Z7,전기사업법 일부개정법률안,의결,2008-01-24,2008-02-26,원안가결,"제안이유
  「고등교육법」상 대학뿐만 아니라 고등교육을 실시하는 각종 학교에 종사하는 자도 전기위원회의 위원이 될 수 있도록 그 자격요건을 확대함으로써 전기위원회의 전문가 범위를 보완하고, 법률에 규정되어야 할 사항인 전력정책심의회의 설치 등에 대한 위임 근거를 법률에 규정하여 법체계를 정비하고자 함.
주요내용
가. 전력산업기반조성계획의 수립·시행에 관한 중요사항을 심의하는 전력정책심의회의 설치 등에 대한 위임근거를 신설함(안 제47조의2 신설).
나. 「고등교육법」상 대학뿐만 아니라 고등교육을 실시할 수 있는 각종 학교에 종사하는 자도 전기위원회의 위원 자격이 될 수 있도록 함(안 제54조제1항제3호).","김명주,신상진,안명옥,윤건영,윤두환,이명규,이병석",산업자원위원회
이윤성,47,176736,PRC_L0P7N0T6A0E1H1T4D3I9K2P7H2O6M9,중소기업기술혁신 촉진법 일부개정법률안,의결,2007-05-31,2007-07-03,수정가결,"■ 제안이유 
한미 자유무역협정 체결 등 무한경쟁의 시대에 우리나라가 재도약을 하기 위해서는 중소기업의 경쟁력 제고가 무엇보다 중요함.
  특히 기술 및 경영혁신 활동의 부진, 연구장비 및 전문인력의 부족, 생산성 저하 등 중소기업이 겪고 있는 어려움은 지속되고 있으나 이를 지원할 수 있는 근거가 미약함.
  따라서 국제 기술협력, 경영혁신형 중소기업 발굴ㆍ육성, 생산환경개선 및 생산성향상, 연구시설ㆍ장비의 이용알선 및 활용 등을 지원하여 중소기업의 경쟁력 강화를 촉진하는 한편, 기술통계 작성 위탁기관을 확대하고, 산학협력 지원사업의 근거를 명확히 규정하는 등 그동안 법 운영상의 미비점 및 변경사항을 보완하려는 것임.
■ 주요내용 
  가. 중소기업 기술통계의 전문성을 강화하기 위하여 작성기관을 중소기업중앙회 및 기술진흥전문기관으로 확대함(안 제8조제4항).
  나. 산학협력 지원사업의 근거를 명확히 규정하고, 출연대상기관을 과학기술기술분야 정부출연 연구기관으로 확대함(안 제9조제1항제9호 신설 및 제11조제1항).
  다. 중소기업과 국제기구 또는 외국의 정부ㆍ기업ㆍ대학ㆍ연구기관 및 단체 등과의 기술협력을 촉진함(안 제11조의2 신설).
  라. 기술혁신형 중소기업 발굴ㆍ육성을 경영혁신을 포함한 혁신형 중소기업 발굴ㆍ육성으로 확대함(안 제15조).
  마. 중소기업의 기술혁신을 촉진하기 위하여 대학ㆍ연구기관ㆍ공공기관 등이 보유한 연구시설ㆍ장비의 이용알선 및 활용을 지원함(안 제25조의2 신설).
■ 위원회 수정사항 
  □ 수정이유 및 수정주요내용 
개정안은 기술혁신형 중소기업과 경영혁신형 중소기업의 발굴·육성을 위해 필요한 사업을 “혁신형 중소기업육성사업”으로 규정하고 있으나 현재 혁신형 중소기업의 범위에 포함되는 벤처기업이 혁신형 중소기업에서 제외되는 것으로 해석될 소지가 있으므로, 이를 “기술혁신형 중소기업 및 경영혁신형 중소기업육성사업”으로 규정함.","곽성문,김성조,김태환,박순자,원희룡,이명규,이성권",산업자원위원회
이윤성,47,176485,PRC_C0Q7H0E4E2H3W1W8X3B5B1L8Z1A3J5,제17회 인천아시아경기대회 지원법안,의결,2007-04-20,2007-11-22,대안폐기,"■ 제안이유 
2014년에 개최되는 제17회 인천아시아경기대회를 인천광역시가 유치함에 따라 성공적인 대회개최를 위한 국가적 차원의 지원이 필요함.
  제17회 인천아시아경기대회는 국제사회에서 우리나라의 신뢰와 위상을 높이고, 동북아의 평화정착과 인류 공동번영에 크게 이바지 할 뿐 아니라 13조원의 국내 생산유발 효과, 5조6천억원의 부가가치유발 효과, 27만명의 고용유발 효과가 예상되는 국제행사임.
  이에 대회주관기관으로 설립될 ‘2014년인천아시아경기대회조직위원회’와 동 대회 관련사업을 지원하기 위한 법적 근거를 마련하여 대회를 성공적으로 개최함으로써 국민체육을 진흥하고 국위선양과 국가발전을 도모하려는 것임.
■ 주요내용 
  가. 대회준비와 운영을 위해 설립된 조직위원회는 재단법인으로 하고 동 위원회의 원활한 운영과 활동을 위하여 국가·지방자치단체·정부투자기관·법인·단체 등이 지원할 수 있도록 함(안 제3조).
  나. 조직위원회는 운영에 필요한 자금과 대회 준비 및 운영에 필요한 비용을 충당하기 위하여 대회기금을 설치할 수 있도록 하고, 동 기금의 재원은 정부 및 정부외의 자의 출연금·보조금·기부금, 차입금, 수익금, 기타 수입금 등으로 함(안 제4조).
  다. 조직위원회는 그 운영과 활동을 위하여 세제상 지원 및 소득계산의 특례를 받도록 하고, 동산 또는 부동산을 취득하는 경우에 국가기관의 예에 따라 채권 등의 매입의무를 면제함(안 제6조 내지 제8조).
  라. 조직위원회는 대회의 준비 및 운영에 필요한 비용을 충당하기 위해 문화관광부장관의 승인을 얻어 체육복권의 증량발행, 기념주화의 판매, 옥외광고사업, 기념우표 등 발행사업, 택지 등 분양사업 등을 할 수 있도록 함(안 제9조 내지 제14조).
  마. 조직위원회는 대회를 위한 업무 기타 대회와 관련한 사업을 추진함에 있어 수수료 또는 사용료를 받을 수 있도록 함(안 제15조).
  바. 조직위원회는 업무수행을 위하여 필요하다고 인정할 때에는 문화관광부장관의 승인을 얻어 관계행정기관, 지방자치단체, 대회와 관련된 법인 등에 공무원, 임·직원 파견을 요청할 수 있으며, 또한 국가, 공공단체, 연구기관 등에 대회와 관련된 자료를 요청할 수 있도록 함(안 제17조 및 제18조).
  사. 조직위원회가 해산하는 경우에 잔여재산의 귀속은 공익법인의설립·운영에관한법률의 규정을 준용하도록 함(안 제21조).
  아. 인천광역시장은 대회의 개최를 위하여 대회 관련시설의 설치 등에 관한 계획을 수립·시행하여야 하며, 이 계획과 관련된 지방자치단체는 이의 수행에 협조하도록 함(안 제22조).
  자. 국가는 경기장 등 대회관련시설의 신설·신축 및 개·보수에 관하여 사업비의 일부를 지원할 수 있도록 함(안 제23조).
  차. 조직위원회가 지정한 휘장, 마스코트 등을 사용하고자 하는 자는 조직위원회의 승인을 받도록 하고, 이를 위반한 자는 5년 이하의 징역 또는 2천만원 이하의 벌금에 처하며, 또 조직위원회와 유사한 명칭의 사용을 금하도록 하고, 이를 위반한 자는 300만원 이하의 과태료를 부과하도록 함(안 제24조 내지 제28조).","김기현,김재경,김태환,나경원,남경필,박희태,배일도",문화관광위원회
이윤성,47,176221,PRC_G0H7P0I3M1B3L1T6D4U3O2U2G2P8J9,고압가스 안전관리법 일부개정법률안,의결,2007-03-12,2007-04-27,대안폐기,"■ 제안이유 및 주요내용 
가스사고 발생시 신속한 보고체계를 구축하여 사고의 확대 및 대형사고를 방지하고자 관련 규정을 신설함(안 제26조 신설).","곽성문,김교흥,김명주,신상진,안명옥,이병석,이성권",산업자원위원회
이윤성,47,176220,PRC_F0Q7X0X3P1V3W1M6C4O2N0G4D4N0U5,도시가스사업법 일부개정법률안,의결,2007-03-12,2007-04-27,대안폐기,"■ 제안이유 및 주요내용 
가스사고 발생시 보고해야 하는 사고의 종류를 법률에 명시하는 한편, 가스사고의 발생시 그 사실을 즉시 보고토록 함으로써 보고의 누락이나 지연 등에 따른 사고의 확대를 방지하고자 함(안 제41조제3항).","곽성문,김교흥,김명주,신상진,안명옥,이병석,이성권",산업자원위원회
이윤성,47,176219,PRC_S0U7L0Z3A1X3L1R6G4T4S3N1I0I7N7,액화석유가스의안전관리및사업법 일부개정법률안,의결,2007-03-12,2007-04-27,대안폐기,"■ 제안이유 및 주요내용 
가스사고 발생시 보고해야 하는 사고의 종류를 명시하는 한편, 가스사고의 발생시 그 사실을 즉시 보고토록 함으로써 보고의 누락이나 지연 등에 따른 사고의 확대를 방지하고자 함(안 제35조의2 제1항).","곽성문,김교흥,김명주,신상진,안명옥,이병석,이성권",산업자원위원회
이윤성,47,176210,PRC_Y0H7E0K3T1G3R1G3N4H9H3E7I9J0S4,액화천연가스 인수기지 주변지역 지원에 관한 법률안,의결,2007-03-08,2008-05-29,임기만료폐기,"■ 제안이유 
액화천연가스는 일반 천연가스보다 청결하고 고칼로리 일뿐만 아니라 수송 및 저장이 유리하다는 점 등으로 인해 21세기 청정에너지원으로 그 수요가 증가하는 추세임을 감안하면, 액화천연가스 인수기지를 적기에 설치·운용하는 것은 국가 에너지정책의 중요한 과제임에도 불구하고 액화천연가스 인수기지가 설치되는 주변지역 주민들이 인수기지를 위해시설로 인식하고 그 안전성에 대한 우려 등을 이유로   집단민원을 지속적으로 제기하고 있으며, 이로 인하여 인수기지의 원활한 설치와 운영에 어려움을 겪고 있는 실정임.
  따라서 현행 발전소 주변지역에 대한 지원사업을 위하여「발전소주변지역 지원에 관한 법률」이 제정·시행되고 있음을 감안하여, 액화천연가스 인수기지 주변지역에 대해서도 상응하는 지원대책을 강구함과 동시에 주민참여를 통한 지원사업의 시행 및 안전진단 등의 조치를 취할 수 있는 법적 근거를 마련함으로써 지역주민의 이해를 바탕으로 한 인수기지의 설치 및 운영을 통하여 액화천연가스의 안정적인 공급 인프라를 구축하고 지역발전을 촉진하려는 것임.
■ 주요내용 
  가. 이 법의 목적은 지역주민의 이해를 바탕으로 한 인수기지의 설치·운영을 위하여 인수기지의 주변지역에 대한 지원사업과 지원사업 시행과정에서의 주민참여 등에 관한 사항을 정하려는 것임(안 제1조).
  나. 국가 및 지방자치단체 등은 상호 협력하여 주변지역의 위해 방지 및 지원시책을 적극 추진하도록 함(안 제3조).
  다. 지원사업을 효율적으로 추진하기 위하여 주변지역지원사업기금을 설치하고, 기금의 재원은 한국가스공사 등의 출연금과 천연가스 소비자로부터 징수한 가스사용부담금 등으로 조성함(안 제4조 내지 제7조).
  라. 산업자원부장관은 인수기지로부터 반경 5킬로미터 이내의 육지 및 도서지역이 속하는 읍·면·동의 지역을 주변지역지원사업심의위원회 심의를 거쳐 주변지역으로 지정·고시하도록 함(안 제8조제1항).
  마. 산업자원부장관은 인수기지의 위치와 특성 및 그 인접지역의 환경적 여건 등을 고려하여 그 지정범위를 반경 10킬로미터까지 확장하여 주변지역을 지정·고시할 수 있도록 함(안 제8조제2항).
  바. 주변지역 지원사업에 관하여 중요사항을 심의하기 위하여 산업자원부장관 소속하에 주변지역지원사업심의위원회를 설치함(안 제9조제1항).
  사. 산업자원부장관이 주변지역에 대한 지원사업에 관한 연간계획을 수립하고, 주변지역을 관할하는 시장·군수 또는 구청장이 당해 지역의 지원사업에 관한 장기계획을 수립할 수 있도록 함(안 제10조).
  아. 산업자원부장관, 주변지역지원사업심의위원회 또는 시장·군수·구청장은 주변지역지정안 또는 지원사업계획안을 수립한 때에는 공청회를 개최하여 지역 주민 등의 의견을 듣고, 제시된 의견이 타당하다고 인정하는 때에는 이를 반영하도록 함(안 제11조).
  자. 지원사업의 종류는 지역개발기본지원사업, 도시가스요금보조사업, 주민복지지원사업, 기업유치지원사업 등으로 함(안 제12조).
  차. 지원사업은 주변지역을 관할하는 지방자치단체의 장, 한국가스공사 또는 인수기지의 소유자가 시행하도록 하되, 기금사업과 병행하여 자기자금으로도 시행할 수 있도록 함(안 제13조 및 제14조).
  카. 주변지역에 공공시설을 우선적으로 설치할 수 있고, 주변지역의 주민을 우선적으로 고용할 수 있도록 함(안 제17조 및 제18조).
  타. 지원사업의 시행자는 인수기지에 대한 정기적인 안전진단을 실시하여 그 과정 및 결과에 관한 정보를 공개하도록 함(안 제19조).","곽성문,김교흥,김기현,김명주,배일도,송영길,이경재",산업자원위원회
이윤성,47,176113,PRC_P0R7T0U2X2X2Z1V3Y3A9H5M9K5Y0V7,변리사법 일부개정법률안,의결,2007-02-13,2007-04-27,수정가결,"■ 제안이유 
변리사시험의 부정행위자에 대한 제재는 시험응시자의 직업선택의 자유를 제한하는 법규사항임에도 불구하고 시행령에 규정되어 있는 바, 동 제재를 상위법규인 법률에 규정함으로써 국민의 권리보호를 강화하려는 것임.
■ 주요내용 
  변리사 시험에서 부정한 행위를 한 자, 시험에 관한 소명서류에 허위기재한 자에 대하여 당해 시험을 정지시키거나 합격결정을 취소하고 그 처분이 있은 날부터 3년간 시험응시자격을 정지하도록 함(안 제4조의5).
■ 위원회 수정사항 
  □ 수정이유 및 수정주요내용 
 현재 시행령에 규정되어 있는 부정행위자에 대한 제재규정을 정비하는데 필요한 시간을 고려하여 시행일을 ‘공포 후 3개월이 경과한 날’로 변경하려는 것임.","권오을,김태년,김태환,심재철,안명옥,윤두환,이윤성",산업자원위원회
이윤성,47,174765,036455,중소기업협동조합법 일부개정법률안,의결,2006-08-24,2006-12-08,원안가결,"■ 제안이유 및 주요내용
조합원이 탈퇴하고자 하는 경우 60일전으로 되어 있는 것을 30일전에 예고하고 탈퇴할 수 있도록 예고기간을 단축하여 탈퇴시까지 장기간이 소요되던 것을 개선하고, 조합이 합병하고자 하는 경우 주무관청과 협의하여야 하는 내용을 구체화하고, 주무관청이 조합의 업무나 회계에 대하여 검사하는 경우 그 요건을 보다 명확히 하는 한편, 조합 등에 대한 업무의 시정 기타 필요한 조치를 명할 수 있는 사유를 구체화하고 그 밖에 현행 제도의 운영상 나타난 일부 미비점을 개선·보완하려는 것임.","곽성문,권오을,김태환,신상진,안상수,엄호성,이시종",산업자원위원회
이윤성,47,174764,036454,승강기제조및관리에관한법률 일부개정법률안,의결,2006-08-24,2006-12-08,대안폐기,"■ 제안이유
특별관리대상 승강기의 지정요건 및 보수업의 결격사유를 구체화하여 행정의 투명성·공정성을 확보하고, 보수업 등록의 취소·정지에 갈음한 과징금 부과의 근거를 별도의 조문으로 분리신설함으로써 과징금 부과의 요건 및 기준을 명확히 하는 한편, 정기검사의 유효기간 및 승강기 검사기관의 지정요건 등이 중요한 사항임에도 시행령 등에서 규정하고 있어 이를 법률에서 정하고자 하는 것임.
  아울러 최근 증가하고 있는 승강기 갇힘사고 등 중대한 고장이 발생한 때에 이를 관련기관에 보고하도록 하고자 함.
■ 주요내용
  가. 특별관리대상 승강기의 지정요건을 구체화함(안 제10조의2제1항 내지 제4항).
  나. 승강기 보수업의 결격사유를 법률에서 명확히 규정함(안 제11조의2제3호 및 제4호).
  다. 승강기 보수업 등록의 취소·정지 등의 근거와 과징금의 부과근거를 별도 조문으로 분리함으로써 과징금 부과의 요건 및 기준을 구체화함(안 제12조 및 제12조의2 신설).
  라. 정기검사 유효기간의 상한선을 법률에서 직접 규정함(안 제13조).
  마. 승강기 검사기관의 지정 기준을 법률에서 규정함(안 제15조).
  바. 한국승강기안전관리원의 사업에 승강기 검사업무를 규정하여 명확히 함(안 제15조의3).
  사. 승강기로 인한 중대한 사고가 발생한 때 외에 운행중인 승강기 내 갇힘사고등 중대한 고장이 발생한 때에도 산업자원부장관, 시·도지사 외에 사고조사판정위원회 위원장에게도 보고하도록 함(안 제16조의3).","곽성문,권오을,김태환,남경필,신상진,심재철,안명옥",산업자원위원회
이윤성,47,174763,036453,지역신용보증재단법 일부개정법률안,의결,2006-08-24,2006-12-08,수정가결,"■ 제안이유
지역신용보증재단의 임원에 대한 해임요건 중 불명확한 조항을 명확히 함으로써 행정재량의 투명성을 제고하고, 재단의 업무범위와 관련된 중소기업청장의 승인권한에 대한 시·도지사 위임범위를 현실에 맞게 조정하려는 것임.
■ 주요내용
  가. 지역신용보증재단의 임원에 대한 해임요건을 명확히 규정함(안 제15조제4항제5호).
  나. 재단업무의 시·도지사에 대한 위임범위를 명확히 규정함(안 제40조제1항).
■ 위원회 수정사항
□ 수정이유 및 수정주요내용
시·도지사의 지역신용보증재단 임원해임은 강행규정으로 규정할 사항이 아니므로 이를 임의규정으로 하는 등 법 체계상의 일부 미비점을 보완하려는 것임(안 제15조제4항)","곽성문,권오을,김태환,남경필,배일도,신상진,안명옥",산업자원위원회
이윤성,47,174535,035681,전투경찰대설치법 일부개정법률안,의결,2006-06-26,2008-05-29,임기만료폐기,"■ 제안이유
현행법은 전환복무하는 전투경찰을 경찰청장 등의 배정요청에 의한 대간첩작전의 수행을 임무로 하는 전투경찰과 추천에 의한 치안업무의 보조를 임무로 하는 전투경찰로 구분하고 있는데 실제로는 대간첩작전의 수행을 임무로 하는 전투경찰은 치안업무의 보조임무도 수행하고 있음.
  따라서 대간첩작전의 수행을 임무로 하는 전투경찰이 치안업무의 보조임무도 할 수 있도록 법 규정을 현실에 맞도록 정비하고, 치안업무의 보조를 임무로 하는 전투경찰의 운용에 융통성을 부여하여 경찰력을 강화하려는 것임.
■ 주요내용
  전환복무하는 전투경찰은 대간첩작전의 수행을 임무로 하는 전투경찰과 치안업무의 보조를 임무로 하는 전투경찰로 구분되어 있는 이들의 임무를 각각 대간첩작전 수행을 주된 임무로, 치안업무의 보조를 주된 임무로 함(안 제2조의3제1항ㆍ제2항 및 제3조제1항ㆍ제2항).","고조흥,김태환,안명옥,안상수,엄호성,윤두환,이경재",행정자치위원회
이윤성,47,174534,035680,병역법 일부개정법률안,의결,2006-06-26,2008-05-29,임기만료폐기,"■ 제안이유
현역이 군사교육을 마친 후 전환복무하는 전투경찰은 대간첩작전의 수행을 임무로 하는 전투경찰과 치안업무의 보조를 임무로 하는 전투경찰로 구분되고 있는데 실제로는 대간첩작전의 수행을 임무로 하는 전투경찰은 치안업무의 보조임무도 수행하고 있음.
  따라서 대간첩작전의 수행을 임무로 하는 전투경찰이 치안업무의 보조임무도 할 수 있도록 하여 법규정을 현실에 맞도록 정비하려는 것임.
■ 주요내용
  대간첩작전의 수행을 임무로 하는 전투경찰의 임무를 대간첩작전의 수행을 주임무로 함(안 제24조제1항제2호).","고조흥,김태환,배일도,안명옥,안상수,엄호성,윤두환",국방위원회
이윤성,47,174533,035679,국회법 일부개정법률안,의결,2006-06-26,2008-05-29,임기만료폐기,"■ 제안이유 및 주요내용
현행 「국회법」에서는 보궐선거로 당선된 의장 또는 부의장의 임기는 전임자의 잔임기간으로 하고 있고, 보임 또는 개선된 상임위원의 임기도 전임자의 잔임기간으로 규정하고 있으나, 상임위원장은 명시적인 규정을 두고 있지 않음.
  따라서, 상임위원장의 경우도 의장 등과 같이 보궐선거로 당선된 경우에는 전임자의 잔임기간으로 하도록 명시하려는 것임.","김태환,배일도,안명옥,안상수,엄호성,윤두환,이윤성",국회운영위원회
이윤성,47,173163,032440,지방자치법 일부개정법률안,의결,2005-11-01,2008-05-29,임기만료폐기,"■ 제안이유
현행법에서는 특별지방자치단체의 설치 및 운영에 관한 필요한 사항을 대통령령으로 정하도록 되어 있음. 이에 따라 특정한 사업목적을 위하여 특별지방자치단체를 설치·운영하는 경우 관계지방자치단체와 업무중복이나 사업적 효과 등에 관하여 충분히 고려하지 않음으로써 지역 내 당해 지방자치단체와의 업무조정 및 협조체제의 미비 등이 문제점으로 지적되고 있음.
  따라서 이러한 문제점을 해소하기 위하여 특별지방자치단체를 설치·운영하는 경우 관계지방자치단체와 협의를 통하여 결정할 수 있도록 하고자 함.
■ 주요내용
특별지방자치단체의 설치·운영에 필요한 사항은 대통령령으로 정하되, 관계지방자치단체의 장과 협의를 하도록 함(안 제2조제4항).","김무성,김태홍,김태환,배일도,안명옥,안상수,엄호성",행정자치위원회
이윤성,47,171936,030808,정부투자기관관리기본법 일부개정법률안,의결,2005-06-02,2008-05-29,임기만료폐기,"■ 제안이유
  정부투자기관의 감사는 기획예산처장관의 제청으로 대통령이 임면하도록 하고 있음에 따라 해당 기관의 업무와 무관하거나 전문성이 부족한 인사가 감사로 임명되는 폐단이 있으므로, 감사의 임명방식을 공개모집을 통해 주무부장관이 임명하는 방식으로 전환함으로써 감사의 임명과정에서 투명성과 공정성을 제고하고 기관의 특성에 부합하는 전문성 있는 감사를 선임하여 정부투자기관 내부감사의 실효성을 도모하려는 것임.
■ 주요내용
  정부투자기관의 감사 임명방식을 기획예산처장관의 제청에 의한 대통령의 임명방식에서 공개모집을 통한 주무부장관의 임명방식으로 전환함(안 제13조의2제3항·제5항).","고조흥,김재원,류근찬,안명옥,안상수,유정복,이윤성",국회운영위원회
이윤성,47,171810,030646,국가균형발전특별법 일부개정법률안,의결,2005-05-16,2008-05-29,임기만료폐기,"■ 제안이유
  국가균형발전특별법에서는 공공기관의 수도권 집중을 억제하고 지역의 특성 있는 발전을 위하여 수도권에 소재하고 있는 공공기관 중 일정한 기관을 지방으로 이전하는 정책을 취하고 있음.
  그런데 지방이전의 개념에 관해 동법은 수도권 이외의 지역으로의 이전이라고 제한하고 있어 경기도 전 지역이 공공기관의 이전대상 지역에서 제외되고 있는 실정임. 
  그러나 같은 수도권이라고 하더라도 경기 북부와 같이 저개발 되거나 수도권 과밀화 해소와 상관없는 지역은 물론, 지역특화개발을 위해 공공기관 이전의 필요성이 있는 지역까지 수도권이라는 일률적인 개념에 포함되어 지역특성에 맞는 발전을 꾀할 수 없도록 하는 것은 부당함.
  따라서 수도권이라고 하더라도 지역특성을 고려한 융통성 있는 정책시행을 위한 근거규정을 마련하려는 것임.
■ 주요내용
  가. 이전대상 수도권 소재 공공기관 중 낙후지역에 소재한 공공기관을 이전대상에서 제외함(안 제18조제1항 본문).
  나. 수도권 중 일정한 낙후지역으로도 공공기관의 이전이 가능하도록 예외를 인정함(안 제18조제1항 단서).","고흥길,김영선,김태환,박재완,엄호성,이경재,이규택",산업자원위원회
이윤성,47,170364,028433,수도권정비계획법중개정법률안,의결,2004-09-01,2008-05-29,임기만료폐기,"■ 제안이유
   수도권에 과도하게 집중된 인구와 산업을 적정하게 배치하기 위한 방안의 일환으로 학교·공공청사 등과 함께 공장을 인구집중유발시설로 규정하여 신설·증축 등을 제한하고 있으나, 그 제한되는 공장의 구체적 규모를 법률에서 규정하지 아니하고 이를 하위 법령에서 정하도록 포괄위임하고 있을 뿐만 아니라 최근 설비·장치산업의 발전으로 공장설립에 필요한 최소면적이 확대되는 추세에 적절하게 부응하지 못하는 부분 외에 산업집적의 활성화와 공장의 설립을 지원하기 위하여 따로 제정되어 시행중인 산업집적활성화및공장설립에관한법률과 상충되는 면이 있으므로, 수도권에서의 공장설립을 보다 원활하게 하기 위하여 인구집중유발시설 중 공장의 구체적 규모를 확대하여 이를 법률에서 명시하려는 것임.
■ 주요내용
  인구집중유발시설 중 공장의 경우 그 규모를 연면적 500제곱미터 이상으로 명시함(안 제2조제3호).","김석준,박세환,심재철,안상수,엄호성,이경재,이윤성",건설교통위원회
이윤성,47,170052,028047,문화예술진흥법중개정법률안,의결,2004-06-18,2004-12-29,대안폐기,"■ 제안이유 및 주요골자
  체계적인 한국문학의 번역출판 지원 및 해외 소개사업을 통하여 한국문학의 세계화와 문화한국 선양을 위하여 지난 2001년 3월 2일 출범한 ‘한국문학번역원’은 그 막중한 임무와 사명에도 불구하고 설립의 근거가 민법에 의거하고 있어, 엄연한 국책기관임에도 불구하고 민간재단처럼 운영되는 등 법적 근거가 매우 취약한 실정임. 
  따라서 우리 민족의 유구한 역사와 고고한 정신과 찬란한 문화까지 아우르는 우리의 문학을 세계만방에 소개함으로써 궁극적으로 세계인들로 하여금 대한민국의 국가이미지를 재고하게 하는 기관 본연의 임무를 충실히 수행할 수 있도록 현행 문화예술진흥법 중 ‘한국문학번역원’ 관련 조항을 신설하여 이를 추가함으로서 기관 설립의 법적 근거를 보다 공고히 하고자 함(제23조의3 신설).","권영세,류근찬,문병호,박계동,박성범,박세환,심재철",문화관광위원회
이윤성,47,162093,023407,도로교통법중개정법률안,의결,2003-02-10,2004-05-29,임기만료폐기,"■ 제안이유 및 주요골자
현행 도로교통법은 자동차에 대한 정의에서 ""배기량 125씨씨 이하의 이륜자동차와 50씨씨 미만의 원동기를 단 차를 제외""함으로써, 동법 제70조의2는 자동차학원의 등록에 대해서만 규정하게 되고 자동차가 아닌 원동기장치자전거의 운전교육을 실시하기 위한 학원의 설립근거가 없어 무면허 운전자를 양산하는 것은 물론 무자격자에 의한 운전교습과 이로 인한 사고 유발의 위험성이 현존함. 따라서 원동기장치자전거의 운전교습을 전문적으로 시행하는 학원설립의 근거를 마련하기 위해 동법 제2조제24호 및 제70조의2를 개정하려는 것임.","권오을,김락기,맹형규,박명환,안동선,윤두환,이윤성",행정자치위원회
이윤성,47,161775,022084,문화예술진흥법중개정법률안,의결,2002-10-07,2003-04-29,원안가결,"■ 제안이유
현행법 문화산업에 대한 정의규정에 의하면 문화산업을 문화예술의 창작물 및 문화예술용품을 산업의 수단에 의하여 제작·공연·전시·판매를 업으로 영위하는 것을 말한다라고 규정하고 있음. 
그러나 최근 현대 사회에 있어 문화예술계 뿐만 아니라 모든 산업의 전반에 걸쳐 각 업무 영역이 더욱 세분화되고 전문화되고 있는 것이 일반적인 사회적 추세이며, 그 중에도 생산품의 제작·판매·유통 등의 전 과정에 대한 사전 기획 분야의 중요성에 대한 인식은 날로 높아 가고 있음. 
더욱이 문화예술계에 있어서는 전시 기획이나 공연 기획 등 실제 전시나 판매 행위에 대한 직접적인 실행은 하지 않더라도 모든 문화 상품이나 문화 예술 창작물에 있어 사전 기획 단계만을 전문적으로 행하는 문화예술 전문 기획 분야는 이미 특화된 전문 분야로 자리잡고 있는 실정임. 
■ 주요골자
문화산업의 정의규정에 있어 문화예술의 창작물?문화예술용품을 제작·공연·전시·판매하는 것뿐 아니라 기획의 분야도 그 전문성과 독자성을 인정하여 문화산업의 범주에 포함시킴으로서 수준 높은 기획력을 바탕으로 하는 질 높은 문화예술 창작물 및 문화예술용품을 도모하고, 궁극적으로 국민들의 문화예술 향수권을 신장시키고자 함(안 제2조제2항).","고흥길,권기술,권오을,김락기,김문수,김용학,김일윤",문화관광위원회
이윤성,47,161774,022083,문화산업진흥기본법중개정법률안,의결,2002-10-07,2003-04-29,원안가결,"■ 제안이유
현행법의 문화산업에 대한 정의규정 의하면 “문화 산업이라 함은 문화 상품의 개발·제작·생산·유통·소비와 관련된 산업으로서 다음 각목의 1에 해당하는 것을 말한다”라고 규정하고 있음. 
그러나 최근의 문화산업 추세에 의하면 문화상품의 개발, 제작, 생산, 유통과 소비에 못지 않게 다양하고 창의적인 아이디어를 바탕으로, 생산하고자 하는 문화 상품에 대한 사전 기획 분야에 대한 중요성이 날로 크게 인식되고 있으며, 현실적으로 기획 분야는 제작 및 유통 분야와는 별도의 독립적인 활동 영역을 구축하고 있음. 
또한 각 대학을 비롯한 다양한 교육 기관에서는 기획전문가 과정을 신설하여 우수한 기획 인력을 양산하고 있으며, 이들을 중심으로 공연, 전시 등 문화?예술 관련 전문 기획사가 급증하고 있는 추세임.
그럼에도 불구하고 현행법에는 기획 분야에 대한 독자성이 인정되지 않아 공연·전시·콘텐츠 개발 등의 기획 전문가 및 기획 전문 회사들이 법률상의 보호를 받지 못하고 창업 및 운영에 있어 많은 불이익을 감수해야 하는 실정임
■ 주요골자
따라서 문화산업 정의의 범주 안에 기획 분야를 포함시켜 우수한 기획 전문 인력을 양성하고, 이들이 여타의 문화 산업과 마찬가지로 관련법의 보호 아래 육성될 제반 조건을 만들고자 함(안 제2조제1항).","고흥길,권기술,권오을,김락기,김문수,김정숙,남경필",문화관광위원회
