황우여,59,1813382,PRC_A1I1Q1I0F0G7N2Z1R4A2J3A3G5J5A6,국무총리·국무위원 및 정부위원 출석요구의 건(경제에 관한 질문),의결,2011-10-07,2011-10-10,원안가결,"","김낙성,김진표,노철래,황우여,,,",2011-10-10
황우여,59,1813381,PRC_H1E1O1S0N0P7P2U1Y3C8B0V4Y6I5Z9,국무총리·국무위원 및 정부위원 출석요구의 건(교육·사회·문화에 관한 질문),의결,2011-10-07,2011-10-10,원안가결,"","김낙성,김진표,노철래,황우여,,,",2011-10-10
황우여,59,1813380,PRC_A1Z1D1C0A0K7R2G1T3M5K1L3O2J0V0,국무총리·국무위원 및 정부위원 출석요구의 건(외교·통일·안보에 관한 질문),의결,2011-10-07,2011-10-10,원안가결,"","김낙성,김진표,노철래,황우여,,,",2011-10-10
황우여,59,1813379,PRC_V1D1M1E0E0U7D2P1T3G1K5L1H4H7Q0,국무총리 및 국무위원 출석요구의 건(정치에 관한 질문),의결,2011-10-07,2011-10-10,원안가결,"","김낙성,김진표,노철래,황우여,,,",2011-10-10
황우여,59,1813075,PRC_S1Q1J0A8D3V1F1U7B2O5Z5M1E4R4S2,국무총리 및 국무위원 출석요구의 건,의결,2011-08-31,2011-09-01,원안가결,"","김낙성,김진표,노철래,황우여,,,",2011-09-01
황우여,59,1812058,PRC_B1Y1F0Q5Y2Y7M1T8M4R0A1N3K8I1K5,국무총리·국무위원 및 정부위원 출석요구의 건(교육·사회·문화에 관한 질문),의결,2011-05-27,2011-06-01,원안가결,"","권선택,김진표,노철래,황우여,,,",2011-06-01
황우여,59,1812057,PRC_V1D1D0W5W2P7W1N8W3H6F0P5N8W3H5,국무총리·국무위원 및 정부위원 출석요구의 건(경제에 관한 질문),의결,2011-05-27,2011-06-01,원안가결,"","권선택,김진표,노철래,황우여,,,",2011-06-01
황우여,59,1812055,PRC_O1P1U0I5U2W7U1F8F3L5Z4M8K5M2V7,국무총리 및 국무위원 출석요구의 건(외교·통일·안보에 관한 질문),의결,2011-05-27,2011-06-01,원안가결,"","권선택,김진표,노철래,황우여,,,",2011-06-01
황우여,59,1812054,PRC_O1K1B0D5B2T7U1H8C3C1G2I2V2W0Q2,국무총리 및 국무위원 출석요구의 건(정치에 관한 질문),의결,2011-05-27,2011-06-01,원안가결,"","권선택,김진표,노철래,황우여,,,",2011-06-01
황우여,59,1810036,PRC_S1Y0T1H1E2M5Z1Q6A3R4W4A8W8N8S5,전통문화산업의 진흥에 관한 법률안,계류,2010-11-25,"","","제안이유
  우리 민족의 문화유산으로서 보존·개발할 가치가 있는 전통무용, 전통음악, 전통미술, 전통건축, 전통음식, 전통의상, 전통공예 등을 기반으로 한 전통문화산업은 최근에 높은 관심을 받고 있고 많은 발전을 이룩하여 왔지만, 이에 관한 체계적이고 적극적인 지원은 미약한 실정임.
  전통문화산업은 「문화산업진흥 기본법」에 따른 영화, 음악, 출판, 방송영상 및 만화 등과 동일 범주에 포함되어 있음에 따라 체계적이고 효율적인 지원이 부족할 뿐만 아니라 최근의 한류열풍조차 적절하게 활용하지 못하고 있다는 비판이 제기되고 있음.
  실용성과 예술성을 동시에 지니고 있는 것으로 평가되는 우리의 전통문화산업에 대하여 체계적이고 적절한 지원이 이루어지면 고부가가치산업으로 발전할 수 있을 뿐만 아니라 우리 문화산업 발전의 원동력으로 작용할 가능성이 높다 할 것임.
  이에 전통문화를 기반으로 하여 이루어진 전통문화산업을 지원·육성하고 발전시킬 수 있는 법적·제도적 근거를 제공함으로써 한문화의 현대적 정체성을 확립하고 세계화속에서 경쟁할 수 있는 한 스타일을 구체화시킴으로써 국제경쟁력의 강화를 통한 국민의 삶의 향상과 국민경제 발전에 기여하려는 것임.  
주요내용
  가. 이 법은 우리민족의 문화적 자산인 전통문화를 기반으로 하여 이루어진 전통문화산업을 지원·육성하고 발전시킴으로써 한문화의 현대적 정체성을 확립하고 세계화속에서 경쟁할 수 있는 한 스타일을 구체화시키며 국제경쟁력의 강화를 통한 국민의 삶의 질을 향상하고 국민경제의 발전에 이바지하는 것을 목적으로 함(안 제1조).
  나. 문화체육관광부장관은 전통문화산업의 진흥을 위하여 중·장기 기본방향 등에 관하여 중·장기 기본계획을 수립하도록 함(안 제3조).
  다. 전통문화산업의 진흥을 위하여 문화체육관광부장관 소속으로 한국전통문화산업진흥위원회를 두도록 함(안 제7조).
  라. 문화체육관광부장관은 전통문화산업에 관한 창업을 촉진하고, 창업자의 성장·발전을 위하여 필요한 지원을 할 수 있도록 함(안 제12조).
  마. 문화체육관광부장관은 전통문화산업의 경쟁력을 강화하기 위하여 제작자에게 소요자금을 융자하거나 요충지역의 전통문화산업체 유치의 지원 및 그 밖의 지원을 할 수 있도록 함(안 제13조).
  바. 문화체육관광부장관은 전통문화의 계승·발전과 전통문화산업에 종사하는 기능인의 명예를 높이기 위하여 전통문화산업과 관련한 기능을 보유하고 해당 전통문화의 분야에서 25년 이상 종사한 자를 전통문화장으로 지정할 수 있도록 함(안 제14조).
  사. 문화체육관광부장관은 전통문화산업의 진흥을 위하여 필요하다고 인정하는 경우 전통문화산업의 종사자, 전통문화장 등이 집단적으로 상주하거나 거주하는 지역을 전통문화촌을 지정하고 필요한 지원을 할 수 있도록 함(안 제17조).
  아. 정부는 전통문화상품의 수출경쟁력을 촉진하고 해외시장의 진출을 활성화하기 위하여 전통문화 국제박람회 또는 전시회의 개최 등을 통한 해외마케팅 및 홍보활동 등의 사업을 지원할 수 있도록 함(안 제22조).
  자. 국가 또는 지방자치단체는 전통문화상품의 개발·제작, 전문인력양성 및 기술개발사업 등을 효율적으로 수행하기 위하여 전통문화산업단지를 조성할 수 있도록 함(안 제23조).
  차. 전통문화산업의 진흥·발전을 효율적으로 지원하기 위하여 한국전통문화산업진흥원을 두도록 함(안 제24조).
  카. 문화체육관광부장관은 전통문화를 제작하는 자의 신청을 받아, 그 상품에 따라 등급화 할 수 있도록 함(안 제25조).","권영진,김을동,김호연,문희상,신영수,원혜영,유성엽",문화체육관광방송통신위원회
황우여,59,1809807,PRC_N1R0H1F1O0L4M1W7Z1Q2W4U9C0P6Q7,고등교육법 일부개정법률안,의결,2010-11-04,2011-12-30,대안폐기,"제안이유
  2010년 4월 현재 시간강사의 수는 9만209명, 주당 9시간을 기준으로 5만 명으로 추산되고 대학의 수업 중 36%를 담당하고 있으나 그 신분이 「고등교육법」 제14조의 교원으로 보장되지 않을 뿐만 아니라 낮은 보수수준과 불안정한 고용조건, 사회보장제도로부터의 배제 등 열악한 고용환경에 처해져 있어 소중한 학문후속세대인 시간강사들의 문제는 막대한 사회비용이 요구되는 대표적인 공공갈등 영역이 되어 왔고 시간강사들의 끊임없는 자살과 같은 극단적인 상황까지 발생함.
  시간강사는 학교 내에서 실질적인 교원으로서 일정한 교육적 역할과 기능을 수행하고 있음에도 그 신분에 대한 법적 지위가 마련되어 있지 아니하여 참으로 열악한 근무환경에 처하여 있음. 또한 겸임교원과 초빙교원의 경우도 직업이 없는 자의 처지는 시간강사와 다르지 않음. 
  따라서 각종 강사의 종류와 임용 및 처우를 대통령령으로 정하도록 하여 이들에게 학교의 구성원으로서 지위와 권리를 누릴 수 있도록 하는 법적 근거를 마련함으로써 고등교육의 질적 향상 및 경쟁력 제고에 이바지하려는 것임. 아울러 강사의 임용을 2년 이상으로 하여 신분의 안정을 꾀하고자 함. 사회통합위원회도 얼마 전 대학 시간 강사에게 ‘교원’의 지위를 인정하고, 이에 맞게 대우도 개선하기로 하였으므로 이를 보충하고자 함.
주요내용
  가. 학교에 두는 교원의 범주에 전임강사 및 시간강사를 포함하는 강사를 두고, 강사의 종류와 임용 및 처우를 대통령령으로 정하도록 하며, 신분안정을 위하여 임용기간을 2년 이상으로 함(안 제14조제2항ㆍ제3항).    
  나. 교원은 강의 또는 학문연구만을 전담할 수 있도록 함(안 제15조 제2항). 
  다. 그 외 대통령령으로 정하는 바에 따라 명예교수 등을 두도록 하여 교원이 아닌 강의 또는 연구담당자를 둘 수 있도록 함(안 제17조).","고승덕,김기현,김선동,김세연,김영진,김옥이,이성헌",교육과학기술위원회
황우여,59,1808458,PRC_N1H0B0G5C1P2E1F4H2Y5N2T4T9G3X6,북한이탈주민의 보호 및 정착지원에 관한 법률 일부개정법률안,계류,2010-05-12,"","","제안이유
   생모가 북한 국적이고, 생부가 중국 국적인 무국적 탈북아동의 숫자가 정확히 파악되고 있지는 않지만, 탈북자 지원단체 및 전문가들은 2만 5천여 명으로 추산하고 있음. 생모가 북으로 강제 송환되거나, 가정폭력, 중국 공안의 단속, 사망 등의 이유로 아이들을 돌보지 못하는 경우 아이들은 홀로 남한으로 들어와서 귀화 등의 방법으로 국적을 취득하고 있음. 
   이러한 법률적 장치에도 불구하고 보호결정 과정에서 보호 대상자로 결정되지 못하는 경우가 발생하고 있어 이를 구제하기 위해 법적 근거를 마련하려는 것임(안 제2조제1호). 
주요내용
  가. “북한이탈주민”이란 군사분계선 이북지역(이하 “북한”이라 한다)에 주소, 직계가족, 배우자, 직장 등을 두고 있는 사람으로서 북한을 벗어난 후 외국 국적을 취득하지 아니한 자, 혹은 이의 직계 비속을 말한다. 단, 위의 직계비속 중 보호자가 모두 사망하였거나 생사가 불확실한 미성년자의 경우 위의 요건이 충족되지 못하더라도 북한 주민의 직계비속이라는 주장의 타당성이 대통령령이 정하는 방법에 따라 인정되는 때에는 이에 해당하는 것으로 본다.(안 제2조제1호).","권영진,김동성,김세연,김영진,김용태,김태원,박보환",외교통상통일위원회
황우여,59,1805852,PRC_F0A9C0K9S0F3J1K4K2A8C4Y2S7X5T5,한국교직원공제회법 일부개정법률안,의결,2009-09-03,2011-04-29,대안폐기,"제안이유
  한국교육개발원, 한국교육과정평가원, 한국직업능력개발원 및 한국청소년정책연구원은 정부가 출연(出捐)한 교육정책 전문연구기관으로서 설립 당시 그 임직원은 한국교직원공제회에 가입할 수 있었으나, 1999년부터는 법률에 근거한 가입대상이 아니라는 이유로 신규가입을 못하고 있는 실정임. 
  교육정책 연구기관은 대체로 복지제도가 미흡하고, 또한 이미 가입되어 있는 임직원과 가입하지 못한 임직원과의 형평성에도 문제가 있음. 
  이에 교육정책 연구기관에서 근무하는 임직원도 일반회원이 될 수 있도록 법적 근거를 마련함으로써 임직원들의 복리를 증진시키고 안정적인 연구환경 조성에 이바지하려는 것임.
제안이유
 「정부출연연구기관 등의 설립·운영 및 육성에 관한 법률」제8조에 따라 설립된 한국교육과정평가원, 한국직업능력개발원, 한국청소년정책연구원과 한국교육개발원의 임원 및 직원을 공제회의 일반회원으로 하도록 함(안 제7조의2제2항제7호 신설).","강승규,공성진,권영진,김성수,안민석,이군현,이한성",교육과학기술위원회
황우여,59,1804927,PRC_Z0B9H0R5S2U5M1E0H3Z0L0L4M3N5E7,난민 등의 지위와 처우에 관한 법률안,의결,2009-05-25,2011-12-29,수정가결,"제안이유
  대한민국은 1992년 12월 난민의 지위에 관한 협약 및 동 협약 의정서에 가입한 이래 「출입국관리법」에서 난민에 관한 인정절차를 규율하고 있으나, 약 15년간 그 신청자가 2,000여명에 불과하고 난민인정을 받은 자도 100명이 채 안 되는 등 다른 선진국에 비해 난민을 충분히 받아들이고 있지 아니하여 국제사회에서 그 책임을 다하고 있지 못함. 또한 아직 1차 결정조차 내려지지 않은 난민신청자가 1,000여명에 이르고 있고 그 절차의 신속성, 투명성, 공정성에 대하여 국내외적으로 지속적인 문제제기가 있어 왔음. 뿐만 아니라 난민신청자가 최소한의 생계를 유지할 수 있는 수단이 봉쇄되어 있고, 난민인정을 받은 자의 경우에도 난민의 지위에 관한 협약이 보장하는 권리조차도 누리지 못하는 등 난민 등의 처우에 있어서도 많은 문제점이 노정되고 있음. 
  이에 「난민 등의 지위 및 처우에 관한 법률」을 제정하여 난민의 지위에 관한 협약 등 국제법과 국내법의 조화를 꾀하고, 난민인정절차 및 난민 등의 처우를 구체적인 규정함으로써 인권선진국으로 나아가는 초석을 다지려는 것임. 
주요내용
  가. ‘난민’, ‘난민신청자’, ‘인도적 지위를 부여받은 자’ 등의 개념 정의를 명확히 함으로써 국제법에 입각한 난민제도 운영을 가능토록 함(안 제2조).
  나. 국제법에 근거하여 예외 없는 강제송환 금지의 원칙을 천명함(안 제3조). 
  다. 난민인정절차에서의 정보접근성을 강화하고, 난민신청자의 체류자격을 명확히 함(안 제5조). 
  라. 공항ㆍ항만 등에서의 난민인정의 신청절차를 명문화하여 난민인정의 신청이 자의적인 행정에 의하여 거부되는 상황을 방지함(안 제6조).
  마. 난민인정심사의 기간을 제한하고 면접, 사실조사, 관계기관의 협조, 변호인의 조력, 신뢰관계에 있는 자의 동석, 유엔난민기구의 참여, 통역, 난민면접조서의 확인, 서류 등의 열람, 복사권, 비밀의 보장 등 절차적 보장의 내용을 구체적인 명시함. 
  바. 난민의 특수성에서 기인하는 입증책임 및 입증정도의 완화의 내용을 명문화함. 난민의 입증정도의 경우 일반민사절차에서 요구하는 개연성에 훨씬 미치지 못하는 “합리적인 가능성”이라는 것이 일반적인 견해이고 이를 반영하고자 함(안 제9조).
  사. 난민신청자의 구금을 제한하고, 이의신청에서도 구술진술의 기회의 보장 등 절차적 보장이 이루어질 수 있도록 함. 
  아. 인도적 지위의 부여절차도 원칙적으로 난민인정절차를 준용토록 함(안 제27조).
  자. 재정착난민을 규정하여 해외난민의 대한민국 제정착의 가능성을 부여함(안 제28조).
  차. 이의신청 결정기관이자 난민정책 심의기관인 난민위원회를 신설하여 독립된 이의절차가 진행될 수 있도록 함(안 제29조). 
  카. 난민의 처우는 기본적으로 최소한 난민의 지위에 관한 협약 등에 규정된 권리는 보장될 수 있도록 함(안 제36조). 
  타. 난민의 가족결합 보장을 명문화하여 기존에 관행적으로 이루어지거나 경우에 따라서는 그 보장이 이루어지지 않았던 가족결합이 법적 근거를 가지고 이루어질 수 있도록 함(안 제44조).
  파. 인도적 지위를 부여받은 자는 출입국과 관련된 부분을 제외하고 는 난민과 동일한 처우를 받을 수 있도록 함(안 제47조).
  하. 난민신청자의 경우 생계비지원을 원칙으로 하고 일정 기간이 지나면 예외적으로 취업을 할 수 있도록 함(안 제48조).","김동성,김성수,김영선,김정권,김춘진,김태원,손범규",법제사법위원회
황우여,59,1804038,PRC_I0C9W0B3C0B5E1X3H3Q7B4M5C3Q7X8,공중화장실 등에 관한 법률 일부개정법률안,의결,2009-03-05,2009-12-29,대안폐기,"제안이유 및 주요내용
  여성의 사회참여 확대와 맞벌이 부부의 증가로 육아에 대한 부부의 역할이 다양하게 변화하고 있고, 점차 남성들이 육아를 담당하는 가족들이 늘어가고 있는 실정임.
  이러한 사회적 추세에 맞추어 영유아용 기저귀교환대를 여성화장실뿐만 아니라 남성화장실에도 설치하여 육아에 참여하고 있는 남성들의 불편을 해소하고, 육아의 책임을 여성에게만 중하게 부과하는 사회적 편견을 불식시켜 남녀평등을 실현하는 데에 이바지하려는 것임(안 제7조의2제2항 신설).","김옥이,김춘진,박대해,손범규,신상진,이성헌,이애주",행정안전위원회
황우여,59,1803640,PRC_C0U9M0J1G2C8A1W4M5Y8W1E1Q7H1H2,특정범죄가중처벌 등에 관한 법률 일부개정법률안,계류,2009-01-28,"","","제안이유
  현행 「특정범죄가중처벌 등에 관한 법률」 제12조는 내국인이 외국인을 위하여 취득한 재산권의 가액이 1억원 이상일 때에는 5년 이상의 실형을 선고하도록 되어 있음.
  한편, 위 재산권의 가액의 기준이 되는 1억원은 1990년에 개정된 것으로 당시의 화폐가치와 18년이 지난 지금의 화폐가치와는 많은 차이가 있음.
  외국인의 부동산 취득에 있어서 그 행위를 주도하거나 그 취득으로 인해 외국인이 경제적 이익을 얻도록 하는 행위는 결코 바람직하다 할 수 없으므로 가액기준 및 형벌을 요즘의 실정에 맞게 재조정 할 필요가 있음.
주요내용
  「특정범죄가중처벌 등에 관한 법률」 제12조의 범죄구성요건상의 가액기준 및 형벌을 현실에 맞게 조정함.","권영진,김동성,박상은,백성운,손범규,신영수,안효대",법제사법위원회
황우여,59,1803577,PRC_Q0F9Y0E1Z1E6F1R6F2Q0M3L3Q7H9Z0,주택임대차보호법 일부개정법률안,의결,2009-01-16,2009-04-17,대안폐기,"제안이유
  「주택임대차보호법」제6조제1항에 따르면 임대인이 임대차기간이 끝나기 6개월 전부터 1개월 전까지의 기간에 임차인에게 갱신거절의 통지를 하지 아니하거나, 계약조건을 변경하지 아니하면 갱신하지 아니한다는 뜻의 통지를 하지 아니한 경우에는, 그 기간이 끝난 때에 전 임대차와 동일한 조건으로 다시 임대차한 것으로 보고 있음. 또한 임차인이 임대차기간이 끝나기 1개월 전까지 통지하지 아니한 경우에도 그 기간이 끝난 때에 전 임대차와 동일한 조건으로 다시 임대차한 것으로 봄. 이 경우 모두 같은 조 제2항에 따라 임대차의 존속기간을 정하지 아니한 것으로 봄. 
  위와 같이 주택임대차계약이 묵시적으로 갱신된 경우, 같은 법 제4조 및 제6조의2를 함께 고려하여 해석하면 임대차 기간은 2년이 되지만 임차인은 이 기간에 구애받지 않고 언제든지 임대인에게 계약해지의 통지를 할 수 있고 임대인이 그 통지를 받은 날부터 3개월이 지나면 계약이 해지됨. 
  「주택임대차보호법」은 대다수의 국민들이 직접적으로 이해관계를 가지고 있어 법률에 문외한인 사람들도 조문해석에 관심을 가지고 있으나, 묵시적으로 계약이 갱신된 경우의 임대차기간에 대하여는 판례나 관련 서적을 찾아보기 전에 법조문만으로는 명시적으로 알기 어려우므로 제4조제1항 본문을 준용하여 2년으로 하도록 명시함.
주요내용
  묵시적으로 주택임대차 계약이 갱신된 경우의 임대차 기간을 전 임대차와 동일한 조건으로 다시 임대차한 것으로 보도록 명확하게 함(안 제6조제2항 및 제6조의2제1항).","권영진,김광림,김성수,김용구,나성린,배영식,성윤환",법제사법위원회
황우여,59,1803576,PRC_Q0U9O0M1N1P6C1V6Y1I8Y2M7W3D4M8,상가건물임대차보호법 일부개정법률안,의결,2009-01-16,2009-04-17,대안폐기,"제안이유
  「상가건물임대차보호법」제10조제4항에 따르면 임대인이 임대차기간이 만료전 6월 전부터 1월까지의 사이에 임차인에게 대하여 갱신거절의 통지 또는 조건의 변경에 대한 통지를 하지 아니한 경우에는 그 기간이 만료된 때에 전임대차와 동일한 조건으로 다시 임대차한 것으로 보고, 임대차의 존속기간을 정하지 아니한 것으로 봄. 
  위 규정과 같은 법 제9조의 규정을 종합하여 해석하면, 묵시적으로 상가건물임대차계약이 갱신된 경우에는 임대차기간은 1년으로 간주됨. 
  「상가건물임대차보호법」은 「주택임대차보호법」과 마찬가지로 법률에 문외한인 사람들도 조문해석에 특히 관심을 가지고 있으나 관련 판례나 해설서의 도움 없이도 법조문만으로는 쉽고 명확하게 묵시적 갱신으로 인한 임대차의 존속기간을 제9조제1항을 준용하도록 명시함.
주요내용
  묵시적으로 상가건물임대차 계약이 갱신된 경우의 임대차 기간을 명확하고 쉽게 알 수 있도록 제9조제1항을 준용하도록 함(안 제10조제4항).","권영진,김광림,김성수,김용구,나성린,배영식,성윤환",법제사법위원회
황우여,59,1803413,PRC_L0R9L0Y1O0E6Y1Z6Q0E7T0B9E7I9Z2,정보통신망 이용촉진 및 정보보호 등에 관한 법률 일부개정법률안,계류,2009-01-06,"","","제안이유
  최근 인터넷의 이용이 보편화·일상화되고 그 이용자 수가 증가하면서 온라인에서 유통되는 정보의 사회적 파급력이 커지고 있으나, 그에 따른 사회적 폐해도 점차 심각한 수준에 이르고 있음.
  특히 명예를 훼손하거나 사생활을 침해하는 등의 정보가 무분별하게 게재·전파되어 타인의 권리를 침해하는 사례가 빈번하게 발생하고 있으나, 사이버공간의 익명성·전파성으로 인하여 이러한 역기능을 예방·해소하기 위한 대책마련이 쉽지 않음.
  이 법은 종전의 소송제기를 위한 정보만 명예훼손분쟁조정부에 신청하게 함으로써 실효성을 얻지 못한다는 비판이 있어 특정한 이용자에 의한 정보의 게재나 유통으로 사생활 침해 또는 명예훼손 등 권리를 침해당하였다고 주장하는 자는 해당 정보를 취급한 정보통신서비스 제공자에게 침해사실을 소명하여 그 정보게재자의 신원정보 제공을 요청할 수 있도록 하고자 함.
  이로써 인터넷의 이용을 익명으로 자유롭게 활용할 수 있게 하는 한편 그로 말미암아 명예훼손 등의 권익을 침해당하였다고 주장하는 사람은 그 사실을 소명하여 게재자의 신원을 확인할 수 있게 함으로써 가면 뒤에서 함부로 타인의 명예 등을 침해하려는 자에게 상대방이 요구하는 경우에는 당당하게 가면을 벗고 자신을 드러나게 하여 양자의 권익을 균형 있게 보호하도록 한 것임.
  이정도의 간단한 조치만으로도 구태여 형사처벌에 이르지 않더라도 대부분의 침해를 예방 할 수 있을 것임.
주요내용
  가. 특정한 이용자에 의한 정보의 게재나 유통으로 사생활 침해 또는 명예훼손 등 권리를 침해당하였다고 주장하는 자는 해당 정보를 취급한 정보통신서비스 제공자에게 침해사실을 소명하여 그 정보게재자의 정보(성명·주소 등 대통령령으로 정하는 최소한의 정보를 말한다. 이하 정보게재자의 정보라 한다) 제공을 요청할 수 있도록 함(안 제44조의6제1항).
  나. 제1항에 따라 요청을 받은 정보통신서비스 제공자는 해당 정보가 신청인의 권리를 침해한다는 것이 소명이 이유가 있을 경우, 접수일로부터 7일 이내에 정보게재자의 정보를 신청인에게 제공하고 이 사실을 정보게재자에게도 알리도록 함(안 제44조의6제2항 신설).
  다. 제1항에 따라 요청을 받은 정보통신서비스 제공자가 접수일로부터 7일 이내에 정보게재자의 신원을 신청인에게 알리지 아니한 경우 신청인은 명예훼손 분쟁조정부에 해당 정보통신서비스 제공자가 보유하고 있는 정보게재자의 정보의 제공을 청구할 수 있도록 함(안 제44조의6제3항 신설).
  라. 해당 이용자의 정보를 제공받은 자는 해당 이용자의 정보를 권리구제 외의 목적으로 사용할 수 없도록 함(안 제44조의6제5항).","구본철,권영진,김성수,김을동,백성운,손범규,윤영",문화체육관광방송통신위원회
황우여,59,1803263,PRC_P0N8X1N2F2A6W1M8T1R8Q4Q2D4H3T0,학교용지 확보 등에 관한 특례법 일부개정법률안,의결,2008-12-26,2009-04-30,대안폐기,"제안이유
  경기·인천 등 수도권과 대전 등에서는 대규모 신규 택지의 개발과 재개발로 학교신설수요가 급증하고 있으나, 학교 설립에 필요한 재원 부족으로 적기·적소에 학교가 설립되지 않을 우려가 커지고 있으며 이는 학생들의 학습권 침해로 이어질 수 있음.  
  지역 개발 사업에서 발생하는 학교신설 책임을 지방자치단체·교육감이 부담하고 있으나, 지방자치단체와 교육청은 재정부족 등의 이유로 학교용지 확보를 위한 재원이 제대로 확보하지 못하고 있기 때문임.   
  따라서 교육의 공공성에 기초하여 학교설립비용을 국가가 부담하도록 하려는 것임. 
  대규모 택지개발사업지역 학교용지 매입비용은 시·도의 일반회계와 교육비특별회계에서 각각 2분의 1씩 부담하도록 규정되어 있으나 시·도가 학교용지 매입비용 부담재원을 확보하지 못하여 학교신설이 어려워 해당 개발사업이 지연되거나 학교가 없는 상태에서 주택이 분양되는 등 문제점이 발생하고 있어 학교용지 매입비용 부담재원을 원활히 확보할 수 있도록 제도를 개선하려는 것임.
주요내용
  가. 시·도지사가 제4항에 따라 부담하여야 하는 학교용지 매입에 필요한 소요 재원을 마련하기 위하여 지방채를 발행하는 경우에는 「지방재정법」제11조제2항에서 정한 지방채 발행 한도액 산정 금액에서 제외함(안 제4조제7항).
  나. 국가는 제4항과 제7항에도 불구하고 시도지사가 부담하여야 하는 학교용지매입에 필요한 소요재원을 마련하기 어렵다고 인정되는 경우 국가가 그 소요재원을 부담하고 이 경우에 국가는 국채발행을 할 수 있음(안 제4조제8항).
  다. 제7항과 제8항에 따라 국채와 지방채를 발행하는 경우 국채와 지방채 발행의 요건과 상한에 관하여 필요한 사항은 대통령령으로 정함(안 제4조제9항).","구본철,김성수,김태원,남경필,박상은,이경재,임해규",교육과학기술위원회
황우여,59,1803100,PRC_B0P8F1G2M1J7R1C8U1Q1M3W4N3D1O7,건국유공자예우에 관한 법률안,계류,2008-12-17,"","","제안이유
  1945년 8월 15일부터 1948년 8월 14일까지 신탁통치를 반대하거나 자유민주국가인 대한민국을 건국하기 위하여 활동한 건국유공자와 그 유족에 대하여 국가가 적정한 서훈과 응분의 예우를 함으로써 건국유공자와 그 유족들의 생활안정과 복지향상을 도모하고 나아가 국민에게 건국애국정신을 함양시켜 민족정기를 선양하려는 것임.
주요내용
  가. 건국유공자의 희생과 공헌이 숭고한 애국정신의 귀감으로서 항구적으로 존중되고, 건국유공자와 그 유족의 영예로운 생활이 보장되도록 실질적 지원을 행하여야 함을 이 법의 기본이념으로 천명함(안 제2조).
  나. 국가가 건국유공자의 애국정신을 기리고 이를 계승·발전시키기 위한 시책을 강구하도록 함(안 제3조).
  다. 이 법의 적용대상 건국유공자를 1945년 8월 15일부터 1948년 8월 14일까지 신탁통치를 반대하거나 자유민주국가인 대한민국을 건국하기 위하여 활동하다가 그 활동으로 인하여 순국한 자 및 그러한 활동 사실이 있는 자로 함(안 제4조).
  라. 건국유공자와 그 유족 또는 가족에 대하여 보훈급여금·교육보호·취업보호·의료보호·양로보호 등의 지원을 실시하도록 함(안 제12조부터 제26조까지).
  마. 건국유공자 등이 받은 보상금·학자금 또는 보조금을 환수하여야 하는 경우를 규정함(안 제27조).
  바. 건국유공자가 이 법 또는 이 법에 따른 명령을 위반하거나 품위손상행위를 한 경우에는 3년의 이내의 범위에서 보상을 정지할 수 있도록 함(안 제29조).
  사. 거짓이나 그 밖의 부정한 방법으로 이 법에 따른 보상을 받거나 보상을 받게 한 자 등에 대한 벌칙을 규정함(안 제34조).","김기현,김성곤,김정훈,김충조,유정복,이경재,이인기",정무위원회
황우여,59,1801753,PRC_V0P8X1Y1J0O5E1C8J0C3Z5D7C4S7K0,경제자유구역의 외국의료기관 등 설립·운영에 관한 특별법안,계류,2008-11-05,"","","제안이유
    「경제자유구역의 지정 및 운영에 관한 법률」에 따라 경제자유구역에 설립하는 외국의료기관 및 외국인전용 약국의 설립과 운영에 관한 사항을 정함으로써 경제자유구역에 거주하는 외국인에게 적정한 의료서비스를 제공하고 의료서비스산업의 발전을 도모하려는 것임.
주요내용
  가. 외국의료기관을 개설하려는 자는 사업계획서를 보건복지가족부장관에게 제출하도록 하고, 보건복지가족부장관은 사업계획서의 타당성을 검토한 후 지식경제부장관과의 협의와 경제자유구역위원회의 심의ㆍ의결을 거쳐 외국의료기관의 개설ㆍ운영에 적합한 자인지를 결정하도록 하며, 외국의료기관의 개설ㆍ운영에 적합한 자로 통보받은 자는 3년 이내에 외국의 의사ㆍ치과의사 면허소지자 종사비율 등의 요건을 갖추어 외국의료기관 개설허가를 받도록 함(안 제4조).
  나. 외국인전용 약국을 개설하려는 외국인은 약국 개설에 관한 시설기준을 갖추어 보건복지가족부장관에게 개설등록을 하도록 하고, 외국인전용 약국에 종사하는 약사는 외국의료기관에서 처방전을 받은 내국인을 대상으로 의약품을 조제할 수 있도록 함(안 제5조).
  다. 외국의료기관 또는 외국인전용 약국에 종사하려는 외국면허소지자는 보건복지가족부장관의 허가를 받도록 하고, 종사하고 있는 외국의료기관이나 외국인전용 약국을 변경하려는 경우에도 허가를 받도록 함(안 제6조).
  라. 보건복지가족부장관은 외국의료기관이 수입하는 의약품 등에 대하여 의약품 수입품목 허가기준 등을 완화하거나 면제할 수 있도록 하고, 외국의료기관이나 외국인전용 약국은 수입한 의약품 등을 해당 외국의료기관에서 진료받은 환자나 외국인전용 약국에서 조제를 받는 환자에게만 사용하도록 함(안 제7조).
  마. 외국의료기관에서 사용하는 특수의료장비의 설치ㆍ운영 기준을 완화 또는 면제할 수 있도록 하며, 외국의료기관은 일정 범위에서 영리를 목적으로 환자를 유치하기 위한 행위를 할 수 있도록 하고, 진단서 및 진료기록부 등을 외국어로 기재할 수 있도록 하는 등 의료 관계 법령의 특례를 규정함(안 제8조부터 제18조까지).","구본철,박상은,송영길,양정례,이경재,이학재,조진형",보건복지위원회
황우여,59,1800984,PRC_U0Q8V0P9H2P2P1Y6G5N9U2I1F5T0E5,북한이탈주민의 보호 및 정착지원에 관한 법률 일부개정법률안,의결,2008-09-22,2009-01-08,대안폐기,"제안이유
  외국에 체류하고 있는 북한이탈주민의 경우 외국에서 대한민국의 보호를 받기 위해서는 재외공관 등 이들이 체류하고 있는 국가의 주권이 미치지 않는 장소에 직접 물리적으로 진입하여 보호신청 하는 방법밖에 없어 상당한 위험부담을 갖지 않고는 국가의 보호를 받을 방법이 없으므로 이들이 직접 재외공관 등을 방문하여 보호신청 하는 방법 외에 일정한 경우에는 서신·전화 또는 대리인에 의하여도 보호신청을 할 수 있도록 하며 북한이탈주민의 신청에 의하여 재외국민보호증과 여권을 발급하여 주고, 보호결정기준의 완화 및 보호신청을 한 자에 대한 필요한 비용 지원을 하도록 하며,
  체류국에서 10년 이상 생활근거지를 두고 있었던 자라 하더라도 부득이한 사정이 있는 경우에는 보호대상자로서 지원을 받을 수 있도록 하고, 북한이탈주민의 성공적인 국내정착을 위하여 5년 내지 10년 간 교육 및 직업훈련을 받을 수 있도록 하여 우리사회 소외계층으로의 전락 가능성을 근본적으로 방지하고자 하는 것임. 
주요내용
  가. 대한민국은 외국에 체류하고 있는 북한이탈주민의 강제송환의 금지, 난민지위의 인정, 국내 입국 등 북한이탈주민의 신변 보호 및 인권신장과 북한이탈주민의 임시보호시설의 설치를 위한 외교적 노력을 다하여야 하도록 함(안 제4조제2항).
  나. 외국에 체류하고 있는 북한이탈주민은 그 보호신청을 대통령령으로 정하는 직접 신청하기 어려운 사유가 있는 경우에는 대리인을 통하거나, 서신·전화 등으로 할 수 있도록 함(안 제7조제1항).
  다. 외교통상부장관은 북한이탈주민의 신청에 의하여 대통령령으로 정하는 바에 따라 여권을 발급하여야 함(안 제7조의2제1항 신설).
  라. 보호결정의 기준에 있어 체류국에서 10년 이상 생활근거지를 두고 있는 자에 대해서는 체류국이나 체류 중인 북한이탈주민에게 대통령령으로 정하는 부득이한 사정이 있을 경우에는 보호대상자로 결정될 수 있도록 함(안 제9조제2항).
  마. 외국에 체류하고 있는 북한이탈주민으로서 제7조에 따른 보호신청을 한 자에 대하여 현지에서의 보호·생계유지 및 초기건강평가 비용 등 국내 입국 전까지 필요한 비용을 지원할 수 있도록 하고, 외국에 체류하고 있는 북한이탈주민의 보호·국내 입국 등을 위한 활동을 하는 개인 또는 단체에 대하여도 필요한 경비의 전부 또는 일부를 지원할 수 있도록 함(안 제9조의2 신설).
  바. 보호대상자는 대통령령이 정하는 바에 의하여 북한 또는 외국 및 대한민국 내 민간통일교육시설에서 이수한 학교교육과정에 과정에 상응하는 학력을 인정받을 수 있도록 함(안 제13조제1항). 
  사. 취업을 희망하는 보호대상자 또는 보호대상자이었던 자에 대하여 대통령령으로 정하는 바에 따라 노동부 또는 민간전문기관을 통하여 진로지도 및 직업훈련을 실시하도록 함(안 제16조).
  아. 보호대상자에 대하여 대통령령이 정하는 바에 의하여 그의 연령·수학능력 그 밖의 교육여건 등을 고려하여 5년 내지 10년 간 교육 및 제16조의 직업훈련을 받을 수 있도록 필요한 지원을 할 수 있도록 함(제24조).
  자. 보호(정착지원시설에의 보호 등)가 종료된 자 중 생활이 어려운 자에 대하여는 본인의 신청에 의하여 생활보호 해당 기간을 5년에서 10년으로 연장할 수 있도록 함(안 제26조).","구본철,김동성,김성회,박상은,신지호,양정례,유기준",외교통상통일위원회
황우여,59,1800728,PRC_I0O8P0E8H2G5Y1W7H4X2C0T5E6M1C3,대한민국 국화에 관한 법률안,계류,2008-08-25,"","","제안이유
  국화(國花)는 한 나라를 상징하여 대내적으로는 국민적 일체감을 조성하고 대외적으로는 나라의 이미지를 부각시키는 나라꽃으로서 미국 등의 국가들에서는 국화를 법률 등으로 정하여 그 위상을 높이며 선양하고 있는데 비해 우리나라의 경우에는 국화를 관행으로만 인식하여 오고 있음에 불과한 바, 국화에 관한 사항을 법률로 정함으로써 국화에 대한 국민의 의식을 제고하고 애국정신을 고양하려는 것임.
주요내용
  가. 이 법은 국화의 선양 및 보급 등에 관한 사항을 규정함으로써 국화에 대한 국민의 인식을 제고하고 애국정신을 고양함을 목적으로 함(안 제1조).
  나. 대한민국의 국화는 무궁화로 하며, 그 종류는 대통령령으로 정할 수 있도록 함(안 제2조).
  다. 국가는 국화의 선양 및 보급에 필요한 시책을 수립·시행하여야 함(안 제3조). 
  라. 국가는 국민의 국화에 대한 관심을 촉진하고 국화에 대한 국민의 긍지를 높이기 위하여 매년 8월 8일을 무궁화의 날로 정함(안 제4조).
  마. 국가기관의 장, 지방자치단체의 장, 대통령령이 정하는 공공단체의 장은 그 소관에 속하는 시설물에 국화를 심고 이를 관리하여야 함(안 제5조).
  바. 국가는 대통령령이 정하는 바에 따라 국화의 재배·품종개발 및 보급활동을 하는 민간단체 또는 개인에게 예산의 범위 안에서 필요한 비용을 보조하거나 융자할 수 있음(안 제6조).","고승덕,구본철,김소남,박상은,원희룡,이애주,이학재",행정안전위원회
황우여,59,1800368,PRC_I0E8H0W7G2V2V1H7H0Y0Z3T1J3G9H7,액화천연가스인수기지 주변지역지원에 관한 특별법안,계류,2008-07-22,"","","제안이유
  도시가스의 주연료인 액화천연가스(LNG)는 공해가 거의 없고 열효율이 높으며, 액화석유가스(LPG)보다 가벼워 화재의 위험이 적은 우수한 연료임. 
  그러나 액화천연가스를 기화하여 배관망으로 송출하여 공급하는 중요 시설인 인수기지가 입지하고 있는 주변지역은 안전사고의 가능성과 그에 따라 인명·재산피해의 위험에 노출되어 있고, 지역기피시설로서 지역주민의 갈등과 불만의 원인이 되어 민원이 다수 발생함에도 불구하고 이에 대한 정부 차원의 대책은 전무한 실정임.
  따라서 액화천연가스인수기지 주변지역 주민의 갈등과 불만을 해소하고, 지역주민의 건강권과 재산권의 보장을 위하여 정부와 도시가스사업자가 주변지역에 대한 지원사업을 추진할 수 있도록 하려는 것임.
주요내용
  가. 주변지역 지원사업에 관한 중요한 사업을 심의하기 위하여 지식경제부에 주변지역지원사업심의위원회를 두고, 인수기지별로 주변지역지원사업심의지역위원회를 둘 수 있도록 함(안 제3조)
  나. 주변지역에 대한 지원사업의 시행에 필요한 재원을 충당하기 위하여 정부 및 지원의무자의 출연금과 가스사용부담금 등으로 조성되는 주변지역지원사업기금을 설치하도록 함(안 제4조부터 제8조).
  다. 지식경제부장관은 인수기지로부터 반경 5킬로미터 이내의 육지 및 도서지역이 속하는 읍·면·동의 지역을 주변지역지원사업심의위원회의 심의를 거쳐 주변지역으로 지정·고시하도록 함(안 제9조)
  라. 지식경제부장관은 매년 주변지역에 대한 지원사업계획을 수립하고, 관할 지방자치단체의 장은 필요한 경우 해당 지역에 대한 장기 계획을 수립할 수 있도록 함(안 제10조).
  마. 지식경제부장관과 관할 지방자치단체의 장은 주변지역의 지정이나 지원사업계획을 수립할 때에는 주민위원회가 참여하는 공청회를 개최하도록 함(안 제11조).
  바. 관할 지방자치단체의 장과 지원의무자가 기본지원사업, 특별지원사업 등의 지원사업을 시행하도록 하고, 지원의무자가 자기 자금으로 지원사업을 할 수 있도록 함(안 제12조부터 제14조).
  사. 지원의무자는 주변지역 주민의 우선고용을 위한 고용추천 등을 요청할 수 있고, 정부 및 관할 지방자치단체의 장은 주변지역에 대하여 우선적으로 도로 등의 공공시설을 설치할 수 있도록 함(안 제16조부터 제17조).
  아. 주변지역의 지정이나 지원사업계획을 수립 시에 주민의 의견을 반영하기 위하여 주민위원회를 둘 수 있도록 함(안 제18조).
  자. 지원사업의 시행자는 매년 지원사업 등에 관한 결산보고서를 작성하여 다음 연도 2월 말까지 지식경제부장관에게 제출토록 함(안 제20조).","고승덕,구본철,김소남,김효재,박상은,신학용,이정선",지식경제위원회
황우여,59,1800142,PRC_F0F8D0C7X0U4A1J3P4Y9C3N7N4F2O5,북한인권법안,계류,2008-07-04,"","","■ 제안이유 
  인권은 인간이 존중해야 할 최대의 가치입니다. 인권은 국가를 초월하여 국가 이전에 존재하는 것이고, 국가는 인권을 보장하기 위한 가장 대표적인 제도라고 할 수 있습니다. 따라서 국가는 인권을 언제 어느 정도로 보장할 것인지에 대하여 자의로 선택할 권리가 없으며, 국제적으로도 서로 감시와 협력을 통하여 인권향상을 위해 힘써야 합니다.
  북한인권법안은 2007년 12월 18일 유엔 총회에서 채택된 북한의 인권상황에 관한 결의의 정신에 입각하여 북한인권 상황 개선에 필요한 제도적 장치들을 마련하는데 목적이 있습니다. 
  북한에 억류된 국군포로 납북자의 생사확인과 송환문제, 이산가족 상봉문제와 북한이탈주민의 불안정한 지위를 악용한 인권침해 문제에의 대처는 국제사회가 함께 해결 노력해야 할 과제입니다. 이에 대한 국민의 인식을 고취하고 이를 해결하기 위한 국가의 책무 및 제도적 장치 등을 마련하고자 합니다. 
■ 주요내용 
  가. 이 법은 북한인권 개선과 대북 인도적 지원에 관한 국가의 책무와 제도적 장치를 마련함으로써 북한 주민의 기본적 인권을 개선하고 삶의 질을 향상함을 목적으로 함(안 제1조).
  나. 국가는 북한주민이 대한민국 국민으로서 ？헌법？이 보장하는 기본적 권리를 향유할 수 있도록 노력하여야 함(안 제3조제1항).
  다. 통일부장관은 북한인권 개선과 대북 인도적 지원을 위한 기본계획을 매년 수립하여야 함(안 제5조).
  라. 국제사회의 북한인권 개선 등의 활동에 협력하고 이에 관한 정부의 정책을 효과적으로 실시하기 위해 외교통상부에 북한인권대사를 두도록 함(안 제6조).
  마. 북한인권 정책에 대한 자문을 청취하기 위하여 통일부에 북한인권자문위원회를 두도록 함(안 제7조).
  바. 북한 내에서의 인권침해사례와 그 증거를 체계적으로 수집·기록·보존하기 위하여 국가인권위원회에 북한인권기록보존소를 두도록 함(안 제8조).
  사. 정부는 북한인권 실태를 조사하고 중요사항에 대한 보고서를 국회에 제출하여야 하며, 동 실태조사 및 보고는 ？헌법？ 제10조 이하에 규정된 기본권의 유형별·내용별로 구체적으로 하여야 함(안 제9조).
  아. 통일부에 국군포로 및 납북자 문제 해결을 위한 기획단을 설치하고, 정부는 납북자·국군포로·이산가족 문제를 각급 남북회담에서 주요의제로 다루어야 함(안 제10조).
  자. 정부는 북한이탈주민의 신변안전 확보와 인권보호를 위하여 노력하여야 함(안 제11조)
  차. 통일부장관은 북한주민에게 정보가 자유롭게 전달·유통될 수 있도록 하는 방안을 마련·시행하여야 함(안 제13조).
  카. 통일부장관은 북한인권교육에 관한 시책을 마련하여 시행하여야 하며, ？통일교육지원법？ 제4조에 따른 통일교육기본계획 수립에 있어서 북한인권교육에 관한 사항을 반영하여야 함(안 제14조).
  타. 북한인권 개선 등의 사업에 참여하는 민간단체에 대하여 경비보조 등 필요한 지원을 하여야 함(안 제15조).","구본철,김성회,김소남,김효재,박상돈,송영선,신지호",외교통상통일위원회
황우여,59,1800044,PRC_L0N8M0X6A1I8A1Z4W3B2S0G4J6W6Y9,2011대구세계육상선수권대회 및 2014인천아시아경기대회 지원법 일부개정법률안,의결,2008-06-18,2009-09-16,대안폐기,"제안이유 
  2011대구세계육상선수권대회 및 2014인천아시아경기대회를 계기로 도시인프라 구축 및 환경 개선으로 품격 높은 도시이미지를 창출하여 국제스포츠 메카로서 우리나라의 신뢰와 위상을 제고하는 한편, 국민의 자긍심과 국가의 활력을 높고 동북아 경제의 중심이며 동북아의 허브로서의 대한민국과 개최도시의 브랜드가치를 높이기 위해  2011대구세계육상선수권대회 및 2014인천아시아경기대회를 반드시 성공적으로 개최하여야 함.
  이를 위해서는 대회관련시설과 대회지원시설의 적기 건설을 위한 관련 절차 간소화 및 대회 인프라 구축을 위한 정부의 적극적인 행·재정적 지원이 필요함.
주요내용
  가. “대회관련 시설”을 직접관련시설과 간접지원시설로 분류하여 상세히 규정함(안 제2조).
  나. 체계적 지원을 위한 “종합계획”을 수립함(안 제2조의2부터 제2조의4까지 신설).
  다. 국가 또는 지방자치단체가 대회관련시설 신축 등 사업비의 전부를 지원하고, 선수촌·미디어촌·부대사업에 따라 일반에게 제공되는 공동주택의 경우 분양가 상한제를 적용하지 않을 수 있도록 함(안 제23조제7항 신설).
  라. 사업계획의 승인이 있는 경우 도시계획 승인, 개발제한구역관리계획 수립, 재정투융자 심사 등이 있는 것으로 봄(안 제24조제3호부터 제5호까지 신설).
  마. 시행자가 사업계획의 승인 또는 변경승인을 받은 경우에는 「도시개발법」에 따른 도시개발구역 지정, 시행자 지정, 실시계획 인가·고시 등이 있는 것으로 봄(안 제28조제1항제31호 신설).","구본철,김충환,박상은,박종근,서상기,송영길,신학용","국제경기대회(세계육상선수권대회, 아시아경기대회, 포뮬러원국제자동차경주대회)지원특별위원회"
황우여,59,178314,PRC_D0W8G0A2V2V8A1H4R3F2R4X5Y4U2L1,2011대구세계육상선수권대회 및 2014인천아시아경기대회 지원법 일부개정법률안,의결,2008-02-28,2008-05-29,임기만료폐기,"제안이유
  2011대구세계육상선수권대회 및 2014인천아시아경기대회를 계기로 도시인프라 구축 및 환경 개선으로 품격 높은 도시이미지를 창출하여 국제스포츠 메카로서 우리나라의 신뢰와 위상을 제고하는 한편, 국민의 자긍심과 국가의 활력을 높고 동북아 경제의 중심이며 동북아의 허브로서의 대한민국과 개최도시의 브랜드가치를 높이기 위해  2011대구세계육상선수권대회 및 2014인천아시아경기대회를 반드시 성공적으로 개최하여야 함.
  이를 위해서는 대회관련시설과 대회지원시설의 적기 건설을 위한 관련 절차 간소화 및 대회 인프라 구축을 위한 정부의 적극적인 행·재정적 지원이 필요함.
주요내용
  가. “대회관련 시설”을 직접관련시설과 간접지원시설로 분류하여 상세히 규정함(안 제2조).
  나. 체계적 지원을 위한 “종합계획”을 수립함(안 제2조의2부터 제2조의4까지 신설).
  다. 국가 또는 지방자치단체가 대회관련시설 신축 등 사업비의 전부를 지원하고, 선수촌·미디어촌·부대사업에 따라 일반에게 제공되는 공동주택의 경우 분양가 상한제를 적용하지 않을 수 있도록 함(안 제23조제7항 신설).
  라. 사업계획의 승인이 있는 경우 도시계획 승인, 개발제한구역관리계획 수립, 재정투융자 심사 등이 있는 것으로 봄(안 제24조제3호부터 제5호까지 신설).
  마. 시행자가 사업계획의 승인 또는 변경승인을 받은 경우에는 「도시개발법」에 따른 도시개발구역 지정, 시행자 지정, 실시계획 인가·고시 등이 있는 것으로 봄(안 제28조제1항제31호 신설).","김교흥,김재원,김충환,박계동,박근혜,신학용,안영근",국제경기대회지원특별위원회
황우여,59,177791,PRC_R0G7Y1R1S1C4H1G4C4G7D0W7Y1R9T0,동물보호법 일부개정법률안,의결,2007-11-14,2008-05-29,임기만료폐기,"제안이유
  동물은 인간과 더불어 지구의 구성원으로서 그 존재가 인정받고 존중되어야하나 지금껏 인류는 인간중심적인 이기적이고 왜곡된 시선으로 동물을 대해왔다. 그리고 엄연히 감정이 있고 고통을 느낄 수 있는 동물을 함부로 취급하고 고통을 주는 행위도 서슴지 않고 자행되었다.  
  최근에는  시위나 집회, 또는 항의를 더 많이 알리고 이슈화하기위해 무고한 동물을 동원하는 사례도 종종 발생하고 있다. ""저항할 수 없는 동물의 고통""을 외면하고 외치는 부르짖음은 그 시위가 매우 타당한 목적이나 이유를 가졌다할 지라도 정당화될 수 없으며, 동물을 동원한 시위 등 일상에서 동물을 학대하는 습관은 근절되어야한다. 이에 대다수가 공감하는 보편적인 윤리적 가치기준에 부합하는 동물보호 규정을 신설하고자 함.
주요내용
  가. 도박·광고·오락·유흥 등의 행사목적으로 동물을 경품으로 주는 행위, 정당한 이유없이 질병에 걸려있는 상태로 방치하거나 굶주리게 하는 행위, 시위에 이용하는 행위와 같은 동물의 학대행위를 금지하도록 함(안 제7조제2항제3호의2부터 제3호의4까지 신설). 
  나. 동물의 운송자는 운송 중의 동물이 누울 수 있는 공간의 확보 및 동물의 보호시설물을 떨어뜨리거나 망가뜨리지 않도록 하는 등 필요한 조치를 하여야 함(안 제8조제1항제1호의3, 제2호의2 및 제3호의2 신설).
  다. 동물을 도축장에 계류시킬 때에는 동물에게 식수 및 사료의 제공, 동물의 종류·성별·혈통 등에 따라 격리하여 계류하는 등 필요한 조치를 하도록 함(안 제8조의2 신설).
  라. 농림부장관은 기술적 자문 등을 위하여 전문가로 구성된 동물실험 윤리위원회를 두도록 함(안 제14조제7항 신설).
  마. 상당한 이유 없이 동물을 살아있는 상태로 매몰 한 자에게 1년 이하의 징역 또는 500만원 이하의 벌금에 처하는 등 벌칙과 과태료 부과를 강화함(제25조 및 제26조).","고조흥,권경석,신상진,엄호성,유기준,유재건,이은영",농림해양수산위원회
황우여,59,177588,PRC_O0R7A1K0V0W8Z1V6T4I4D3X6C6H0G7,장애인복지법 일부개정법률안,의결,2007-10-08,2008-05-29,임기만료폐기,"제안이유
  「헌법」 제36조는 ‘국가는 모성의 보호를 위하여 노력하여야 한다’라고 모성의 보호를 명시하고 있으며, 근래 들어서는 모성을 보호의 대상으로서가 아닌 당연히 누리고 사회가 존중해줘야 할 권리로 진전시켜 가는 추세임. 그럼에도 불구하고 일반 임산부에 비해 보다 각별한 관리와 보호가 필요한 장애인임산부의 건강을 관리하고 보호하기 위한 제도적인 뒷받침은 여전히 미흡한 실정임.
  또한 장애인 부모의 경우 신체적·정신적 장애 때문에 일반 부모에 비해서 자녀의 학습을 도와주기 어렵고, 자녀들도 부모의 생활을 도와야하기 때문에 학업이 부진하더라도 방과 후 보충학습 등을 받기 어려워 장애인 가정의 자녀들은 정상적인 가정에서 자라난 자녀들에 비하여 사회생활을 매우 불리한 위치에서 시작할 수 있음. 이것은 부모의 장애가 사회적 불평등으로 전이되는 것이기 때문에 실질적 평등을 심각하게 저해하게 됨.
  이에 여성장애인의 임신 및 출산 등과 관련한 건강관리서비스를 지원하기 위하여 건강관리계획을 수립·시행하도록 하고 장애인임산부의 건강관리를 담당하는 전문진료기관을 지정할 수 있도록 함으로서 여성장애인의 모성보호와 복지증진에 이바지하고, ‘자녀교육도우미’ 지원제도를 도입하여 장애인의 자녀가 교육의 사각지대에 빠지지 않도록 함으로서, 사회의 건전한 일원으로 성장할 수 있도록 하려는 것임.
주요내용
  가. 보건복지부장관은 여성장애인의 임신과 출산 등에 관련한 건강관리서비스를 지원하기 위하여 장애인임산부건강관리계획을 수립·시행하여야 함(안 제36조의2제1항 신설).
  나. 여성장애인의 임신과 출산 등에 관련한 건강관리를 담당하기 위하여 「의료법」 제3조에 따른 의료기관을 대통령령으로 정하는 바에 따라 장애인임산부전문진료기관으로 지정할 수 있도록 함(안 제36조의2제2항 신설). 
  다. 국가 및 지방자치단체가 장애인 부모 가정에 ‘자녀교육도우미’를 지원할 수 있도록 함(안 제38조의2 신설).","김정권,김춘진,박찬숙,신상진,안상수,이경재,이계경",보건복지위원회
황우여,59,177586,PRC_X0A7A1H0G0M8A1O6V2I5Q0J4S6X4N1,국민건강증진법 일부개정법률안,의결,2007-10-08,2008-05-29,임기만료폐기,"제안이유
  우리나라 청소년의 흡연 연령은 갈수록 낮아지고 있으며 그 중 많은 청소년들이 학교에서 처음 흡연을 경험하고 있음. 그러나 현행 「국민건강증진법 시행규칙」에서는 「초·중등교육법」 제2조에 따른 학교의 교사(校舍)만을 금연구역으로 지정하고 있어 교사 외에서는 교직원 또는 외부인들의 흡연이 가능하여 학교 안에서도 학생들이 자주 흡연에 노출되고 있음.
  이에 교사뿐만 아니라 「유아교육법 」제2조제2호 및 「초·중등교육법」 제2조에 따른 학교 전체를 절대적 금연구역으로 정하여 학교 내에서나마 학생들이 흡연에 노출되지 않도록 함으로써 학생들의 건강을 보호하고 건전한 면학 분위기를 조성하려는 것임.
주요내용
  「유아교육법」 제2조제2호 및 「초·중등교육법」제2조에 따른 학교전체를 절대적 금연구역으로 함(안 제9조의2 신설).","고조흥,김재윤,김정권,박계동,배일도,신상진,엄호성",보건복지위원회
황우여,59,177417,PRC_H0Q7P0Y9R1J7A1Y7J3P5C4L6X3H9F9,여신전문금융업법 일부개정법률안,의결,2007-09-17,2008-05-29,임기만료폐기,"■ 제안이유 
  최근 신용카드가 현금과 함께 대표적인 거래 결제 수단이 되면서 신용카드업자는 고객 유치를 위해 신용카드 이용 금액에 상응하는 일정한 금전적 가치를 신용카드회원에게 제공하여 특정 상품이나 서비스를 구매 또는 이용할 수 있도록 하고 있음. 그러나 이와 같은 서비스의 내용을 카드사의 운영 상황에 따라 수시로 변경하거나, 서비스 사용 기간을 자의적으로 운영하여 서비스를 안정적으로 제공받는 것에 대하여 신용카드회원의 신뢰를 손상시키는 문제점이 있음. 따라서 이와 같은 서비스의 내용을 약관에 규정하고 신용카드업자의 서비스에 대한 책임을 강화시켜 보다 안정적으로 소비자에게 신용카드 이용에 대한 사후 서비스가 제공되도록 하고자 함.
■ 주요내용 
  가. “사후보상형서비스”란 일정한 상품이나 서비스를 구매할 수 있는 금전적 가치로서 신용카드업자가 신용카드회원에게 신용카드 이용금액에 상응하여 제공하는 것을 말함(안 제2조제5호의2 신설).
  나. 신용카드업자가 사후보상형서비스를 제공하는 경우 사후보상형서비스 명칭, 원화 가치, 사용 가능 범위, 사용 가능 기간, 양도에 관한 사항, 및 기부에 관한 사항 등을 약관에 기재하여야 함(안 제16조의2제1항 신설). 
  다. 신용카드업자가 사후보상형서비스와 관련한 약관의 내용을 변경하고자 하는 경우 미리 신용카드회원의 동의를 얻어야 함(안 제16조의2제2항 신설).
  라. 신용카드업자는 신용카드회원에게 사후보상형서비스의 사용 기간이 만료하기 1개월 전에 사후보상형서비스의 사용 기간 만료에 관한 사항 및 기부에 관한 사항을 알려야 함(안 제16조의2제3항 신설).
  마. 신용카드회원은 자신이 보유한 사후보상형서비스 이용에 대한 권리를 「휴면예금관리재단의 설립 등에 관한 법률」에 따라 설립된 휴면예금관리재단에 기부할 수 있음(안 제16조의3제1항 신설).
  바. 신용카드회원이 사후보상형서비스 기간 만료 전일 까지 사후보상형서비스의 기부의사를 전달하지 아니하는 경우에는 자신의 사후보상형서비스 잔여분에 대하여 기부의사를 전달한 것으로 간주함(안 제16조의3제3항 신설).
  사. 신용카드업자는 기부의사를 전달받거나 기부의사를 전달한 것으로 간주된 사후보상형서비스의 원화 가치를 1년 단위로 합산하여 이를 매년 휴면예금관리재단에 납부하여야 함(안 제16조의3제4항 신설)","고조흥,김정권,박찬숙,신상진,안상수,엄호성,이경재",재정경제위원회
황우여,59,177104,PRC_J0O7Z0R7O1E9K1Z1M3K5P4U8P9T3E2,북한이탈주민의 보호 및 정착지원에 관한 법률 일부개정법률안,의결,2007-07-19,2008-05-29,임기만료폐기,"제안이유
  외국에 체류하고 있는 북한이탈주민이 신변의 위협과 인권유린 등을 당하고 있는 현재의 어려운 상황을 타개하고 이들의 보호 등에 유리한 국제적 여건과 분위기를 조성하기 위하여 북한이탈주민의 체류국 내에서의 강제송환금지, 신변보호, 인권신장 및 국내입국 등을 위한 국가의 외교적 노력의무와 매년 북한이탈주민의 실태조사와 보호를 위한 방안 강구를 규정하는 한편,
  외국에 체류하고 있는 북한이탈주민의 경우 외국에서 대한민국의 보호를 받기 위해서는 재외공관 등 이들이 체류하고 있는 국가의 주권이 미치지 않는 장소에 직접 물리적으로 진입하여 보호신청 하는 방법밖에 없어 상당한 위험부담을 하지 않고는 국가의 보호를 받을 방법이 없으므로 이들이 직접 재외공관 등을 방문하여 보호신청 하는 방법 외에 일정한 경우에는 서신·전화 또는 대리인에 의하여도 보호신청을 할 수 있도록 하며 북한이탈주민의 신청에 의하여 재외국민보호증과 여권을 발급하여 주고, 보호결정기준의 완화 및 보호신청을 한 자에 대한 필요한 비용 지원을 하도록 하며, 
  북한이탈주민의 성공적인 국내정착을 위하여 필요한 교육 및 직업훈련, 생활보호를 지속적으로 받을 수 있도록 하는 등 이들의 보호와 지원을 위한 장치를 마련하려는 것임.
주요내용
  가. 대한민국은 외국에 체류하고 있는 북한이탈주민의 강제송환의 금지, 난민지위의 인정, 국내 입국 등 북한이탈주민의 신변 보호 및 인권신장과 북한이탈주민의 임시보호시설의 설치를 위한 외교적 노력을 다하여야 하도록 함(안 제4조제2항).
  나. 통일부장관은 매년 국내·외의 북한이탈주민의 실태를 조사하고, 이들의 보호를 위한 방안을 강구하여 시행하여야 함(안 제4조제4항 신설).
  다. 외국에 체류하고 있는 북한이탈주민은 그 보호신청을 대통령령으로 정하는 직접 신청하기 어려운 사유가 있는 경우에는 대리인을 통하거나, 서신·전화 등으로 할 수 있도록 함(안 제7조제1항).
  라. 제7조제1항의 규정에 의한 보호신청을 받은 재외공관장 등은 지체 없이 임시보호 등 필요한 조치를 하고 그 사실을 소속 중앙행정기관의 장을 거쳐 통일부장관과 국가정보원장에게 통보하여야 함(안 제7조제2항).
  마. 제7조제3항에 따라 통보를 받은 국가정보원장은 사실조사 등 필요한 조치를 취한 후 지체 없이 그 결과를 통일부장관에게 통보하여야 함(안 제7조제3항).
  바. 외교통상부장관은 북한이탈주민의 신청에 의하여 대통령령이 정하는 바에 따라 여권을 발급하여야 함(안 제7조의2제1항 신설).
  사. 외교통상부장관은 북한이탈주민의 신변보호를 위해 보호신청 직후 재외국민보호증을 발급하여야 함(안 제7조의2제2항 신설).
  아. 북한이탈주민의 임시보호, 여권 등의 발급 및 국내입국을 통합적으로 관리하는 특별기구를 외교통상부장관 산하에 두며, 특별기구에 관한 구체적인 내용은 외교통상부령으로 정함(안 제7조의2제3항 신설).
  자. 제9조제1항제4호의 경우(체류국에서 10년 이상 생활근거지를 두고 있는 자) 체류국이나 체류 중인 북한이탈주민에게 대통령령으로 정하는 부득이한 사정이 있을 경우에는 그러하지 아니함(안 제9조제2항).
  차. 외국에 체류하고 있는 북한이탈주민으로서 제7조에 따른 보호신청을 한 자에 대하여 현지에서의 보호·생계유지비용 등 국내 입국 전까지 필요한 비용을 지원할 수 있도록 하고, 외국에 체류하고 있는 북한이탈주민의 보호·국내 입국 등을 위한 활동을 하는 개인 또는 단체에 대하여도 필요한 경비의 전부 또는 일부를 지원할 수 있도록 함(안 제9조의2 신설).
  카. 통일부장관은 북한이탈주민이 희망하는 경우 대한민국에의 성공적인 정착 등을 위하여 필요한 교육을 지속적으로 실시하도록 함(안 제15조).
  타. 북한이탈주민은 희망에 따라 직업훈련을 보호결정을 받은 날부터 10년 내의 기간 중에 훈련횟수의 제한 없이 받을 수 있도록 함(안 제16조).
  파. 제11조에 따른 보호(정착지원시설에의 보호등)가 종료된 자 중 생활이 어려운 자에 대하여 이루어지는 생활보호 해당 기간을 5년에서 10년으로 연장함(안 제26조).","김정권,박상돈,박찬숙,송영선,신상진,안상수,엄호성",통일외교통상위원회
황우여,59,176569,PRC_Q0O7W0Y5M0V8M1S5N4W4E0T6N1E3J9,자전거이용 활성화에 관한 법률 일부개정법률안,의결,2007-05-07,2008-05-29,임기만료폐기,"■ 제안이유 
「자전거이용 활성화에 관한 법률」이 제정되었음에도 그 사무가 대부분 지방자치단체에 위임되어 국고의 지원이 효과적으로 이루어지지 않음에 따라 사업효과가 미미한 실정임.
  이에 자전거이용의 활성화를 위한 적극적 대책의 일환으로서 각 시·도별 시범지구의 설정 등을 통한 국가의 적극적 지원대책을 마련하기 위함임.
■ 주요내용 
  국가의 시책에 매년 각 시·도별로 시범지구를 선정하여 비용지원 등을 하도록 함(안 제4조).","고조흥,김교흥,김학원,맹형규,박성범,박순자,송영선",행정자치위원회
황우여,59,176503,PRC_S0Q7X0F4I3S0G1F6I0J1A2E6D2P1Q5,국토의 계획 및 이용에 관한 법률 일부개정법률안,의결,2007-04-26,2008-05-29,임기만료폐기,"■ 제안이유 
2005년 통계청 자료 기준 종교인구가 53%를 넘는 수준임에도 불구하고 종교부지 비율이 턱없이 부족한 상황이다. 또한 종교시설들이 종교의식을 수행하기 어려운 상업건물에 밀집되어있다. 종교활동을 하는 많은 사람들이 장소가 협소한 곳에서 종교의식을 수행하거나 시설의 미흡으로 제대로 수행할 수 없는 실정에 있다. 뿐만 아니라 상업시설에 위치한 종교시설은 주변 시설들과의 소음ㆍ교통문제 등으로 어려움에 처해있다.
  이에 따라 도시계획상 종교부지확보와 종교의 기능에 맞는 부지선정을 위해 종교시설이 기반시설 중 공공ㆍ문화체육시설에 포함됨을 법률에 명시하려는 것임.
■ 주요내용 
  종교시설이 기반시설에 포함됨을 법률에 명시함(안 제2조제6호라목).","고조흥,김성곤,김정권,김태년,신상진,오제세,우제창",건설교통위원회
황우여,59,176275,PRC_T0B7P0S3B2J6H1Y7A3Z8J5Z0P4X4X2,국가재정법 일부개정법률안,의결,2007-03-23,2008-05-29,임기만료폐기,"■ 제안이유 
 액화천연가스는 도시가스 및 발전사업에 사용되는 연료로서 21세기 친환경시대에 적합한 청정에너지원으로 주목받고 있음에도 액화천연가스시설의 설치로 인하여 그 주변지역에 대한 위해의 노출이 우려됨에 따라 지역주민들의 집단민원이 발생할 뿐 아니라 액화천연가스시설의 원활한 설치와 운영에도 어려움을 겪고 있는 실정임.
  이에 따라 액화천연가스시설의 주변지역에 대한 적절한 지원사업이 이루어지도록 ‘액화천연가스시설 주변지역지원에 관한 법률안(의안번호 제2995호)’에 액화천연가스시설 주변지역 지원사업기금을 설치함에 따라, 기금설치 근거법률에 「액화천연가스시설 주변지역지원에 관한 법률」을 추가하려는 것임.
■ 주요내용 
  별표 2의 기금설치 근거법률에「액화천연가스시설 주변지역지원에 관한 법률」을 추가함(안 별표 2 제61호 신설).","김명주,김양수,나경원,박상돈,박재완,박찬숙,신상진",국회운영위원회
황우여,59,176274,PRC_U0N7A0I3Y2M6W1C7J3K6X5K6Z0L7Z3,부담금관리기본법 일부개정법률안,의결,2007-03-23,2008-05-29,임기만료폐기,"■ 제안이유 
액화천연가스는 도시가스 및 발전사업에 사용되는 연료로서 21세기 친환경시대에 적합한 청정에너지원으로 주목받고 있음에도 액화천연가스시설의 설치로 인하여 그 주변지역에 대한 위해의 노출이 우려됨에 따라 지역주민들의 집단민원이 발생할 뿐 아니라 액화천연가스시설의 원활한 설치와 운영에도 어려움을 겪고 있는 실정임.
  이에 따라 액화천연가스시설의 주변지역에 대한 적절한 지원사업이 이루어지도록 ‘액화천연가스시설 주변지역지원에 관한 법률안(의안번호 제2995호)’에 액화천연가스시설 주변지역 지원사업기금을 설치하고, 그 주요 재원의 하나로 가스사용부담금의 설치 근거를 명시하고 있는바, 이 법에 따른 부담금에 포함함으로써 부담금운용의 공정성과 투명성을 도모하려는 것임.
■ 주요내용 
  「액화천연가스시설 주변지역지원에 관한 법률」에 규정하고 있는 가스사용부담금을 이 법에 따른 부담금에 포함함(안 별표 제120호 신설).","김명주,김양수,나경원,박상돈,박재완,박찬숙,신상진",국회운영위원회
황우여,59,174079,034479,건축문화진흥법안,의결,2006-03-22,2008-05-29,임기만료폐기,"■ 제안이유
건축물은 국가와 도시를 표현하는 외형문화의 대표적인 요소이며, 훌륭한 건축물은 국가의 문화적 유산의 역할을 할 뿐만 아니라 문화 관광지로서의 가치를 보유하고 있음.
  그러나 우리나라는 한국전쟁 이후 폐허화 된 국토의 개발이라는 대명제 아래 경제적인 건축물을 빨리 건설해야만 하는 건설위주의 국가정책이 전개되어 건축설계의 중요성은 간과되었으며, 건축물의 예술성보다는 실용성과 물량확보 중심의 건축행위로 말미암아 건축분야의 설계와 디자인부분에서는 현대건축의 세계적 경쟁력을 갖추지 못하고 있는 실정임.
  이에 건축문화에 대한 올바른 의식함양과 훌륭한 건축물의 근간이 되는 건축설계의 세계적 경쟁력 강화와 육성을 위한 국가적인 정책수립을 위하여 건축문화 진흥을 위한 법률을 제정하려는 것임.
■ 주요내용
  가. 건축문화의 진흥을 위한 사업과 활동을 지원함으로써 국민의 문화생활 향상 및 환경 개선과 독창적 건축문화의 창달에 이바지함을 목적으로 함(안 제1조).
  나. 문화관광부장관은 건축문화의 진흥과 건축문화와 관련한 활동을 지원하기 위하여 건축문화진흥계획을 수립·시행하도록 함(안 제5조).
  다. 건축문화의 진흥을 위한 사업과 활동을 지원하기 위하여 문화관광부에 건축문화위원회를 둠(안 제6조).
  라. 건축문화의 전당의 설립·운영과 건축문화진흥을 위한 사업이나 활동을 지원하기 위하여 건축문화진흥기금을 설치함(안 제12조).","고조흥,김교흥,김영숙,김재원,엄호성,오제세,이경재",문화관광위원회
황우여,59,173735,033364,형사소송법 일부개정법률안,의결,2005-12-29,2008-05-29,임기만료폐기,"■ 제안이유
  현행법은 구체적인 사건심판에서 불공정한 재판을 할 우려가 큰 경우를 유형적으로 정하여 놓고 그 사유에 해당하는 법관을 법원이 직무집행에서 자동적으로 배제시키는 제척의 사유를 열거하고 있음.
  한편 「선거관리위원회법」에서는 공정한 법의 적용을 사명으로 하는 법관을 선거관리위원회의 위원이 될 수 있도록 함에 따라 통상 법관이 선거관리업무에서 중요한 역할을 수행하고 있음.
  다만, 법관이 선거관리위원으로서 직무수행 중에 선거법위반행위를 발견하여 이를 중지·경고·시정명령·수사의뢰 또는 고발한 때 그 사건이 다시 법원에서 그 법관에게 배정된 경우에는 현행법상의 제척사유인 “법관이 사건에 관하여 전심재판 또는 그 기초되는 조사, 심리에 관여한 때”와 유사하게 불공정한 재판을 할 우려가 있다고 할 수 있으므로 이를 제척사유에 포함시키려는 것임.
■ 주요내용
  법관이 사건에 관하여 선거관리위원회 위원으로서 법률의 규정에 의한 중지·경고·시정명령·수사의뢰 또는 고발을 행한 경우를 제척사유로 함(안 제17조제8호 신설).","김교흥,김영선,박찬숙,엄호성,윤건영,이병석,이인기",법제사법위원회
황우여,59,172995,032235,액화천연가스시설 주변지역지원에 관한 법률안,의결,2005-10-20,2008-05-29,임기만료폐기,"■ 제안이유
액화천연가스는 도시가스 및 발전사업에 사용되는 연료로서 21세기 친환경시대에 적합한 청정에너지원으로 주목받고 있음에도 액화천연가스시설의 설치로 인하여 그 주변지역에 대한 위해의 노출이 우려됨에 따라 지역주민들의 집단민원이 발생될 뿐 아니라 액화천연가스시설의 원활한 설치와 운영에도 어려움을 겪고 있는 실정임.
  이에 따라 액화천연가스시설의 주변지역에 대한 적절한 지원사업 및 대책이 이루어지도록 법률적 근거를 마련하여 지역경제의 발전을 도모하며, 아울러 에너지사업에 대한 국민의 이해를 바탕으로 액화천연가스의 원활한 공급과 에너지 개발을 촉진하려는 것임.
■ 주요내용
  가. 인수기지가 설치되어 있거나 설치될 지점으로부터 반경 5킬로미터 이내의 육지 및 도서지역이 속하는 읍·면·동의 지역을 주변지역지원사업심의위원회 심의를 거쳐 주변지역으로 지정함(안 제3조).
  나. 산업자원부장관이 주변지역에 대한 지원사업에 관한 연간계획을 수립하고, 주변지역을 관할하는 시장·군수 또는 구청장이 당해 지역의 지원사업에 관한 장기계획을 수립할 수 있도록 함(안 제4조).
  다. 지원사업의 종류는 지역개발기본지원사업, 도시가스요금보조사업, 주민복지지원사업, 기업유치지원사업 등으로 함(안 제5조).
  라. 지원사업은 주변지역을 관할하는 시·도지사 또는 한국가스공사가 시행함(안 제6조).
  마. 지원사업에 소요되는 재원을 확보하기 위하여 액화천연가스시설 주변지역지원사업기금을 설치하고, 기금의 재원은 한국가스공사 및 「전기사업법」 규정에 따른 발전사업을 하는자의 출연금과 천연가스소비자로부터 징수한 가스사용부담금으로 조성함(안 제7조 내지 제10조).
  바. 주변지역의 지정과 주변지역에 대한 지원사업에 관하여 중요사항을 심의하기 위하여 산업자원부장관 소속하에 주변지역지원사업심의위원회를 설치함(안 제13조).
  사. 주변지역에 공공시설을 우선적으로 설치할 수 있고, 한국가스공사는 주변지역의 주민을 우선적으로 고용할 수 있도록 함(안 제14조 및 제15조).
  아. 지원사업의 시행자는 매년 지원사업에 관한 결산보고서를 작성하여 산업자원부장관에게 제출함(안 제16조).","곽성문,김재원,박찬숙,신상진,엄호성,이상배,이성권",산업자원위원회
황우여,59,172602,031697,전기사업법 일부개정법률안,의결,2005-09-09,2008-05-29,임기만료폐기,"■ 제안이유 및 주요내용
교육용전력 전기요금은 계약종별 전기요금 평균단가의 120% 수준으로 다른 전기요금에 비하여 비싼 편이어서 이를 전기요금 평균단가의 80%수준으로 인하하도록 하여 교육재정을 확보함으로써, 공교육 위기의 극복을 위한 교원충원과 교육여건 개선을 위한 재원으로 활용하려는 것임(안 제16조의2).","고조흥,김석준,김재원,맹형규,박성범,박찬숙,백원우",산업자원위원회
황우여,59,172601,031696,도시가스사업법 일부개정법률안,의결,2005-09-09,2008-05-29,임기만료폐기,"■ 제안이유 및 주요내용
현재 교육용 도시가스에 일반용 도시가스 요금이 부과되고 있으나, 학교 단체급식으로 도시가스 사용량이 급증하는 등 열악한 교육예산을 감안하여 산업용 도시가스 요금이 적용될 수 있도록 법적 근거를 마련하려는 것임(안 제20조의2).","고조흥,김석준,김재원,맹형규,박성범,박찬숙,백원우",산업자원위원회
황우여,59,171898,030750,효 실천장려 및 지원에 관한 법률안,의결,2005-05-31,2007-07-02,대안폐기,"■ 제안이유
  최근의 급속한 사회의 변화로 대가족이 해체되고 부부중심의 가정으로 변화하면서 자녀들이 부모를 부양하는 것이 어려워지는 현상이 발생하고 있음. 이는 전통적인 효관념이 약화되고 있는 것도 한 원인이지만 변화하는 우리 사회에 따른 부모 부양환경이 마련되지 아니한 것도 한 원인으로 볼 수 있을 것임.
  이에 인류의 보편적 가치인 부모에 대한 공경 또는 효 의식을 되살리고 솔선하여 부모 등 직계존속을 부양하는 국민들을 지원하기 위하여 국가 차원의 지원 방안을 마련하려는 것임.
■ 주요내용
  가. 이 법은 효의 실천을 장려하고 그 지원책을 마련함으로써 가족  간의 화목 및 유대를 강화함을 목적으로 함(안 제1조).
  나. 국가 및 지방자치단체는 효를 장려하고 그 실천을 위한 시책을  마련하여야 하고, 모든 국민은 성실히 효를 실천하여야 함(안 제2조 및 제3조).
  다. 교육인적자원부장관 및 교육감은 교육과정의 기준과 내용에 관한 기본적인 사항을 정함에 있어 효에 관한 내용이 포함되도록 하여야 하며, ?유아교육법? 및 ?초·중등교육법?에 초등학교 등의 장은 효에 관한 교육을 실시하여야 함(안 제5조).
  라. 국가 및 지방자치단체는 효실천 우수자에 대하여 표창할 수 있고, 표창을 받은 사람에 대하여 고궁ㆍ능원ㆍ박물관ㆍ공원 등의 공공시설을 무료로 또는 그 이용요금을 할인하여 이용하게 할 수 있도록 함(안 제6조).
  마. 국가 또는 지방자치단체는 자녀가 부모 등을 부양하기 위하여 함께 주거하는데 적합한 기능 및 설비를 갖춘 주거시설의 공급을 지원하도록 함(안 제7조).
  바. 국가·지방자치단체·대한주택공사 및 지방공사인 사업주체가 건설하여 공급하는 일정한 주택의 경우에는 부모 등을 부양하는 자에게 일정범위 안에서 우선 공급할 수 있도록 함(안 제8조).
  사. 국가 또는 지방자치단체는 부모 등을 부양하고 있는 자가 주택을 분양 또는 임대 받는 경우 예산의 범위 내에서 이에 소요되는 비용을 보조하거나 대여할 수 있도록 함(안 제10조).  
  아. 국가 또는 지방자치단체는 부모를 부양하는 자에게 생업지원을 할 수 있도록 함(안 제11조).
  자. 국가와 지방자치단체는 장기수발을 요하는 부모를 부양하는 자에게 효간병 수당을 지급할 수 있도록 함(안 제12조).
  차. 국가 및 지방자치단체는 효실천 우수자에 대하여 ?조세특례제한법?이 정하는 바에 따라 자동차·주택보유 등에 관한 조세를 감면 할 수 있도록 함(안 제14조).
  카. 국가 및 지방자치단체는 부모 등을 부양하는 자 및 그 부모가 국립대학병원 등 공공의 의료시설 및 요양시설을 우선적으로 이용할 수 있도록 함(안 제15조).
  타. 국가 및 지방자치단체는 부모를 부양하는 자의 자녀에게 교육비 지원을 할 수 있도록 함(안 제16조).ㅍ","고경화,고조흥,김양수,김재경,안경률,엄호성,이경재",보건복지위원회
황우여,59,171057,029400,박물관및미술관진흥법중개정법률안,의결,2004-12-03,2008-05-29,임기만료폐기,"■ 제안이유 및 주요내용
  학예사는 문화관광부 주관으로 시행되는 준학예사 시험에 합격한 자로서 박물관이나 미술관 등에 채용되고 있음.
  그러나 교육·보존·전시·관리 등 소관 분야가 다양함에도 불구하고 모두 학예사로 동일하게 규정하여 업무내용의 중복, 전문성의 부족, 명칭의 모호성 등의 문제가 발생하고 있음.
  이에 학예사의 명칭을 전문학예사로 고치고, 전문분야별 담당 업무에 따라 각각의 업무에 맞는 자격증을 부여하도록 함으로써 박물관이나 미술관 등에서 전문분야별로 그 소관업무에 적합한 자를 채용할 수 있도록 하려는 것임(안 제6조).","고흥길,권철현,김영숙,김재홍,노웅래,박재완,박창달",문화관광위원회
황우여,59,171010,029340,소프트웨어산업진흥법중개정법률안,의결,2004-11-30,2008-05-29,임기만료폐기,"■ 제안이유
  소트프웨어의 구입을 위한 비용이 늘어나면서 국민경제 전체에 경제적 부담이 될 수 있으므로, 소스코드를 개방한 채로 제공되는 공개소프트웨어의 개발과 보급을 활성화시킴으로써 소프트웨어에 대한 공평한 접근기회를 제공하고 건전한 정보문화를 형성하려는 것임. 
■ 주요내용
  가. 소프트웨어 중 소스코드를 개방한 상태로 실행프로그램을 제공하고, 소스코드의 개작과 그 배포가 허용되는 소프트웨어를 공개소프트웨어라고 함(안 제2조제1호의2 신설).
  나. 소프트웨어산업의 진흥을 위한 기본계획에 공개소프트웨어의 개발과 보급활성화에 관한 사항을 추가함(안 제4조제2항제8호의2 신설). 
  다. 한국소프트웨어진흥원의 사업에 공개소프트웨어의 개발과 보급활성화를 위한 지원사업을 포함시킴(안 제17조제3항제7호의2 신설).","권영세,김덕규,김맹곤,김재원,김재홍,김희정,서병수",과학기술정보통신위원회
황우여,59,163136,027804,지방교육자치에관한법률중개정법률안,의결,2004-02-11,2004-05-29,임기만료폐기,"■ 제안이유
교육의 자주성 및 전문성과 지방교육의 특수성을 살리고 선거가 국민의 자유로운 의사와 민주적인 절차에 의하여 공정히 행하여지도록 하고, 선거와 관련한 부정을 방지함으로써 지방교육의 발전에 기여하고자 교육감 및 교육위원을 학교운영위원회로 구성된 선거인단에 의한 간접선거가 아닌 해당지역 주민의 직선선거로 선출하는데 필요한 법적?제도적 장치를 마련하려는 것임.
■ 주요골자
 가. 20세 이상의 국민으로서 당해 시?도의 관할구역안에 주민등록이 되어 있는 자는 그 지역의 교육위원 및 교육감의 선거권이 있도록 함(안 제62조). 
  나. 후보자는 선거운동 그 밖에 선거운동에 관한 사무를 처리하기 위하여 당해 선거구안에 1개의 선거사무소를 설치할 수 있도록 함(안 제79조의2).
  다. 후보자가 선거사무소를 설치한 때에는 선거운동을 할 수 있는 자중에서 선거사무원을 둘 수 있도록 함(안 제79조의3).
  라. 텔레비전 및 라디오방송시설을 경영 또는 관리하는 자는 소견발표회를 개최하는 선거관리위원회와 협의하여 이를 중계방송 할 수 있도록 함(안 제81조제7항).
  마. 선거운동을 할 수 있는 자는 선거운동기간중에 개인용 컴퓨터를 이용하여 컴퓨터통신의 게시판?자료실 등 정보저장장치에 선거운동을 위한 내용의 정보를 게시하여 선거운동을 할 수 있도록 함(안 제83조의2제1항).
  바. 교육감 및 그 소속공무원은 선거기간 개시일전 30일부터 선거일까지 선거인을 대상으로 특정후보자의 업적을 홍보하거나 법령에 의하지 아니한 회의?교육?연수회 그 밖의 각종행사를 개최?후원할 수 없도록 함(안 제84조의2).","권영세,권철현,김부겸,김영춘,남경필,이강두,이규택",교육위원회
황우여,59,163088,027594,유아교육법안,의결,2003-12-27,2004-01-08,수정가결,"■ 제안경위
1. 2001년 12월 6일 이재정의원이 대표발의하여 동월 7일 우리 위원회에 회부된 유아교육법안과 2003년 4월 1일 김정숙 의원이 대표발의하여 동월 2일 우리 위원회에 회부된 유아교육법안은 각각 제229회국회(임시회) 제1차 위원회 및 제238회국회(임시회) 제4차 위원회에 상정되어 대체토론을 거친 후 법안심사소위원회에 회부되었음.
2. 법안심사소위원회에서는 2003년 12월 11일 회의를 열어 위원회 대체토론 과정에서 제기된 주요쟁점사항과 전문위원의 수정의견을 중심으로 2건의 유아교육법안을 심사한 결과, 이 두 법안은 각각 본회의에 부의하지 아니하기로 하고 그 내용을 통합?조정하여 위원회 대안을 제안하기로 하였음.
3. 2003년 12월 11일 제244회국회(임시회) 제1차 교육위원회에서 법안심사소위원회가 심사보고한 대로 이 두 법안을 본회의에 부의하지 아니하기로 하고, 동 소위원회에서 제안한 유아교육법안(대안)을 위원회안으로 채택하기로 하였음.
■ 제안이유
국가인적자원개발에 대한 범국가적인 관심이 높고 유아교육에 대한 국가 책임이 확대되고 있는 세계적 흐름에도 불구하고, 유아교육체제가 여전히「초?중등교육법」에 부속적으로 규정되어 발생하는 많은 문제점을 해소하고,  국가 인적자원 관리 체제의 기본틀을 유아단계부터 체계화하고, 유아의 교육과 보호에 대한 공교육체제를 마련함으로써 유아의 균형적이고 조화로운 발달을 조장함과 아울러, 보호자의 사회?경제적 활동이 원활하게 이루어질 수 있도록 지원하기 위함.
■ 주요골자
1. 교육기본법 제9조의 규정에 따라 만3세부터 초등학교 취학전까지의 어린이를 대상으로 유아교육과 보호에 관한 사항을 정함을 목적으로 함(안 제1조 및 제2조제1호?제2호).
2. 유아교육 및 보육에 관한 기본계획, 유치원 및 보육시설간의 연계운영 등을 심의하기 위하여 국무총리 소속하에 유아교육?보육위원회를 두며, 위원회는 위원장을 포함한 11인의 위원으로 구성하되, 위원장은 국무조정실장이 되고 위원은 교육인적자원부차관, 보건복지부차관, 여성부차관 및 기획예산처차관 등 정부관계자와 각계 대표로 구성함(안 제4조제1항?제2항).
3. 유아교육에 관한 정책, 사업의 기획?조사 등에 관한 사항을 심의하기 위하여 교육인적자원부에 중앙유아교육위원회를 두고 특별시?광역시?도교육청에 시?도유아교육위원회를 둠(안 제5조).
4. 국가 및 지방자치단체는 유아교육과 보호에 관한 연구와 정보 제공, 프로그램 및 교재 개발, 유치원 교원 연수 및 평가를 담당하는 유아교육진흥원을 설치할 수 있도록 함(안 제6조).
5. 유치원의 학년도는 3월 1일부터 다음해 2월 말일까지로 하고, 보호자의 요구 및 지역실정에 따라 반일제, 시간연장제, 종일제 등을 운영할 수 있도록 함(안 제12조제1항?제2항).
6. 원장은 교육?보호하고 있는 유아에 대한 건강검진을 실시하여야 하며 적합한 급식을 제공할 수 있도록 함(안 제17조제1항?제2항).
7. 유치원에는 교원으로 원장, 원감 및 교사를 두되, 교원외에 촉탁의사, 영양사, 간호사 또는 간호조무사, 행정직원 등을 둘 수 있도록 하며, 교육과정 운영상 필요한 경우 교원외에 강사, 기간제 교사 또는 명예교사 등을 둘 수 있도록 함(안제20조제1항?제2항 및 제23조제1항).
8. 초등학교 취학직전 1년의 유아 교육?보호는 무상으로 하며, 무상 교육?보호에 필요한 비용은 국가 및 지방자치단체가 부담하되, 유아의 보호자에게 지원하는 것을 원칙으로 함(안 제24조제1항?제2항).
9. 국가 및 지방자치단체는 무상 교육?보호 대상이 아닌 유아 중에서 국민기초생활보장법의 규정에 의한 수급권자와 대통령령이 정하는 저소득층 자녀의 유아교육?보호에 필요한 비용의 전부 또는 일부를 예산의 범위 내에서 부담하되, 유아의 보호자에게 지원하는 것을 원칙으로 함(안 제26조제1항).
10. 국가 및 지방자치단체는 대통령령이 정하는 바에 따라 사립유치원의 설립 및 운영에 소요되는 경비의 일부를 보조할 수 있도록 함(안 제26조제3항).
11. 국가 및 지방자치단체는 종일제를 운영하거나 대통령령이 정하는 수업일수를 초과하여 운영하는 유치원에 대하여는  운영에 소요되는 경비를 보조할 수 있도록 함(안 제27조).
12. 국가 및 지방자치단체는 사립유치원의 장이 유치원의 목적 이외에 보조금을 사용한 때, 거짓 그 밖의 부정한 방법으로 보조금의 교부를 받은 때 등에는 이미 교부한 보조금의 전부 또는 일부의 반환을 명할 수 있도록 함(안 제28조).
13. 관할청은 재해 등의 긴급한 사유로 정상적인 교육?보호가 불가능하다고 인정하는 경우에는 유치원의 장에게 휴업을 명할 수 있으며, 이에 불구하고 휴업하지 아니하거나 특별히 긴급한 사유가 있는 경우에는 휴원 처분을 할 수 있도록 함(안 제31조).
14. 관할청은 유치원의 장 또는 설립?경영자가 고의 또는 중과실로 이 법 또는 이 법에 따른 명령에 위반한 경우 등 정상적인 교육?보호과정 운영이 불가능한 경우에는 유치원에 대해 그 폐쇄를 명할 수 있도록 함(안 제32조제1항).
■ 본회의 수정사항
□ 수정이유 및 수정주요골자
유아교육법안(대안)은 2001년 12월 6일 이재정의원이 대표발의하여 동월 7일 교육위원회에 회부된 유아교육법안과 2003년 4월 1일 김정숙 의원이 대표발의하여 동월 2일 교육위원회에 회부된 유아교육법안을 각각 제229회국회(임시회) 제1차 위원회 및 제238회국회(임시회) 제4차 위원회에 상정하여 대체토론을 거친 후 법안심사소위원회에서 제기된 주요쟁점사항과 전문위원의 수정의견을 중심으로 대안을 마련하였음.
동 법안의 취지는 국가 인적자원 관리체제의 기본 틀을 유아단계부터 체계화하고, 유아의 교육과 보호에 대한 공교육체제를 마련함으로써 유아의 균형적이고 조화로운 발달을 조장함과 아울러, 보호자의 사회·경제적 활동이 원활하게 이루어질 수 있도록 지원하는 것임.
그러나, 유아교육이라는 용어에는 교육에 이미 보호의 기능이 당연히 내포되어 있으므로 유아의 보호에 대한 규정을 별도로 둘 필요가 없다고 판단되어 삭제하고자 함. 다만, 현실적으로 사립유치원이 차지하고 있는 유아교육의 공헌도를 감안할 때 국가 및 지방자치단체의 지원은 미흡한 실정임. 이미 사립 초?중등학교의 경우 사립학교법에 근거하여 교사의 인건비를 국가가 지원하고 있으므로 사립유치원에 있어서도 교사에 대한 인건비를 국가 및 지방자치단체가 재정상황에따라 부담토록 함으로써 공교육으로써의 유아교육을 내실화하기 위함임.","황우여,,,,,,",교육위원회
황우여,59,162886,026910,초·중등교육법중개정법률안,의결,2003-11-07,2003-12-22,대안폐기,"■ 제안이유
유·초·중등학교 교사자격은 물론, 같은 비 교과교사인「보건교사」및「영양교사」는 ‘1급’, ‘2급’으로 그 자격기준이 세분화되어 있으나「사서교사」는 구분이 없어 그 형평성에 문제 있음.  
정부에서 학교도서관의 활성화 5개년 계획을 수립하여 추진중에 있고, 이에 따라 전국의 초·중등학교에 학교도서관 설치 및 자료 확충이 활발하게 진행되고 있어 이의 효율적 활용을 위한 사서 교육의 중요성이 강조되고 있음.  
학생들이 자료를 활용하여 자기 주도적으로 지식을 재구성하는 방향으로 교육이 진행되는 추세에 있으며, 다양한 도서 활용방법을 익히고, 체계적인 독서교육을 실시하는 것이 지식정보사회를 대비하는 교육으로, 독서교육의 중요성이 강조되고 있어, 효율적인 학생지도를 위한 사서교사의 자율적인 전문성 신장을 위한 유인책이 필요함.
■ 주요골자
1. 사서교사을  ‘사서교사(1급)’, ‘사서교사(2급)’으로 세분화함.
2. 현행 사서교사 자격기준을 ‘사서교사(2급)’ 자격기준으로 하고, ‘사서교사(1급)’ 자격기준을 신설함.","권철현,김정숙,박재욱,박창달,설훈,엄호성,윤한도",교육위원회
황우여,59,162382,024659,식품위생법중개정법률안,의결,2003-06-12,2003-09-05,대안폐기,"■ 제안이유
현재 일부식품에 한하여 의무적으로 시행하고 있는 식품 영양표시제를 일반 식품에까지 확대함으로써 식생활에 있어서 소비자의 알권리를 실현하고 올바른 식품문화를 형성하려는 것임.
■ 주요골자
1. 식품의약품안전청장으로 하여금 판매를 목적으로 하는 식품 또는 식품첨가물, 제9조제1항의 규정에 의하여 기준이나 규격이 정하여진 기구 또는 용기?포장을 표시함에 있어서 필요한 기준을 고시하도록 하고, 다만, 식품 또는 식품첨가물의 종류나 특성에 비추어 표시에 관한 기준을 정하여 고시하는 것이 적당하지 아니하는 경우에는 기준을 정하지 아니할 수 있도록 함(안 제10조제1항).
2. 기준이 고시된 식품의 용기?포장에는 제품명, 식품의 유형, 영양성분 등의 표시를 하도록 하고, 식품첨가물의 경우에는 해당 사항에 한하여 표시하도록 함(안 제10조제2항 신설).","고흥길,권태망,김정숙,박세환,엄호성,이경재,이재오",보건복지위원회
황우여,59,162010,022629,국립대학운영에관한특별법안,의결,2002-11-13,2004-05-29,임기만료폐기,"■ 제안이유
현재의 국립대학은 국가기관의 하나로 정부전체의 공통적인 법규와 지침 적용으로 각 대학이 교육·연구의 특성 있는 업무를 스스로의 권한과 책임 하에 수행하는데 한계가 있고, 대학재정이 국가 일반회계·기성회계·연구비회계 등 분식회계로 되어 있어 투명하고 효율적으로 운영되지 못하고 있는 실정임. 
  따라서 국립대학운영에관한특별법을 제정하여 국립대학이 조직·인사를 보다 자율적으로 관리할 수 있게 하며, 일정한 국고지원 보장 및 수익사업 허용 등을 통해 재정을 안정적으로 확보할 수 있도록 하고, 국가 일반회계와 자체 기성회계 등을 통합 운영하게 하는 등 책임경영체제를 구축하도록 하여 대학교육의 발전을 도모하고자 함.
■ 주요골자
1. 국립대학 운영의 자율성과 효율성을 제고하기 위하여 대학의 의사결정과 조직, 정원, 인사, 예산 및 회계관리 등에 관한 특례를 규정하고자 함(안 제1조).
2. 이 법은 국가가 설립·경영하는 고등교육법 제2조제1호 내지 제5호의 규정에 의한 학교에 대하여 적용함(안 제2조).
3. 대학의 장은 중·장기 대학 발전계획 및 재정운영계획을 수립하고 이를 성실히 이행하여야 하고, 교육인적자원부장관은 대학의 노력에 대하여 평가를 실시하여 행정 및 재정지원정책에 이를 반영하여야 함(안 제5조).
4. 대학 재정운영에 관한 주요 사항을 의결하기 위하여 9인 이상 15인 이내의 위원으로 구성되는 대학재정위원회를 설치함(안 제6조).
5. 대학의 장이 요청할 경우 교육인적자원부장관은 당해 대학 과장급(4급공무원) 정원의 100분의 20범위내에서 교육인적자원부 또는 그 소속기관의 공무원을 대상으로 하는 직위공모의 방식에 의하여 직위를 부여할 수 있음(안 제9조).
6. 대학의 장은 교육운영상 필요한 때에는 대학회계의 자체수입으로 경비를 부담하는 국가공무원 이외의 교원 및 직원을 임용할 수 있음(안 제10조).
7. 국립대학의 재정을 안정적으로 확보하고 그 운영의 자율성과 효율성을 제고하기 위하여 각 대학에 국가지원금과 자체수입금을 통합 운영하는 대학회계를 설치함(안 제11조).
8. 대학회계의 회계연도는 매년 3월 1일에 시작하여 다음해 2월 말일에 종료함(안 제12조).
9. 국가는 매 회계연도마다 국가공무원의 인건비, 시간강사료, 시설비와 내국세 총액의 1,000분의 3에 해당하는 운영비 등을 지원함(안 제15조).
10. 대학회계의 매년도 예산편성지침은 교육인적자원부장관이 대학의 장의 의견과 관계 중앙행정기관의 장의 의견을 들어 작성하여 회계연도 개시 120일전에 대학에 통보함(안 제17조).
11. 대학의 장은 회계연도마다 대학회계의 세입세출예산안을 편성하여 회계연도 개시 30일전까지 대학재정위원회에 제출하고, 회계연도 개시 10일전까지 심의·의결함(안 제18조).
12. 학생납부금은 대학이 제공하는 교육프로그램의 수준과 물가 등 경제 전반에 미치는 영향을 고려하여 대학의 장이 산정하여 대학재정위원회에서 심의·의결을 거쳐 결정함(안 제28조).
13. 교육인적자원부장관은 제6조제5항의 의결사항이 법령에 위반되거나 대학교육을 현저히 해할 수 있다고 판단될 때에는 그 의결사항을 취소할 수 있고, 이 법을 위반한 경우에는 대학의 장 등에게 그 시정 또는 변경을 명할 수 있음(안 제31조).","고흥길,권태망,김경천,김영진,민봉기,박세환,박인상",교육위원회
황우여,59,161965,022512,대한민국국화에관한법률안,의결,2002-11-07,2004-05-29,임기만료폐기,"","고흥길,김경천,김영선,김영진,김원웅,김홍신,김황식",행정자치위원회
황우여,59,161964,022510,국민건강증진법중개정법률안,의결,2002-11-07,2003-06-30,수정가결,"■ 제안이유 및 주요골자
담배자동판매기를 통한 청소년의 담배구입 경로를 차단함과 아울러 담배의 폐해로부터 국민의 건강을 보호하기 위하여 담배자동판매기에 의하여 담배를 판매할 수 없도록 하고자 함(안 제9조제2항).
■ 위원회 수정사항
□ 수정이유 및 수정주요골자
자동판매기에 의한 담배판매를 완전히 금지하는 것은 지나친 규제이므로, 청소년 흡연예방의 목적을 달성하면서 그 제한을 최소한으로 할 수 있도록, 현행과 같이 제한된 장소에서만 설치하되 담배자동판매기에 성인인증장치를 부착하도록 수정하려는 것임.","김경천,김영선,김영진,김원웅,김홍신,김황식,민봉기",보건복지위원회
황우여,59,161846,022225,학교급식법중개정법률안,의결,2002-10-19,2003-06-30,수정가결,"■ 제안이유
학교급식법 제7조의 규정에 의하여 학교급식전담직원(영양사)을 두고 있는데 학교공식 전담업무외에 아침결식, 편식 등으로 인한 영양불균형을 시정하고 학생의 건강관리와 바른 식습관을 위한 체계적인 영양교육을 실시 하기위하여 영양사 대신 초?중등교육법 제21조제2항의 규정에 의한 영양교사를 두도록 하려는 것임.  
■ 주요골자
1. 학교급식을 위한 시설과 설비를 갖춘 학교급식시설에 학교급식전담직원을 두던 것을 초?중등교육법 제21조제2항의 규정에 의한 영양교사를 두도록 함(안 제7조제1항).
2. 영양교사를 보조하기 위하여 필요한 경우에는 교육인적자원부령이 정하는 바에 따라 보조직원을 둘 수 있도록 함(안 제7조제3항). 
3. 영양교사의 업무를 규정하고, 영양 및 식생활개선에 관한 학생교육을 위한 교육내용 등에 관하여 필요한 사항은 교육인적자원부령으로 정하도록 함(안 제12조).   
■ 위원회 수정사항
□ 수정이유 및 수정주요골자
이 개정안은 초·중등교육법중개정법률안(이재정의원 대표발의, 2002.10.19 제출)을 전제로 제출된 법안으로서 동 개정법률안에서 교원의 자격에 영양교사(1급·2급)의 자격을 신설하고 그 자격기준 및 시행시기를 정함에 따라 동 개정법률의 시행일에 맞추어 학교급식전담직원(영양사)를 영양교사로 두도록 하는 시행시기를 수정하고, 그밖에 보조직원을 둘 수 있는 근거조항을 삭제하였으며, 영양교사의 업무조항도 여타교원의 업무가 하위법령에 위임되어 있는 현행법 체계를 맞추기 위해 시행령에서 규정하기로 하고 삭제하였으며, 교육감 및 교육장이 학교급식에 관한 업무를 전담하게 하기 위하여 둘 수 있는 직원은 개정안의 시행시기 등을 감안하여 종전대로 영양에 관한 전문지식이 있는 직원으로 수정함.","권기술,권태망,김경천,김근태,김덕규,김방림,김성순",교육위원회
황우여,59,161783,022106,지방교육자치에관한법률중개정법률안,의결,2002-10-10,2004-05-29,임기만료폐기,"제안이유 및 주요골자 
？？？？？？？？？？？？？？？？？？？？
현직을 이용한 불법 선거운동의 우려 및 타 후보와의 형평성 문제를 해소하기 위해 교육감에 출마의사가 있는 교육공무원 및 사립학교 교원, 교육·학예에 관한 사무에 종사하는 국가 또는 지방공무원 등에 대해서는 후보자등록신청전에 그 직을 사퇴하도록 하는 규정을 신설하고자 함.","고흥길,권기술,권오을,권태망,김경천,김영진,남궁석",교육위원회
황우여,59,161782,022105,평생교육법중개정법률안,의결,2002-10-10,2004-05-29,임기만료폐기,"제안이유 및 주요골자
？？？？？？？？？？？？？？？？？？？？
  비영리법인으로 직업학교형태의 평생교육시설을 신설할 수 있도록 개정하여 직업기술에 관한 단일 직종만을 교육하도록 함으로써 교육훈련산업을 육성하고 인적자원개발에 관한 민간투자를 촉진함으로써 국가 인적자원개발체계의 건전한 발전에 기여하려는 것임(안 제27조의2 신설).","고흥길,권기술,권오을,권태망,김영진,남궁석,박재욱",교육위원회
황우여,59,161446,017561,학교보건법중개정법률안,의결,2002-02-09,2002-07-31,대안폐기,"제안이유 및 주요골자 
？？？？？？？？？？？？？？？？？？？？
의료기관의 적출물처리시설이 종전에는 의료기관의 부대시설로 인정되어 설치·운영되어 왔으나, 폐기물관리법(법률 제5865호)의 개정으로 감염성폐기물처리시설로 분류되어 학교환경위생정화구역안에서는 설치·운영이 불가능하게 되었음. 이에 학교환경위생정화구역안에 있는 의료기관에서 생성되는 감염성폐기물을 폐기물처리업자에게 위탁하여 처리함에 따라 감염성폐기물의 이동 처리중 2차 감염의 우려가 제기되고 있어 이러한 문제점을 사전에 방지하고자 학교환경위생정화구역안에 있는 의료기관에서도 감염성폐기물처리시설을 설치할 수 있도록 하려는 것임(안 제6조제1항).","고흥길,권오을,권철현,김경천,김무성,김형오,신경식",교육위원회
황우여,59,160982,017096,전기사업법중개정법률안,의결,2001-09-28,2004-05-29,임기만료폐기,"제안이유 및 주요골자
   교육용전력 전기요금은 계약종별 전기요금 평균단가의 120% 수준으로 타 전기요금에 비하여 비싼 편이어서 이를 전기요금 평균단가의 80%수준으로 인하하도록 하여 교육재정을 확보함으로써, 공교육 위기의 극복을 위한 교원충원과 교육여건 개선을 위한 재원으로 활용하려는 것임(안 제16조의2).","강재섭,권오을,권철현,김정숙,김형오,박관용,박세환",산업자원위원회
황우여,59,160396,016511,학교보건법중개정법률안,의결,2000-11-24,2004-05-29,임기만료폐기,"■ 제안이유
학교보건법(제5조)은 학교의 보건·위생 및 학습환경을 보호하기 위하여 학교환경위생정화구역을 설정하여 그 
구역 안에서 일정행위나 시설을 금지하고 있으며, 이 구역은 학교보건법(제6조제1항) 및 동법 시행령(제3조)에 
의하여 학교 출입문으로부터 직선거리 50미터까지는 ""절대정화구역""으로, 학교 경계선으로부터 직선거리 200미
터까지는 ""상대정화구역""으로 구분되고 있음. 그런데 절대정화구역 안에서는 호텔, 여관, 여인숙 등 학습에 영
향을 주는 유해행위나 시설은 절대적으로 금지되나, 상대정화구역 안에서는 학교환경위생정화위원회의 심의를 
거쳐 학교환경을 해치지 않는다고 인정되는 경우에는 예외적으로 호텔 등의 건축이 가능하도록 하고 있음.
이와 같은 예외의 방만한 인정으로 말미암아 러브호텔과 같은 유해시설이 학교주변이나 주택가 밀집지역 바로 
옆에 난립하고 있어 국민적 비판 여론이 비등하고 있음. 따라서 학교환경위생정화위원회의 심의를 거쳐 허가할 
수 있는 예외대상을 대폭 축소·조정하고자 하는 것임.
■ 주요골자
상대정화구역 안에서 학교환경위생정화위원회의 심의를 거쳐 학습과 학교보건위생에 나쁜 영향을 주지 않는다
고 인정하는 행위 및 시설 중 유흥업소, 호텔·여관·여인숙, 사행행위장 및 경마장을 삭제, 이들 행위 및 시
설에 대하여는 상대정화구역 안에서도 절대적으로 금지하도록 함(안 제6조제1항).","권철현,김기춘,김정숙,박창달,이규택,이부영,이재오",교육위원회
황우여,59,160316,016432,교육공무원법중개정법률안,의결,2000-11-17,2001-11-22,폐기,"■ 제안이유 및 주요골자
교원은 존경과 예우의 상징이었으나, 정년 65세인 고령교사 1명을 퇴출 시키면 젊고 유능한 교사 2.5명을 쓸 
수 있다는 경제논리를 앞세워 급격하게 교원의 정년단축을 추진함으로써 교원들의 자존심과 권위가 손상되었
고, 정년단축조치는 교원들의 대규모 퇴직으로 교원 수급에 차질을 빚어 중등교사 자격증 소지자가 초등학교 
교원으로 임용되기도 하고 심지어 퇴직한 교사가 다시 기간제 교사로 교단에 서는 등 학교수업의 파행과 교실
붕괴 현상의 주요한 원인이 되었음. 따라서 교원들이 전문직으로서의 자부심을 갖고 교육활동에 전념할 수 있
도록 교육공무원의 정년을 65세로 환원하고자 함.","권철현,김정숙,박창달,이규택,이재오,조정무,현승일",교육위원회
