홍영표,24,1813924,PRC_N1L1J1J1R2U3F1C0Q1V0R4K2X8G2V8,고용상 학력차별금지 및 권리구제 등에 관한 법률안,계류,2011-11-23,"","","■ 제안이유 
제안이유
  현재 우리나라는 대학을 나와야 취업이 되는 학력 우위 관행과 서열에서 상대적으로 우위를 차지하는 대학을 졸업해야 고용상 우대받는 학벌주의로 인하여 ‘학력과잉’과 ‘서열우위 대학에 입학하기 위한 무한경쟁’ 현상이 심각해지고 있음.
  이에 합리적인 근거 없이 학력을 이유로 하는 고용차별을 금지함으로써 학력과잉을 해소하고 다양한 꿈과 희망을 가져야 하는 학생들을 무한경쟁의 정글에서 보호하며, 근로능력이 있는 사람이 그 능력에 맞는 직업을 가질 수 있도록 하려는 것임.
  또한 학력을 이유로 고용상 차별받은 사람의 권리구제에 관한 규정을 마련하여 그 권익을 효과적으로 구제하려는 것임.
■ 주요내용 
  가. 이 법은 합리적인 이유 없이 학력을 이유로 하는 고용차별을 금지하고, 학력보다 능력과 자격이 우대받도록 함으로써 노동시장의 건전한 발전에 이바지함을 목적으로 함(안 제1조).
  나. 사용자는 모집·채용, 임금, 교육·훈련, 퇴직·해고 등에서 합리적인 이유 없이 학력을 이유로 근로자 또는 근로자가 되려는 사람을 차별하여서는 아니 됨(안 제7조).
  다. 업무의 성격 또는 업무수행의 상황에 비추어 특정 학력이 해당 업무의 정상적인 수행을 위하여 불가결하게 요구되는 경우와 현존하는 차별을 없애기 위하여 특정한 개인이나 집단을 잠정적으로 우대하는 경우 등은 학력차별로 보지 아니함(안 제8조).
  라. 학력차별 금지의 위반으로 학력차별을 당한 사람은 「국가인권위원회법」 제30조에 따라 국가인권위원회에 그 내용을 진정할 수 있도록 함(안 제9조).
  마. 고용노동부장관은 국가인권위원회로부터 구제조치 등의 권고를 받은 사용자가 정당한 사유 없이 권고를 이행하지 아니하고 피해자가 다수인인 경우 등에 해당하여 그 피해의 정도가 심각하다고 인정되면 피해자의 신청에 의하거나 직권으로 시정명령을 할 수 있도록 함(안 제10조).
  바. 고용노동부장관은 학력차별행위를 한 사용자에게 시정명령의 이행상황을 제출할 것을 요구할 수 있도록 하고 그 요구를 정당한 사유 없이 따르지 아니한 자에게는 500만원 이하의 과태료를 부과함(안 제12조 및 제18조제2항).
  사. 사용자는 근로자가 이 법이 금지하는 학력차별행위에 대한 진정, 자료제출, 답변·증언, 소송, 신고 등을 하였다는 이유로 근로자에게 해고, 전보, 징계, 그 밖의 불리한 처우를 하여서는 아니 되며, 사업주가 이를 위반하면 2년 이하의 징역 또는 1천만원 이하의 벌금에 처하도록 함(안 제15조 및 제16조제1항).
  아. 확정된 시정명령을 정당한 사유 없이 이행하지 아니한 자에게는 3천만원 이하의 과태료를 부과함(안 제18조제1항).","강창일,김영진,백재현,서종표,신낙균,안규백,이미경",환경노동위원회
홍영표,24,1813887,PRC_D1Q1H1G1D1J7I1P9N3B3R5L5X4D2U4,근로기준법 일부개정법률안,계류,2011-11-17,"","","제안이유
  최근 쌍용자동차, 한진중공업 등에서 경영상 이유에 의한 해고 즉 정리해고가 발생하고 있는데, 정리해고 이후 사회안전망이 충분하지 못하여 해당 근로자가 자살하고 단란한 가정이 파괴되는 경우가 발생하는 등 심각한 사회문제가 되고 있음.
  이것은 현행법상 정리해고제도가 기업경쟁력만을 강조하다보니 부당한 정리해고 등으로부터 근로자의 권리가 심각하게 침해되고, 산업현장의 고용이 불안정해지는 구조적인 문제를 갖고 있기 때문임.
  이러한 정리해고의 구조적인 문제에 대하여 해고에 대한 행정통제강화, 해고자에 대한 전직지원계획 및 고용유지계획, 정리해고에 관한 단체협약의 활성화 등을 통해 체계적이고 종합적인 정리해고 제도를 구축하려는 것임.
주요내용
  가. 경영상 이유에 의한 해고의 사유를 강화하고, 그 해고의 요건 및 협의절차 등을 단체협약 등으로 정할 수 있도록 함(안 제24조제2항·제5항, 제6항 신설).
  나. 사용자에게 해고의 협의시 정리해고의 제안이유, 해고자 선정의 방법 등에 관한 정보를 문서로 근로자대표에게 제공하도록 의무를 부과함(안 제24조의2 신설).
  다. 사용자가 일정규모이상의 근로자 해고신고 시 해고회피계획, 전직지원계획 등을 작성하여 고용노동부장관의 승인을 얻도록 하고, 고용노동부장관은 특별한 사유가 없는 한 1개월 이내에 승인하도록 함(안 24조의3 신설).
  라. 우선 재고용의 절차와 구제요건을 강화함(안 제25조제3항부터 제5항까지 신설).","강기정,강창일,김동철,김영록,김영진,김유정,김재윤",환경노동위원회
홍영표,24,1813867,PRC_Y1L1N1M1T1H5L1S7X0G0O2U1M1Q4C1,부담금관리 기본법 일부개정법률안,계류,2011-11-15,"","","제안이유
  현재 수도권매립지관리공사는 수도권매립지 주변영향지역 주민들을 대상으로 주민지원사업을 시행하고는 있으나, 주변영향지역의 낙후된 생활환경의 정비를 위한 지원은 부족한 실정임.
  이에 수도권매립지에 폐기물을 배출하는 자에게 폐기물 반입부담금을 부과하고 이를 재원으로 수도권매립지 주변영향지역에 있는 주민들의 생활환경 정비 및 복리증진을 지원하고자 함.
주요내용
  별표에 「수도권매립지관리공사의 설립 및 운영 등에 관한 법률」에 따른 폐기물 반입부담금을 추가함(안 별표 제98호 신설). 
참고사항
  이 법률안은 홍영표의원이 대표발의하여 국회에 제출한 「수도권매립지관리공사의 설립 및 운영 등에 관한 법률 일부개정법률안」(의안번호 제00000호)의 의결을 전제로 하는 것이므로 같은 법률안이 의결되지 아니하거나 수정의결되는 경우에는 이에 맞추어 조정되어야 할 것임.","강창일,김동철,김영진,김용구,노영민,박주선,송훈석",기획재정위원회
홍영표,24,1813866,PRC_T1U1S1B1V1A5L1A6S5E8H2Y4I3P6F9,수도권매립지관리공사의 설립 및 운영 등에 관한 법률 일부개정법률안,계류,2011-11-15,"","","제안이유 및 주요내용
  현재 수도권매립지관리공사는 수도권매립지 주변영향지역 주민의 피해를 없애기 위하여 악취방지를 노력하고 주민지원사업을 시행하고는 있으나, 주변영향지역에는 여전히 악취가 발생하여 지역주민의 정상적인 생활이 곤란하고 낙후된 생활환경의 정비를 위한 지원은 부족한 실정임.
  이에 수도권매립지관리공사는 지역주민에게 악취로 인한 피해가 발생하지 않도록 매립지를 철저히 관리하고 수도권매립지에 폐기물을 배출하는 자에게 폐기물 반입부담금을 부과하여 주변영향지역에 있는 주민들의 생활환경 정비 및 복리증진을 지원하고자 함(안 제3조제4항 및 제20조의2 신설).","강창일,김동철,김영진,김용구,노영민,박주선,송훈석",환경노동위원회
홍영표,24,1813765,PRC_J1X1Y1B1V0W4Q1P8Q1S9J1C4J6Q9E7,근로기준법 일부개정법률안,계류,2011-11-04,"","","■ 제안이유 및 주요내용 
  현행법에서는 운수업, 물품 판매 및 보관업, 통신업, 의료 및 위생 사업, 접객업 등에 대하여 사용자가 근로자대표와 서면 합의를 한 경우에는 주 12시간을 초과하여 연장근로를 하게 하거나 휴게시간을 변경할 수 있도록 근로시간 및 휴게시간의 특례를 규정하고 있음.
  그런데 해당 사업분야에 종사하는 근로자가 전체 근로자 중 과반수를 차지하여 근로시간 및 휴게시간 특례를 적용하는 범위가 광범위하다는 지적이 제기되고 있음.
  이에 근로시간 및 휴게시간 특례를 적용할 수 있는 사업을 공익 또는 업무의 특성상 필요한 경우로서 대통령령으로 정하는 사업으로 한정하려는 것임(안 제59조).","강창일,김영록,김영진,김용구,문학진,신낙균,이미경",환경노동위원회
홍영표,24,1813519,PRC_K1W1P1O0D1J9K1N5V0P5L4W6K8S8Y1,대기환경보전법 일부개정법률안,계류,2011-10-19,"","","제안이유
  기후변화 관련 기후ㆍ생태계 변화유발물질 배출저감 시책의 효율적인 추진을 위하여 추진분야별 사업내용을 구체화 및 명문화하고 필요시 전문기관에 위탁·시행할 수 있는 근거를 마련하는 등 현행 제도운용상드러난 일부 미비점을 보완하려는 것임
주요내용
  가. 기후ㆍ생태계 변화유발물질 배출 억제시책의 구체화(안 제9조)
   1) 기후·생태계 변화유발물질의 배출 억제를 위한 조사ㆍ연구, 회·수ㆍ재사용, 대체물질 개발 등 조사·연구부문 시책에 한정된 현행 조문에 기후ㆍ생태계 변화유발물질의 저감을 위한 시책을 추가함으로써 보다 적극적인 온실가스 저감정책 추진기반을 마련할 필요가 있음
   2) 그간 정부에서 추진해온 기후변화 협약대응 종합대책 및 기후변화 대응 종합기본계획('08~'12) 상의 기후ㆍ생태계 변화유발물질의 저감시책 관련 사업의 법적 기반 마련 및 정비를 위하여 관련사업을 조문에 반영
   3) 기후변화 대응 및 기후ㆍ생태계 변화유발물질 배출저감 사업의 범국민적 추진확산 등 효율적인 추진을 위하여, 전문기관에 필요한 비용을 지원할 수 있도록 함
   4) 기후변화 관련 시책의 제도적 정비 및 지원을 통하여 기후ㆍ생태계 변화유발물질 배출저감 및 국제협약에 효율적인 대응이 기대됨
  나. 연소조절에 의한 시설의 설치·지원을 전문기관에 위탁근거 마련(안 제26조 제3항)
   1) 대기환경개선 및 중소사업자의 경제적 부담경감을 위해 추진하고 있는 연소조절에 의한 시설을 설치·지원하는 경우 관계전문기관에 위탁 할 수 있는 법적 근거 마련
   2) 연소조절에 의한 시설 설치·지원사업에 필요한 인정검사, 성능확인검사, 사후관리검사 등을 관계전문기관에 위탁하여 효율적인 추진 및 체계적인 관리기틀을 마련
   3) ‘연소조절에 의한 시설의 인정·성능·확인검사’ 업무를 장비 및 전문인력 등을 갖춘 전문위탁 기관에 위탁할 수 있는 법적 근거를 마련 하므로서 효율적이고 원활한 대기환경 개선 추진이 기대됨","김영진,신낙균,신학용,이낙연,이미경,이찬열,정동영",환경노동위원회
홍영표,24,1813506,PRC_H1M1B1L0P1I8E1A8M0B4T5I0O6F6T1,전기·전자제품 및 자동차의 자원순환에 관한 법률 일부개정법률안,계류,2011-10-18,"","","제안이유 및 주요내용
  현행법은 폐자동차에서 발생하는 기후·생태계변화 유발물질을 재활용하거나 처리하기 위하여 폐가스류처리업 등록제도를 시행하고 있으나 폐가스류처리업을 등록한 업체가 없고 실질적으로는 시행되지 않고 있어 폐가스류 처리에 문제가 되고 있음.
  이에 자동차폐차업자가 분리·보관한 기후·생태계변화 유발물질을 폐가스류처리업자에게 인계하여 재활용하거나 처리하게 하는 것을 의무화함으로써 기후·생태계변화 유발물질의 재활용을 촉진하고 환경을 보전하고자 함(안 제27조제2항 신설).","김영진,신낙균,이낙연,이미경,이성남,이찬열,정동영",환경노동위원회
홍영표,24,1813505,PRC_U1T1E1X0Z1U8Q1C8E0I3J2M0W1D7D4,대기환경보전법 일부개정법률안,계류,2011-10-18,"","","제안이유 및 주요내용
  현행법에는 기후·생태계변화 유발물질의 배출 억제에 대한 선언적 규정만 있어 기후·생태계변화 유발물질에 대한 실질적인 관리와 처리가 미흡한 상황임.
  이에 기후·생태계변화 유발물질의 관리 및 처리방안을 마련하도록 하고, 특히 기후·생태계변화 유발물질을 냉매로 사용하여 공기조화기를 가동하는 건물 및 시설에 대한 냉매가스의 관리 및 처리를 의무화하여 오존층 파괴와 지구 온난화에 지대한 영향을 미치는 냉매가스를 적절히 관리 및 처리함으로써 기후·생태계변화를 방지하고 대기환경을 보전하고자 함(안 제9조의2 신설).","김영진,신낙균,신학용,이낙연,이미경,이찬열,정동영",환경노동위원회
홍영표,24,1811856,PRC_K1G1E0U5E1Z8E1Y7H2Y0C1F6B2C5P1,노동조합 및 노동관계조정법 일부개정법률안,계류,2011-05-18,"","","■ 제안이유 
  현행법은 복수노조의 교섭창구 단일화를 강제하고 전임자 임금지급 금지를 법제화하는 등 노사자율의 원칙을 침해하고 있음. 또한 사용자와 근로자의 개념이 보다 중층화 되는 등 노사관계를 둘러싼 환경 변화에 따른 제도 정비의 필요성이 제기됨. 아울러 단결권과 단체교섭권 및 단체행동권에 대한 제약이 지나치게 많아 실질적인 노동3권 구현에 걸림돌이 되고 있음. 이에 국제노동기준을 준수하고 「대한민국헌법」이 보장한 노동3권을 실질적으로 구현할 수 있는 선진화된 교섭구조 및 노사관계를 구축하려는 것임.
■ 주요내용 
  가. 근로자의 정의에 근로계약을 체결하지 않은 자라 하더라도 특정사용자의 사업에 편입되거나 상시적 업무를 위하여 노무를 제공하고 그 사용자 또는 노무제공을 받은 자로부터 대가를 얻어 생활하는 자 및 실업상태에 있는 자나 구직중인 자 등 이 법에 따른 보호의 필요성이 있는 자를 추가하고 노동조합 가입제한을 완화함(안 제2조제1호 후단 신설 및 제2조제4호 가목 및 제2조제4호 라목).
  나. 사용자의 개념에 근로계약 체결의 형식적 당사자가 아니더라도 당해 노동조합의 상대방으로서의 지위를 인정할 수 있거나 근로자의 근로조건에 대하여 실질적인 지배력 또는 영향력이 있는 자도 사용자로 보도록 함(안 제2조제2호 후단 신설).
  다. 단체행동권의 충실한 보장을 위해 권리쟁의를 노동쟁의의 대상으로 포함되도록 관련 정의규정을 정비함(안 제2조제5호 및 제29조제1항).
  라. 노조 자유설립주의 원칙에 따라 노조설립에 대한 행정기관의 심사 범위를 명확히 함(안 제12조제3항 단서 신설).
  마. 노동조합의 업무에만 종사하는 자에 대한 사용자의 급여 지급 금지 규정을 삭제함(안 제24조제2항 삭제 및 제24조제4항 내지 제24조제5항 삭제 및 제24조의2 삭제 및 제41조 1항 후단 삭제 및 제81조제4호).
  바. 복수노조의 교섭방식을 노사 자율로 정하도록 하고, 복수노조의 쟁의행위 제한 관련 규정 등을 삭제함(안 제29조제2항 삭제 및 제29조의2 내지 제29조의5 삭제)
  사. 사용자가 단체협약 해지권을 남용할 수 없도록 해지권 행사시 일정한 요건을 부여함(안 제32조제4항 신설 및 제32조제5항 신설)
  아. 사용자가 노동조합 간에 부당한 차별을 하는 행위를 부당노동행위로 정하는 등 관련 규정을 정비함.(안 제81조).","강기갑,강기정,강창일,곽정숙,권영길,김동철,김부겸",환경노동위원회
홍영표,24,1811177,PRC_J1E1J0R3E1O5S1E7Z5A0X5E2X0B9V9,가축전염병예방법 일부개정법률안,의결,2011-03-15,2011-06-29,대안폐기,"제안이유 및 주요내용
  현행법에서는 가축전염병 등으로 죽거나 살처분된 가축의 사체와 가축전염병의 병원체에 의하여 오염된 물건을 매몰한 토지는 병원균의 종류에 따라 3년 또는 20년 이내에는 발굴하지 못하며, 매몰 목적 이외의 가축사육시설 설치 등 다른 용도로도 사용할 수 없도록 하고 있음.
  그러나 사용 금지기간이 지난 후에도 가축의 잔재물이 남아있거나 침출수가 유출될 수 있고, 이로 인하여 주변 환경이 오염될 우려가 있는 실정임
  따라서 시장·군수·구청장은 주민의 건강 또는 재산에 위해를 미치거나 주변 환경이 오염될 우려가 있는 경우 등에는 환경부장관과 협의를 통하여 해당 매몰지에 대한 발굴 및 사용 금지기간을 연장할 수 있고, 발굴 및 사용 금지기간 이내에 시장·군수·구청장의 허가를 받아 발굴 및 다른 용도로 사용하는 경우에도 시장·군수 구청장이 그 허가에 관하여 환경부장관과 미리 협의하도록 하려는 것임(안 제24조제3항 신설).","김용구,김진표,박은수,유선호,이미경,이윤석,정동영",농림수산식품위원회
홍영표,24,1810093,PRC_C1U0H1Z2K0Z1P1S7A3X3X5D3R6U9T1,국가유공자 등 단체설립에 관한 법률 일부개정법률안,계류,2010-12-01,"","","제안이유
  현행법에 따르면 국가유공자단체의 지부장과 지회장 선임은 각 단체의 정관으로 정하는 바에 따르도록 하고 있는데 대부분의 국가유공자단체 정관에서는 회장이 이들을 선임할 수 있도록 하고 있음. 
  이는 국가유공자단체의 효율적 운영을 비중 있게 고려한 것이나 지부장과 지회장의 선임방법이 민주적이지 못하여 회원 중심의 자율적 운영을 저해한다는 지적이 일고 있음.
  이에 지부장 및 지회장 선임방법을 각 지부와 지회의 회원이 직접 선출할 수 있도록 하여 각 지부와 지회가 회원을 중심으로 보다 민주적이면서 자율적인 운영되도록 하는 한편, 국가유공자단체 열거 순서를 「국가보훈기본법」 체계에 부합되도록 정비하려는 것임.
주요내용
  가. 국가유공자단체 열거 순서를 「국가보훈기본법」의 체계에 부합되도록 정비하려는 것임(안 제1조 및 제3조).
  나. 지부장은 지부총회에서, 지회장은 지회총회에서 선출되도록 하여 국가유공자단체의 각 지부나 지회가 보다 민주적인 절차에 따라 자율적으로 운영되게 하려는 것임(안 제6조의2제1항).","강용석,박은수,백재현,유원일,이미경,이찬열,이춘석",정무위원회
홍영표,24,1810090,PRC_I1W0X1B2V0U1B1L6X2T1J3X8Y3B4J8,항공법 일부개정법률안,의결,2010-12-01,2011-10-17,폐기,"제안이유 
  현행법은 항공운송산업의 육성과 발전이라는 측면에서 정부가 항공운송산업을 규제해 왔고, 이에 따라 항공운송산업의 성장을 도모하기 위한 공급자 위주의 정책이 우선시 되어 왔음.
  최근 항공수요의 급증으로 항공 이용자의 보호가 중요한 쟁점 중의 하나로 대두됨에 따라 항공 이용자를 보호하는 다양한 제도의 마련이 요구됨.
  이에 항공 이용자 보호를 강화하는 항공운송약관, 피해구제 제도 등을 마련함으로써 항공운송산업의 발전을 도모하려는 것임.
주요내용
  가. 항공소비자를 국내 및 국제 이동을 목적으로 항공기를 탑승하거나 탑승하기 위하여 항공운송사업자가 제공하는 서비스를 이용하는 자 등으로 명확히 규정함(안 제2조제5호의3 신설)
  나. 국내항공운송사업자가 국내항공노선의 여객 또는 화물의 운임 및 요금을 정하거나 변경하려는 경우 국토해양부장관의 인가를 받도록 함(안 제117조제2항)
  다. 항공운송사업자가 항공소비자에게 제공하고자 하는 항공운송약관을 정하여 국토해양부장관의 인가를 받도록 하고, 국토해양부장관이 항공운송표준약관을 항공운송사업자에게 사용을 권장할 수 있도록 함(안 제118조의3 신설).
  라. 항공소비자는 항공운송사업자로부터 피해를 입은 경우 직접 또는 항공기이용 피해구제 접수처를 통하여 항공소비자구제원에 피해구제를 정구할 수 있도록 함(안 제119조의2 신설)
  마. 항공소비자의 피해를 신속ㆍ공정하게 구제하기 위하여 국토해양부장관 소속하에 항공소비자구제원을 설치하도록 함(안 제119조의3 신설).","김재윤,김진표,박영선,안규백,유선호,이찬열,이춘석",국토해양위원회
홍영표,24,1810089,PRC_A1X0X1G2W0O1H1V6R0Y7Z3I2W2H5A9,독립유공자예우에 관한 법률 일부개정법률안,계류,2010-12-01,"","","제안이유
  일제로부터 조국의 자주독립을 쟁취하기 위하여 공헌한 독립유공자와 그 유족 또는 가족에게는 국가가 응분의 보상과 예우를 다 하여야 할 것임. 그런데 현행법에서는 유족의 범위를 최대 손자녀까지로 한정하고 있어 독립유공자로 등록될 당시에 이미 손자녀까지 사망한 경우나 앞으로 추가적인 사료(史料) 등의 발견으로 뒤늦게 독립유공자로 등록될 자에 대해서는 국가가 응분의 보상과 예우를 해야할 대상이 없게 될 가능성이 큼.
  따라서 독립유공자의 유족 또는 가족의 범위를 손자녀에서 증손자녀로 확대하고, 독립유공자로 등록될 당시에 증손자까지 모두 사망한 경우라도 국가가 반드시 그 직계비속 1명에게 응분의 보상과 예우를 하도록 함으로써 독립유공자의 고결한 희생을 높이 받들려는 것임.
주요내용
  가. 독립유공자의 유족 또는 가족의 범위에 증손자녀를 추가하고, 독립유공자로 등록될 당시에 증손자까지 모두 사망한 경우라도 국가가 반드시 그 직계비속 1명에게 응분의 보상과 예우를 하도록 하려는 것임(안 제5조제1항).
  나. 독립유공자의 유족 또는 가족의 범위가 확장됨에 따라 보상금, 교육지원, 취업지원, 양육지원에 관한 규정을 정비하려는 것임(안 제12조 등).","강용석,박은수,유성엽,유원일,이미경,이찬열,전혜숙",정무위원회
홍영표,24,1809767,PRC_B1H0M1U1B0S2M1Q6H2R7M2B4J3U7Z8,고용보험법 일부개정법률안,계류,2010-11-02,"","","제안이유
  외환위기 이후 지난 10년간 고용보험 적용범위, 지원수준 등이 지속적으로 확대되어 왔으나 아직도 미흡한 수준으로, 실업급여 지급 종료 실업자, 자발적 이직자 중 미취업자, 고용보험 미가입 실업자 등 고용보험제도의 사각지대는 광범위하게 존재하고 있고 까다로운 수급조건, 낮은 소득대체율 등으로 인해 실업이라는 사회적 위험에 제대로 대처하고 있지 못하는 실정임.
  이에 구직급여의 수급 요건 중 피보험 단위기간을 현행 180일에서 120일로 완화하고 소정급여일수를 최장 240일에서 최장 360일로 연장함. 한편 실업급여 지급이 종료된 실업자, 고용보험에 가입하였으나 피보험 단위기간이 120일 미만인 실업자, 고용보험에 가입한 사실이 없는 청년 실업자 등을 위한 구직촉진수당제도를 도입하려는 것임.
주요내용
  가. 구직급여의 수급 요건 중 피보험 단위기간을 현행 180일에서 120일로 완화함(안 제40조제1항제1호).
  나. 구직급여의 소정급여일수를 현행 90일부터 최장 240일인 것을 180일부터 최장 360일로 연장하되, 소정급여일수는 그 피보험 단위기간을 초과할 수 없도록 함(안 제50조제1항).
  다. 이직 사유에 따른 구직급여 수급자격의 제한 사유 중 전직 또는 자영업을 하기 위하여 이직한 경우에도 3개월의 유예기간을 두고 그 이후에는 구직급여를 지급하도록 함(안 제58조제2호가목).
  라. 본인 및 배우자 의 소득·재산 등이 일정수준 이하인 자로서 실업급여 지급이 종료된 실업자, 고용보험에 가입하였으나 피보험 단위기간이 120일 미만인 실업자, 고용보험에 가입한 사실이 없는 실업자 등에게 최저임금액의 80%를 180일의 범위에서 직업안정기관의 장으로부터 구직의 인정을 받은 날에 대하여 지급하는 구직촉진수당제도를 도입함(안 제67조의2부터 제67조의10까지 신설).","김진표,박영선,신학용,유선호,이미경,이윤석,이찬열",환경노동위원회
홍영표,24,1809549,PRC_M1C0W1B0Z0J5D1A5Q4Q8F5E8D7C0A0,임금채권보장법 일부개정법률안,계류,2010-10-05,"","","제안이유 및 주요내용
  2009년 12월 말 현재 2008년 대비 체불임금총액, 체불근로자 수, 체불사업장 수 등이 모두 증가하였고, 신고 되지 않은 것까지 포함할 경우 실제로는 체불근로자 수 등이 훨씬 상회할 것으로 추정됨.
  위와 같이 매년 체불사건과 체불임금이 증가하고 있음에도 불구하고, 현행법상 국가가 사업주를 대신하여 퇴직근로자의 체불임금 등을 체당금으로 지급하는 사유를 사업주가 도산한 경우로 한정하고 있어 사업주가 도산하지 않은 경우 체당금 지급이 제한되는 문제가 있음.
  이에 체당금 지급사유를 사업주가 도산한 경우로 한정하지 않고 임금 등이 체불된 모든 경우로 확대하여 체불근로자의 생활안정과 권리구제를 강화하려는 것임(안 제7조제1항).","강창일,김재윤,박주선,백재현,신학용,이성헌,이찬열",환경노동위원회
홍영표,24,1809261,PRC_V1S0H0A9M0L6E1A0S5K9O2J0U8Z4O9,근로기준법 일부개정법률안,계류,2010-09-06,"","","제안이유
  2009년 12월 말 현재 2008년 대비 체불임금총액, 체불근로자수, 체불사업장수 등이 모두 증가하였고, 신고되지 않은 것까지 포함할 경우 실제로는 체불근로자수 등이 훨씬 상회할 것으로 추정됨.
  위와 같이 매년 체불사건과 체불임금이 증가하고 있음에도 불구하고, 현행법상 미지급 임금에 대한 지연이자 적용범위가 퇴직한 근로자에게만 적용되고 있고, 고액 또는 반복적·상습적 임금체불사용자에 대한 제재가 마련되어 있지 않은 실정임.
  또한 체불임금근로자가 취할 수 있는 방안인 고용노동부에의 진정, 소액재판, 민사소송 신청 등은 절차가 복잡하고 최장 2～3년이 소요되는 등 근로자 입장에서 부담이 큰 상황임.
  이에 미지급 임금에 대한 지연이자 적용범위를 퇴직한 근로자로 한정하지 않고 모든 근로자로 확대하고, 고액 또는 반복적·상습적 임금체불사용자에 대하여 벌금형의 하한을 정함과 동시에 반의사불벌죄 적용을 제외하며, 부당해고 구제처럼 체불임금도 신속하고 효율적인 처리를 위하여 노동위원회 구제신청제도를 도입·적용하려는 것임.
주요내용
  가. 사용자가 이 법에 따라 지급하여야 하는 임금 및 「근로자퇴직급여 보장법」에 따른 일시금을 지급하지 아니한 경우 근로자가 노동위원회에 체불임금의 구제를 신청할 수 있도록 함(안 제36조의2 신설).
  나. 미지급 임금에 대한 지연이자 적용범위를 퇴직한 근로자로 한정하지 않고 모든 근로자로 확대함(안 제37조제1항).
  다. 임금 지급 등을 대통령령으로 정하는 금액 및 횟수 이상 위반한 자에 대하여 3년 이하의 징역 또는 500만원 이상 2천만원 이하의 벌금에 처하도록 벌금형의 하한을 정하고, 피해자의 명시적인 의사와 다르게 공소를 제기할 수 있도록 반의사불벌죄 적용을 제외함(안 제109조제1항 및 제109조제2항 단서 신설).","강창일,김재윤,백재현,신학용,안민석,유원일,유정현",환경노동위원회
홍영표,24,1808975,PRC_J1F0G0H7I3W0B1K5E2G9P5I2L2T0U5,공공기관의 개인정보보호에 관한 법률 일부개정법률안,의결,2010-07-30,2011-03-11,대안폐기,"■ 제안이유 및 주요내용 
  2009년 말 기준으로 공공기관에서 약 37만 5,441개의 개인정보파일을 보유하고 있음에도 불구하고, 개인정보의 암호화에 관한 규정이 없어 상당수의 공공기관이 개인정보를 암호화하지 않은 상태로 보유하고 있어 개인정보의 보호가 취약한 상태임.
  따라서 개인정보를 보유하고 있는 보유기관의 장은 주민등록번호, 계좌번호 및 신용카드번호, 비밀번호, 주소, 전화번호, 이메일주소 등 개인정보의 암호화에 관한 사항을 포함하여 개인정보보호방침을 정하도록 하려는 것임(안 제7조의2제1항 및 제2항).","김영진,박선숙,박영선,백재현,신학용,오제세,유성엽",행정안전위원회
홍영표,24,1808574,PRC_E1K0T0S6W1J0Q1W4L5G4E4Q1Q5L7L1,인사청문회법 일부개정법률안,계류,2010-06-10,"","","제안이유 및 주요내용
  인사청문제도는 자질과 도덕성을 갖춘 적임자를 공직에 임용하기 위해 도입되었으나, 인사청문회에서 공직후보자가 거짓으로 진술한 경우 이에 대한 처벌규정이 없어 적절한 조치를 취하기 어렵고 또한 국회에서 이의를 제기하더라도 임명권자인 대통령이 임명을 강행함으로써 인사청문제도가 그 도입 취지와는 달리 의례적·형식적으로 운영되는 경향이 있음.
  따라서 공직후보자가 인사청문회에서 거짓으로 진술한 때에는 처벌할 수 있도록 그 근거규정을 마련함과 아울러 거짓 진술로 고발당한 공직후보자는 그 사건이 완결될 때까지 해당 공직에 임용되지 못하도록 함으로써 자질과 도덕성이 결여된 자가 공직에 임용되는 것을 방지하려는 것임(안 제18조의2·제18조의3 신설).","김재윤,김진표,박선숙,백재현,송민순,신학용,안규백",국회운영위원회
홍영표,24,1808148,PRC_Y1G0M0A4K0J9P1D7D5N2C2O6Q1P3N0,공공기관의 운영에 관한 법률 일부개정법률안,계류,2010-04-09,"","","제안이유 및 주요내용
  현재 10대 공기업의 부채는 2008년 157조원에서 2012년 302조원으로 91.7%나 급증할 것으로 예상되고 있으나, 공기업 예산 및 부채현황에 대한 국회 제출의무가 없어 공기업 예산이 방만하게 운용되고 있는 실정임.    
  이에 공기업의 예산 및 부채에 관한 사항을 국회에 제출하게 함으로써 공기업 예산운용의 건전성을 강화하려는 것임(안 제40조제1항 및 제6항).","김동철,김성태,김우남,문학진,박선숙,오제세,우제창",기획재정위원회
홍영표,24,1808145,PRC_B1I0H0T4F0O9O1J4M4F9U3O3Z9S6K8,국가재정법 일부개정법률안,계류,2010-04-09,"","","제안이유
  글로벌 금융위기에 대응한 정부의 확장적 재정정책으로 경제위기를 넘기는 데 기여했지만 그에 따른 후유증으로 2009년 재정적자는 국내총생산 대비 5%에 이르고, 국가채무도 GDP 대비 35.6%에 달하는 실정임. 
  최근 유럽국가들의 재정위기 사례에서 보듯이 국가부채의 급증으로 재정건전성이 악화되면 국가의 예산운용에 심각한 차질을 빚을 뿐만 아니라 재정 위기를 넘어서 국가의 신뢰위기로 이어질 수 있음.
  이에 중앙관서별 지출한도를 명기하고, 국가재정의 수지균형 근거를 명확히 하여 국가 예산운용의 건전성을 강화하려는 것임.
주요내용
  가. 예산안 편성지침에 중앙관서별 지출한도를 포함하는 것을 의무화함(안 제29조제2항).
  나. 국가재정의 수입과 지출의 균형을 맞추도록 근거를 마련함(안 제86조).","김동철,문학진,박선숙,유성엽,이윤석,조영택,최문순",기획재정위원회
홍영표,24,1807810,PRC_T1H0L0G3K0B4B1I4B5Z3Q4Q8J7O7G1,고용보험법 일부개정법률안,계류,2010-03-04,"","","제안이유 및 주요내용
  출산과 육아에 대한 여성의 부담을 덜고, 가속화 되고 있는 저출산 문제를 해결하기 위하여 남성근로자에게 2개월 이상 육아휴직을 할 수 있도록 함.
  이에 남성근로자나 여성근로자가 육아휴직을 하는 경우 최초 2개월분에 대하여는 육아휴직 개시 일을 기준으로 평균임금에 상당하는 금액을 지급하고, 2개월 이후에는 평균임금의 50%를 고용보험기금에서 육아휴직급여로 지급하도록 함으로써 육아휴직제도를 활성화 하려는 것임(안 제70조제2항).","김동철,김상희,김재균,김진애,김춘진,박선숙,박은수",환경노동위원회
홍영표,24,1807809,PRC_J1Y0D0K3W0R4M1W4J5E2S1Z2V0Y7H9,남녀고용평등과 일·가정 양립 지원에 관한 법률 일부개정법률안,의결,2010-03-04,2011-12-29,대안폐기,"제안이유
  현행법에 따르면 생후 3년 미만 된 영유아를 가진 근로자는 남·여를 불문하고 1년 이내에서 육아휴직을 사용할 수 있도록 하고 있으나, 남성근로자의 육아휴직률은 극히 미미한 실정임.
  이는 출산이나 육아에 대한 부담이 여성에게 편중되어 있으며, 여성근로자가 일과 가정을 양립하며 경제활동에 참여하는데 매우 어려운 상황임을 의미함. 
  이에 남성근로자에게 일정기간 이상 육아휴직을 할 수 있도록 제도화하여 자녀양육에 동참하게 함으로써 여성의 출산과 육아에 대한 부담을 덜고 나아가 가속화 되고 있는 저출산 문제 해결에 기여하려는 것임.
주요내용
  가. 육아휴직기간을 1년에서 14개월로 2개월 연장하되, 근로자 1인이 사용할 수 있는 육아휴직 기간은 12개월을 넘을 수 없도록 함(안 제19조제2항).
  나. 육아휴직기간 중 2개월 이상은 남성근로자가 사용할 수 있도록 함(안 제19조제3항).","김동철,김상희,김재균,김진애,김춘진,박선숙,박은수",환경노동위원회
홍영표,24,1807061,PRC_J0X9H1D2R2S1N1O7U5R8S4Y4N8H9Y4,노동조합관련 해직 및 징계처분을 받은 공무원의 복권에 관한 특별법안,계류,2009-12-21,"","","제안이유 
  2002년 3월 ‘전국공무원노동조합’ 설립 이후 공무원의 노동기본권 보장을 위한 활동을 하였다는 이유로 현재 140여명 이상의 공무원이 공직사회에서 배제되었고, 현 정부에서도 17명의 공무원이 이와 관련된 활동을 하였다는 이유로 해직되어 해직공무원의 생존권이 박탈되고 그에 따른 가족의 고통이 문제되고 있음. 
  한편, 공직사회의 개혁과 통합을 위해서는 전국공무원노동조합의 활동을 인정하고 그 첫 번째 순서로 해직공무원의 문제를 해결하는 것이 중요할 것임.
  이에 공무원노동조합 활동으로 해직된 공무원에게는 특별채용을 실시하여 복직시키고, 징계처분을 받은 공무원에게는 그 기록을 말소시켜주어 이들의 명예와 생존권을 회복시킴으로써 이들이 공직사회의 개혁과 통합에 동참할 수 있도록 하려는 것임.
주요내용
  가. 2002년 3월 23일부터 2009년 12월 31일까지의 기간 중 공무원노동조합의 설립이나 가입과 관련하여 해직된 공무원 또는 공무원노동조합과 관련된 활동 등으로 인하여 해직된 공무원을 해직공무원으로 정의하도록 함(안 제2조).
  나. 해직공무원의 여부에 관한 사항, 공무원노동조합과 관련하여 징계처분을 받은 공무원의 해당 징계처분 취소와 그 기록 말소에 관한 사항을 심의하기 위하여 국무총리 소속하에 해직공무원특별채용등심의위원회를 두도록 함(안 제3조).
  다. 해직공무원 또는 징계처분의 취소나 기록말소대상 공무원으로 판정을 받으려는 자는 이 법 시행일부터 3개월 이내에 대통령령으로 정하는 바에 따라 관련 증빙서류를 갖추어 서면으로 위원회에 신청하도록 함(안 제4조).
  라. 임용권자는 해직공무원이 다시 근무를 희망하는 경우에는 다른 법령의 규정에도 불구하고 해직 시에 재직한 직급으로 해직기간 동안의 호봉 증가분을 인정하여 특별채용하도록 하고, 공무원이 공무원노동조합과 관련된 사유로 징계처분을 받은 경우에는 다른 법령의 규정에도 불구하고 해당 징계처분을 취소하며, 그 기록을 말소하도록 함(안 제8조).
  마. 특별채용 또는 징계처분의 취소나 기록말소를 받은 공무원은 이를 이유로 불이익한 처분이나 대우를 받지 아니하도록 함(안 제10조).","강기갑,강기정,강운태,강창일,권영길,김부겸,김상희",행정안전위원회
홍영표,24,1807010,PRC_C0X9E1I2E1P6W1P0O2Y6A4X9J7W4T6,방문판매 등에 관한 법률 일부개정법률안,의결,2009-12-16,2011-12-29,대안폐기,"제안이유
  최근 다단계판매에 비해서 방문판매가 각종 제한과 금지규정이 경미한 점을 악용하여 사실상 실체는 다단계판매 형태를 띠면서 형식적으로는 방문판매업자로 관계기관에 신고하는 신종방문판매가 속속 등장하고 있음.
  이러한 신종방문판매는 하위판매원의 모집에 따른 경제적 이익을 기초로 하고 있다는 점에서 다단계판매 행위와 유사하지만 현행법상 이를 다단계판매로 규제할 마땅한 근거가 없어 문제로 지적되고 있음.
  따라서 현행법의 다단계판매에 관한 정의에서 소비자가 하위판매원으로 가입될 요건을 삭제하여 신종방문판매도 다단계판매가 되도록 현행법의 적용범위를 넓히고, 다단계판매의 금지규정에 관한 벌칙을 상향 조정하여 사행 요소를 엄격히 규제함으로써 소비자의 피해를 사전에 예방하려는 것임.
주요내용
  가. 다단계판매의 정의에서 소비자 요건을 삭제함(안 제2조제5호).
  나. 다단계판매자의 금지행위에 소비자피해보상보험계약 등을 유지하지 아니하는 것을 추가함(안 제23조제12항).
  다. 공정거래위원회는 한국소비자원과 합동조사반을 구성하여 제37조제1항에 따른 위반행위 조사를 실시할 수 있도록 함(안 제37조제4항 등). 
  라. 특수판매 관련 정책을 종합적인 관점에서 일관성 있게 수립·추진하고, 관계 행정기관 간의 협의가 필요한 사항을 효율적으로 조정하기 위하여 공정거래위원회에 특수판매정책협의회를 둠(안 제37조의2 신설).
  마. 다단계판매업자가 다단계판매원에게 후원수당으로 지급할 수 있는 금액을 초과하거나, 재화 등의 거래를 가장하여 단계적으로 금전거래만 하는 경우 등에 관하여 벌칙을 상향 조정함(안 제51조 등).","문학진,송영길,우제창,유원일,이석현,전병헌,전혜숙",정무위원회
