김성조,61,1814519,PRC_L1G2F0S1T1F1Y1F6A1D6V2X7G4L2V2,수질 및 수생태계 보전에 관한 법률 일부개정법률안,계류,2012-01-11,"","","","강길부,김광림,김성조,김태환,이명규,이철우,이한성",환경노동위원회
김성조,61,1814518,PRC_J1R2N0V1N1K1Z1N6Z1O3I3F1E8S1C4,대기환경보전법 일부개정법률안,계류,2012-01-11,"","","","강길부,김광림,김성조,김태환,이명규,이철우,이한성",환경노동위원회
김성조,61,1814517,PRC_S1F2B0V1A1G1R1E6R1I2G5V8A1P6Q3,폐기물관리법 일부개정법률안,계류,2012-01-11,"","","","강길부,김광림,김성조,김태환,이명규,이철우,이한성",환경노동위원회
김성조,61,1814516,PRC_H1J2S0I1R1W1X1D6D1N0O4V3K3S8V3,사회기반시설에 대한 민간투자법 일부개정법률안,계류,2012-01-11,"","","제안이유 및 주요내용
   현재 「산업집적 활성화 및 공장설립에 관한 법률」에 따라 구조고도화사업 활성화를 위한 다양한 정책과 민간투자 유치가 검토되고 있으나 민간부문에서는 참여방식의 제한으로 사업시행 등에 대한 투자가 미미한 상황임.
   이에 따라, 구조고도화 사업의 효율적 추진과 민간투자의 효율성을 도모하고, 구조고도화사업의 공공성 제고를 위해서 구조고도화사업의 대상이 되는 시설을 사회기반시설에 포함하여 법률에서 규정하고자 함(안 제2조제1호).","강길부,김광림,김성조,김태환,이명규,이철우,정수성",기획재정위원회
김성조,61,1814515,PRC_X1I2A0U1U1O1T1X5E5X5O1T3T3P2E2,유해화학물질 관리법 일부개정법률안,계류,2012-01-11,"","","■ 제안이유 및 주요내용 
  현행법은 유독물영업을 등록하거나 취급제한·금지물질영업을 허가 받으려는 경우 법인의 임원이 결격사유가 있으면 해당 영업을 등록하거나 허가 받을 수 없도록 규제하고 있음.
  그런데 현재 법인의 대표자가 아닌 임원이 결격사유에 해당한다는 이유로 그 법인에게 책임을 부여하여 폐기물처리업의 허가를 받을 수 없도록 하는 것은 과도한 기업규제라는 민원이 제기되고 있음.
  이에 법인이 유독물영업을 등록하거나 취급제한·금지물질영업을 허가 받으려는 경우 그 결격사유에 해당하는 자를 법인의 대표자로 한정하고자 함(안 제21조제5호).","강길부,김광림,김성조,김태환,이명규,이철우,이한성",환경노동위원회
김성조,61,1813232,PRC_F1F1J0J9V1W6N1R8U0D3W2J0H9X5W0,조세특례제한법 일부개정법률안,의결,2011-09-16,2011-12-30,대안폐기,"■ 제안이유 
  국가균형발전을 위하여 수도권 내 또는 수도권과밀억제권역 내의 기업이 지방으로 이전하는 경우 법인세 감면과 본사·공장의 양도에 따른 양도소득세 과세이연 혜택이 주어지고 있는데, 이러한 감면제도들의 일몰시점이 2011년 말로 예정되어 있음.
  첫째, 그동안의 균형발전 정책에도 불구하고 아직도 수도권 과밀화와 지방경제의 침체가 계속되고 있기 때문에 지방 이전 세제지원 제도의 일몰을 2016년까지 5년 연장할 필요가 있음.
  둘째, 현행 조세특례제한법 제60조는 부산·대구·광주·대전·울산시의 기업이 수도권과밀억제권역 이외의 지역으로 이전하는 경우에도 양도소득세 과세이연 혜택을 주고 있는데, 지방 간 이전에 대해서까지 조세특례를 부여할 필요는 없기 때문에 수도권에서 지방으로 이전하는 경우에만 특례를 부여하는 것으로 한정할 필요가 있음.
  셋째, 기업들의 지방이전을 보다 촉진할 수 있도록 이전을 위하여 수도권에 있던 부동산을 매각하는 경우 양도소득세에 대해서 과세이연 혜택만 주던 것을 양도소득세의 50%를 감면하는 것으로 강화할 필요가 있음. 단, 수도권 내에서 일정기간 이상 사업을 지속했던 기업들에게만 혜택을 주도록 함.
  넷째, 현재는 수도권과밀억제권역에 있던 기업만 수도권 밖으로 이전시 혜택을 주고 있는데, 수도권성장관리권역에 있던 기업들에게도 혜택을 줄 필요가 있음. 또한 수도권과밀억제권역에 있던 기업이 수도권성장관리권역으로 이전하는 경우에는 혜택을 주지 않도록 하여 기업들이 지방으로 갈 수 있도록 촉진하고자 함.
■ 주요내용 
  가. 지방 광역시에 있던 기업이 수도권과밀억제권역과 광역시 이외의 지역으로 이전할 경우 양도소득세 과세이연 혜택을 주던 것을 폐지하고, 수도권과밀억제권역에 있던 기업이 수도권과밀억제권역 밖으로 가는 경우에만 과세이연 혜택을 주도록 하며 일몰기한을 2016년 12월 31일까지 5년 연장하도록 함(안 제60조 및 제61조).
  나. 수도권과밀억제권역에서 3년 이상(수도권성장관리권역은 5년) 영업한 기업이 2016년 12월 31일까지 수도권 밖으로 이전하는 경우 공장·본사의 양도소득에 대한 법인세를 50% 감면함(안 제61조의2).
  다. 중소기업이 수도권과밀억제권역 밖으로 이전하는 경우 법인세 감면혜택을 주던 것을 수도권 밖으로 이전하는 경우에만 적용하도록 하고, 수도권성장관리권역에 있던 기업(5년 이상 영업)에게도 적용하며 일몰기한을 2016년 12월 31일까지 5년 연장하도록 함(안 제63조).
  라. 수도권 과밀억제권역에 있던 기업이 수도권 밖으로 이전하는 경우 법인세 감면혜택을 주던 것을 수도권성장관리권역에 있던 기업(5년 이상 영업)에게도 적용하며 일몰기한을 2016년 12월 31일까지 5년 연장하도록 함(안 제63조의2).","강길부,김광림,김성조,김정권,김태환,배영식,유승민",기획재정위원회
김성조,61,1813231,PRC_V1R1V0U9Y1R6O1M8R0N1L0C9J3U4N8,국가균형발전 특별법 일부개정법률안,계류,2011-09-16,"","","■ 제안이유 
  현행법은 처음에는 지역간 불균형을 해소하고 지역특성에 맞는 발전을 통하여 자립형 지방화를 촉진함으로써 전국이 골고루 잘사는 사회를 건설하기 위한 목적으로 제정되었으나, 그 후 지역간의 연계 및 협력 증진을 통하여 지역경쟁력을 높이고 지역간의 균형 있는 발전에 이바지하는 것을 목적으로 전부개정 되었음.
  이에 제정 당시 국가균형의 효율적 추진을 위한 관련 중요정책을 심의하던 ‘국가균형발전위원회’가 지역발전의 효율적 추진을 위한 관련 중요 정책을 심의하는 ‘지역발전위원회’로 바뀜에 따라 그 기능을 지역발전으로 한정하고 있어 국가균형발전의 역할을 수행하기에는 미흡하다는 지적이 있으며, 국가가 지방자치단체의 지방이전기업 유치를 촉진하기 위하여 지방으로 이전하는 기업에 대하여 보조금을 지원하고 있으나 지방이전기업현황이나 보조금 내역 등에 대한 실적 보고가 제대로 이루어지지 않는 실정임.
  따라서 국가균형발전을 추진하기 위하여 ‘지역발전위원회’를 ‘국가균형발전위원회’로 하고, 당연직 위원에 각 지역을 대표할 수 있도록 16개 시·도지사도 포함될 수 있도록 하며, 지역의 의견이 적극적으로 반영될 수 있도록 하기 위하여 위촉위원의 과반수는 수도권이 아닌 지역에서 5년 이상 거주한 자로 구성하도록 하고자 함.
  또한, 기업의 지방이전과 관련된 상담·안내·홍보·조사·연구와 민원사무의 처리 대행 등의 지원업무를 종합적으로 수행하기 위한 지방이전 기업지원센터를 설치하도록 하고, 보조금을 지원 받은 지방이전기업의 해당 지방자치단체의 장으로 하여금 기업현황, 보조금 내역 등에 대한 실적보고서를 작성하여 지식경제부장관에게 보고하도록 하며 지식경제부장관은 그 실적보고서를 국회에 제출하도록 하려는 것임.
■ 주요내용 
  가. 지식경제부장관은 기업의 지방이전과 관련된 상담·안내·홍보·조사·연구와 민원사무의 처리 및 대행 등의 지원업무를 종합적으로 수행하기 위하여 지방이전 기업지원센터를 둘 수 있도록 함(안 제19조의2 신설).
  나. 지방으로 이전하는 기업이 국가나 지방자치단체로부터 재정 지원을 받은 경우 해당 지방자치단체의 장은 지방으로 이전한 기업의 현황과 그 지원내역을 담은 보고서를 작성하여 지식경제부장관에게 제출하도록 하고, 지식경제부장관은 보고서를 매년 정기국회 개회 전까지 국회에 제출하도록 함(안 제19조의3 신설).
  다. 지역발전위원회를 국가균형발전위원회로 하고, 당연직위원을 16개 시·도지사도 포함되도록 하며, 위촉위원 중 비수도권 지역에 거주하는 자의 자격을 5년 이상으로 함(안 제22조 및 제23조).","강길부,김광림,김성조,김태환,유승민,이명규,이윤석",지식경제위원회
김성조,61,1813230,PRC_H1O1S0A9Q1U6Q1B7M5K9C0V8K3W7W2,도로교통법 일부개정법률안,계류,2011-09-16,"","","■ 제안이유 및 주요내용 
  현행 「도로교통법」에서는 과태료 납부 금액이 일정 금액 이하인 경우에는 과태료 납부대행기관을 통하여 신용카드 또는 직불카드 등으로 과태료를 납부할 수 있도록 하고 있음. 
  그런데 신용카드 또는 직불카드 등을 사용하여 과태료를 납부하는 경우 납부자가 과태료 납부대행기관의 납부대행 수수료(납부세액의 1.2%)를 부담하도록 되어 있어 신용카드로 납부하는 비율이 높지 않으며 형평성 차원에서도 과태료를 신용카드등으로 납부하는 사람은 현금으로 납부하는 사람에 비하여 추가적인 부담을 지게 되는 문제가 있음. 
  이에 과태료를 신용카드 등으로 납부하는 경우 납부자가 납부대행 수수료를 부담하지 않도록 하여 신용카드 등에 의한 과태료 납부를 활성화하고 납부자 간 형평성을 도모하고자 함(제161조의2).","강길부,권영진,김광림,김성조,김정권,김태환,유승민",행정안전위원회
김성조,61,1813228,PRC_P1O1I0D9N1T6C1O7K4J0J5D2O6H4M5,관세법 일부개정법률안,의결,2011-09-16,2011-12-30,대안폐기,"","강길부,권영진,김광림,김성조,김소남,김태환,윤석용",기획재정위원회
김성조,61,1813226,PRC_G1V1P0D9R1N6K1D7L3J7V4E4L6A9A0,부정경쟁방지 및 영업비밀보호에 관한 법률 일부개정법률안,계류,2011-09-16,"","","","강길부,권영진,김성조,김태환,유승민,이명규,이철우",지식경제위원회
김성조,61,1813058,PRC_H1H1I0T8A3A0O1X1W0H9A1L7V8T6B6,국세기본법 일부개정법률안,의결,2011-08-30,2011-12-30,대안폐기,"제안이유 및 주요내용
  현재 국세를 신용카드로 납부하는 경우 납부세액의 1.2%에 해당하는 수수료를 해당 납세자가 부담하여야 하기 때문에 국세를 신용카드로 납부하는 비율이 전체 수납액의 0.1%에 불과한 실정이고, 국세를 신용카드로 납부하는 납세자는 현금으로 납부하는 납세자에 비하여 추가적인 부담을 지게 되어 형평성이 저해되는 문제도 발생하고 있음.
  따라서 국세를 신용카드로 납부하는 경우 카드 수수료를 납세자가 부담하지 못하도록 하여 신용카드에 의한 국세 납부를 활성화하고 납세자의 부담을 완화하려는 것임(안 제46조의2제3항 신설).","강길부,권영진,김성조,김소남,김혜성,배영식,이철우",기획재정위원회
김성조,61,1811210,PRC_Z1M1Q0M3W1Z7D1V7D4R8L4Z2W0D0K1,민방위기본법 일부개정법률안,의결,2011-03-17,2011-12-30,대안폐기,"제안이유 및 주요내용
  현행법에 따르면 적의 침공 등 민방위사태 발생 시 타인의 건물이나 시설을 주민의 피란시설로 사용할 수 있으나 피란시설에 임시주거시설이 포함되는지와 피란시설로 사용할 수 있는 시설의 범위가 명확하지 아니함.
  이로 인해 최근 연평도 포격 사건 때 피란 주민에 대한 임시주거시설을 사설 찜질방이나 임대아파트에 정하여 주민 피란을 위한 임시주거시설이 열악하고 준비성이 없었다는 지적이 제기되었음.
  따라서 적의 침공 등 민방위 사태 발생 시 주거시설을 상실하거나 사실상 주거가 불가능한 상황에 처한 주민의 임시주거시설로 「정부조직법」에 따른 중앙행정기관, 「정부출연연구기관 등의 설립·운영 및 육성에 관한 법률」에 따른 정부출연연구기관, 「공공기관의 운영에 관한 법률」에 따른 공공기관 또는 지방자치단체가 운영하는 숙박시설, 교육훈련시설·연수시설 내의 숙박시설 등을 사용할 수 있는 근거규정을 만드려는 것임(안 제32조제1항제5호 신설).","강용석,권영세,김광림,김성조,김정권,김태원,김태환",행정안전위원회
김성조,61,1811209,PRC_P1M1G0N3W1U7I1Z7S4B7C5N4L7H2G0,재해구호법 일부개정법률안,의결,2011-03-17,2011-06-29,대안폐기,"제안이유 및 주요내용
  현행법령에 따르면 주거시설을 상실하거나 사실상 주거가 불가능한 경우에 이재민 또는 일시대피자에게 제공하는 임시주거시설을 공공시설, 천막 등으로 규정하고 있으나 그 공공시설에 대한 범위가 모호함.
  이로 인하여 숙박시설로 부적합한 학교, 마을회관 또는 관공서 등이 사용되어 왔음.
  따라서 「정부조직법」에 따른 중앙행정기관, 「정부출연연구기관 등의 설립·운영 및 육성에 관한 법률」에 따른 정부출연연구기관,「공공기관의 운영에 관한 법률」에 따른 공공기관  또는 지방자치단체가 운영하는 숙박시설, 교육훈련시설 연수시설 내의 숙박시설을 재해로 주거시설을 상실하거나 사실상 주거가 불가능한 상황에 처한 이재민 또는 일시대피자에 대한 임시주거시설로 지정하여 사용할 수 있도록 함으로써 구호를 위한 임시주거시설의 개선에 이바지하려는 것임(안 제8조의2 신설).","강용석,권영세,김광림,김성조,김정권,김태원,김태환",행정안전위원회
김성조,61,1809769,PRC_Z1H0Z1D1H0I2N1E7B1A9S4J3Z0K4T7,조세특례제한법 일부개정법률안,계류,2010-11-02,"","","제안이유 및 주요내용
  한국노동연구원의 주장에 따르면 지난 2000년 이후 제조업이 1% 성장할 때마다 고용은 0.1% 감소한 반면 서비스업은 0.66% 증가하였고, 취업유발계수 역시 2007년 기준으로 18.1명으로 9.2명인 제조업에 비하여 상대적으로 높은 실정이나, 현행법에 따라 창업중소기업에 대한 세제 지원을 제조업은 업종 전체에 대하여 감면하여 주고 있는 반면에 서비스 업종은 정보서비스업·창작 및 예술 관련 서비스업에 대해서만 감면하여 주고 있는 실정임.
  이에 제조업 및 건설업 등이 업종 전체에 대하여 세액 감면을 해주는 것과 동일하게 서비스 업종에 대해서도 소비성서비스업을 제외한 전체 업종에 대하여 감면을 하여 주려는 것임(안 제6조).","강길부,권영진,김광림,김성조,김정권,김태환,김혜성",기획재정위원회
김성조,61,1809751,PRC_L1A0D1P1F0Z1G1F6I0M7F4N3E1J2J2,조세특례제한법 일부개정법률안,계류,2010-11-01,"","","제안이유
  국가균형발전을 이룩하기 위하여 각 지역별로 우수한 R▒D 연구인력 유치가 중요함에도 불구하고 사회·문화·교육 등 정주여건이 수도권에 비해 지방이 매우 열악하여 우수인력 유치에 많은 애로가 있음. 
  최근 지방에 연구소를 두고 있는 대기업들이 잇달아 지방 연구소를 수도권으로 이전할 계획을 발표하고 있어 핵심우수인력의 수도권 집중으로 인한 지방의 공동화와 지방 경쟁력 저하가 우려되는 실정임.
  이에 대한 개선책은 연구·개발 종사자의 지방 정주여건을 개선하는 것이 바람직하나 이는 장기간이 소요될 수밖에 없으므로 단기적으로 이들의 지방거주에 대한 인센티브를 제공할 필요가 있음.
  이에 따라 인센티브의 한 방법으로 지방에 거주하는 연구·개발 종사자의 소득에 대한 소득공제를 대폭 확대하여 이들의 가처분소득 확대를 기하고, 이를 통하여 지역경기활성화는 물론 국가균형발전에 기여하려는 것임.
주요내용
  지방거주 연구·개발종사자에 대한 소득공제를 「소득세법」상의 소득공제 외에 기본공제 100만원, 경로우대·장애인·입양자 각 100만원, 6세 이하 직계비속 100만원, 다자녀 추가공제는 자녀가 2인인 경우 200만원, 2인을 초과하는 경우 초과 1인당 100만원씩 추가하여 공제함(안 제17조 신설).","강길부,권영진,김광림,김성조,김정권,김태환,김혜성",기획재정위원회
김성조,61,1809720,PRC_K1H0L1L0H2N9H1J5W5Z6W3K6J2O1N3,조세특례제한법 일부개정법률안,의결,2010-10-29,2010-12-08,대안폐기,"제안이유
  임시투자세액공제제도는 1982년 처음 도입되어 1년 혹은 2년 단위로 시행 돼야하는 한시적인 제도이나 지난 20년 동안 상시 투자세액공제로 변질되었으며, 지난해 7,975개 법인이 1조9,390억원을 공제받아 법인세 전체 수입 32조원의 5.8%에 이르러 국가재정건전성을 약화시키는 요인 중 하나로 지적되고 있음. 뿐만 아니라 감면에 따른 투자실적을 알 수 없어 제도의 실제 투자촉진 효과를 측정할 수 없어 제도의 실효성 여부를 판단할 수 없음.
  정부는 이런 문제점을 인식하고 임시투자세액공제제도를 고용창출투자세액공제제도로 전환할 것이라 밝혔음. 그러나 그동안 임시투자세액공제제도가 수도권과 비수도권을 구분하지 않고 혜택을 부여하여 수도권·비수도권 격차를 심화 시켰다는 지적이 있음에도 불구하고 고용창출투자세액공제제도도 수도권·비수도권 동일지원을 원칙으로 하고 있어 기업들의 투자가 수도권으로 집중될 가능성이 높은 것이 사실임.
  따라서 국가재정건전성 등을 고려하여 임시투자세액공제제도의 출구전략이 필요하나 정부안과 같이 수도권·비수도권 동일 지원이 아닌 지방에 대한 투자에 대해 한시적으로 유지함으로써 지역경기 활성화와 국가균형발전에 이바지 하고자 함.
주요내용
  수도권을 제외한 지역에 지역경기 활성화와 국가균형발전을 위하여 투자를 할 경우 그 투자금액의 100분의 7에 상당하는 금액을 소득세 또는 법인세에서 공제함(안 제26조).","강길부,김광림,김성조,김정권,김태환,김혜성,김효석",기획재정위원회
김성조,61,1809700,PRC_E1P0G1Z0X2K8I1W7Q1X9H5A7A3S1Q4,조세특례제한법 일부개정법률안,의결,2010-10-28,2010-12-08,대안폐기,"제안이유 및 주요내용
  지방근무 근로자의 정주여건 개선과 기업의 지방이전 독려를 위하여 근로자 복지 증진을 위한 사택 구입을 목적으로 지방 미분양주택을 구입하여 장기보유하는 경우에 소득세 또는 법인세를 30% 감면해 줌(안 제94조제1항 및 제5항).","강길부,김광림,김성조,김정권,김태환,김혜성,박종근",기획재정위원회
김성조,61,1809699,PRC_H1M0L1J0H2C8U1S7H1F7S3C3Z3D8U6,지방세특례제한법 일부개정법률안,의결,2010-10-28,2012-01-05,폐기,"제안이유 및 주요내용
  지방근무 근로자의 정주여건 개선과 기업의 지방이전 독려를 위하여 근로자 복지 증진을 위한 사택 구입을 목적으로 지방 미분양주택을 구입하여 장기보유하는 경우에 취득세를 면제하고 재산세를 5년간 면제 후 3년간 50% 감면해 줌(안 제36조의2 신설).","강길부,김광림,김성조,김정권,김태환,김혜성,박종근",행정안전위원회
김성조,61,1809688,PRC_A1A0R1Z0D2L7A1M8X1J8Z5I8O9V3S5,조세특례제한법 일부개정법률안,의결,2010-10-27,2010-10-29,철회,"제안이유
  임시투자세액공제제도는 1982년 처음 도입되어 1년 혹은 2년 단위로 시행 돼야하는 한시적인 제도이나 지난 20년 동안 상시 투자세액공제로 변질되었으며, 지난해 7,975개 법인이 1조9,390억원을 공제받아 법인세 전체 수입 32조원의 5.8%에 이르러 국가재정건전성을 약화시키는 요인 중 하나로 지적되고 있음. 뿐만 아니라 감면에 따른 투자실적을 알 수 없어 제도의 실제 투자촉진 효과를 측정할 수 없어 제도의 실효성 여부를 판단할 수 없음.
  정부는 이런 문제점을 인식하고 임시투자세액공제제도를 고용창출투자세액공제제도로 전환할 것이라 밝혔음. 그러나 그동안 임시투자세액공제제도가 수도권과 비수도권을 구분하지 않고 혜택을 부여하여 수도권·비수도권 격차를 심화 시켰다는 지적이 있음에도 불구하고 고용창출투자세액공제제도도 수도권·비수도권 동일지원을 원칙으로 하고 있어 기업들의 투자가 수도권으로 집중될 가능성이 높은 것이 사실임.
  따라서 국가재정건전성 등을 고려하여 임시투자세액공제제도의 출구전략이 필요하나 정부안과 같이 수도권·비수도권 동일 지원이 아닌 지방에 대한 투자에 대해 한시적으로 유지함으로써 지역경기 활성화와 국가균형발전에 이바지 하고자 함.
주요내용
  수도권을 제외한 지역에 지역경기 활성화와 국가균형발전을 위하여 투자를 할 경우 그 투자금액의 100분의 7에 상당하는 금액을 소득세 또는 법인세에서 공제함(안 제26조).","강길부,김광림,김성조,김정권,김태환,김혜성,박종근",기획재정위원회
김성조,61,1807462,PRC_W1E0M0N1W2W1C1D0Q5E9D5B9F1D6M3,조세특례제한법 일부개정법률안,의결,2010-01-21,2010-12-08,대안폐기,"제안이유
  최근 중국 등 해외에 진출한 한국 기업들 중 경제위기와 현지의 외국인 투자정책 및 노동시장의 변화로 인하여 국내로 되돌아오는 것을 고려하는 기업이 있음. 그러나 이에 대한 정책이 마련되어 있지 않아 국내로 되돌아오는데 많은 어려움이 있음. 
  이에 따라 해당 기업들이 국내에서 경기회복 및 일자리창출, 지역경제 활성화에 기여하도록 하기 위하여 세제지원하려는 것임.
주요내용
  내국인이 해외에서 영위하던 기업을 수도권 외 지역으로 이전하여 사업을 개시하는 경우 소득세 또는 법인세를 사업을 개시한 과세연도부터 5과세연도까지는 전액, 그 다음 2과세연도는 50%를 공제함(안 제63조의3).","권경석,김광림,김무성,김성조,김영진,김정권,김태환",기획재정위원회
김성조,61,1807461,PRC_F1Z0O0F1R2X1R1M0U5N8R2P6P1V1S7,지방세법 일부개정법률안,계류,2010-01-21,"","","제안이유
  최근 중국 등 해외에 진출한 한국 기업들 중 경제위기와 현지의 외국인 투자정책 및 노동시장의 변화로 인하여 국내로 되돌아오는 것을 고려하는 기업이 있음. 그러나 이에 대한 정책이 마련되어 있지 않아 국내로 되돌아오는데 많은 어려움이 있음. 
  이에 따라 해외진출 기업의 국내 이전이 용이하게 세제지원을 함으로써 이들 기업으로 하여금 국내에서 경기회복 및 일자리창출, 지역경제 활성화에 기여하도록 하려는 것임.
주요내용
  내국인이 해외에서 영위하던 기업을 수도권 외 지역으로 이전하기 위하여 취득하는 부동산에 대한 취득세 및 등록세와 기업 이전에 따른 등기에 대한 등록세를 면제함(안 제275조의2).","권경석,김광림,김무성,김성조,김영진,김정권,김태환",행정안전위원회
김성조,61,1807460,PRC_G1Q0U0C1N2U1M1M0A5A6A2E9D9C6M3,국가균형발전 특별법 일부개정법률안,계류,2010-01-21,"","","제안이유
  최근 중국 등 해외에 진출한 우리 기업이 현지의 외국인 투자정책 및 노동시장의 변화 등으로 인하여 국내로 돌아오는 것을 고려하고 있으나, 이에 대한 지원 정책이 마련되어 있지 않아 돌아오는데 어려움을 겪고 있음. 해외에 진출한 기업이 국내 특히 지방으로 돌아올 경우에는 지방 경기 회복 및 일자리 창출에 크게 기여할 수 있음.
  그런데 현행법은 수도권에 있는 기업이 지방으로 이전하는 경우에 한하여 각종 지원을 할 수 있도록 하고 있음. 
  이에 해외에 진출한 기업이 국내 중 수도권(서울특별시, 인천광역시, 경기도)이 아닌 지방으로 돌아오는 경우에도 재정적, 행정적 지원 등을 할 수 있도록 함으로써 지방 경제 활성화에 기여하도록 하려는 것임. 
  그 외에도 현행법은 ‘수도권’을 정의 내지 약칭 없이 ‘수도권’ 내지 ‘「수도권정비계획법」 제2조제1호에 따른 수도권’ 등으로 달리 표현하여 그 의미에 혼란이 있을 수 있으므로 이를 명확히 하기 위하여 ‘수도권’의 정의 규정을 신설하려는 것임.
주요내용
  가. ‘수도권’을 「수도권정비계획법」 제2조제1호에 따른 수도권을 말하는 것으로 정의함(안 제2조제4호의2 신설).
  나. 국가와 지방자치단체는 해외에 진출한 기업이 국내(수도권이 아닌 지역에 한한다)로 돌아오는 경우 재정적·행정적 사항 등에 관한 지원을 할 수 있도록 함(안 제19조의2 신설).","권경석,김광림,김무성,김성조,김영진,김정권,김태환",지식경제위원회
김성조,61,1806071,PRC_E0U9U0A9O1V8S1B0S3I0N4X9E5I8R1,제주특별자치도 설치 및 국제자유도시 조성을 위한 특별법 일부개정법률안,계류,2009-09-18,"","","제안이유
  중앙행정기관 권한의 단계적 이양에 따라 제주특별자치도지사의 권한이 확대되고 있으므로 이를 효과적으로 견제하기 위하여 제주특별자치도의 의회사무처에 두는 사무직원의 임면 등의 권한을 제주특별자치도의회 의장에게 부여하여, 제주특별자치도의회의 독립적인 인사권을 확보하고자 함.
주요내용 
  가. 제주자치도의회 사무처 직원 중 일반직공무원은 제주특별자치도지사가 임용하도록 되어 있으나, 이를 제주자치도의회 의장이 임용하도록 함(안 제14조).
  나. 도의회 상임위원회에 정책자문위원과 입법심의관·입법조사관 등 그 밖에 필요한 공무원을 두고, 상임위원회는 필요하다고 인정하는 경우 정책자문위원과 위원회공무원을 의원담당관으로 보할 수 있도록 함(안 제45조).","권경석,김성조,김정권,김태환,박순자,이명규,이철우",행정안전위원회
김성조,61,1806070,PRC_Z0B9W0D9O1W8W1F0N2B9T0C9Y9J5O0,지방공무원법 일부개정법률안,계류,2009-09-18,"","","제안이유 및 주요내용
  지방의회사무를 관장하는 사무직원의 임용과정에서 지방의회의 의장의 추천권이 제대로 행사되지 못하는 현실을 고려하여 지방의회에 두는 사무직원의 임면 등의 권한을 그 지방의회 의장에게 부여하여, 지방의회의 독립적인 인사권을 확보하고자 함.
  아울러 지방의회에 두는 사무직원의 임용 등에 필요한 사항은 그 지방자치단체의 조례로 정하는 바에 따라 이를 따로 정할 수 있도록 하여 지방의회사무직원에 대한 인사의 다양성을 확보하고자 함(안 제6조).","권경석,김성조,김정권,김태원,김태환,박순자,이명규",행정안전위원회
김성조,61,1806067,PRC_S0Q9K0V9E1X8Z1F0D1T9Q3S7J3M2K1,지방교육자치에 관한 법률 일부개정법률안,계류,2009-09-18,"","","제안이유 및 주요내용
  현행 ？지방교육자치에 관한 법률？에 의거 각 지방의회 내 교육위원회의 사무직원에 대한 임명권은 지방의회 의장이 아니라 지방의회 교육위원회 위원장의 추천에 따라 교육감이 임명하고 있음.
  이로 인해 지방의회 사무기구의 인사권 부재 및 사무직원에 대한 인사권이 집행부에 예속되어 사무직원이 집행기관을 의식해 의정활동을 지원함에 있어 소극적이고, 수동적인 태도로 일관한다는 지적이 있을 뿐만 아니라 우리나라 지방자치발전의 저해가 되고 있는 실정임.
  사무직원에 대한 지방의회 의장의 인사권 독립을 보장함과 동시에 우리나라 지방자치발전에 기여하고자 함(안 제17조제3항).","권경석,김성조,김정권,김태원,김태환,박순자,유정현",교육과학기술위원회
김성조,61,1806066,PRC_B0C9X0I9J1K8N1Y0X1W8K2K2S1X8H9,지방자치법 일부개정법률안,계류,2009-09-18,"","","제안이유
  2008년도 현재 총 1,288건의 중앙정부 사무가 지방으로 이양되었고, 새로이 제정된 지방분권촉진에 관한 법률에 근거하여 구성된 지방분권촉진위원회에서 검토 중인 786건의 중앙정부사무가 지방에 이양될 경우, 그리고 향후 자치경찰·특별지방행정업무가 지방자치단체에 이양되고, 현재의 기관위임사무가 폐지되어 ‘법률수임사무’로 변경될 경우, 그리고 2010년부터 현재의 교육위원회가 폐지되고, 일체의 교육행정사무를 광역의회에서 심의할 경우 광역의회의 경우 그 업무는 현재의 수 배 이상 증가하게 될 것이며, 이에 따른 지방의원의 전문성 확보는 더욱 절실하게 될 것임
  이러한 문제점을 해소하기 위해서는 현재의 위원회 전문위원실 기능을 증가되는 업무량만큼 확대 개편하여 보다 내실 있는 보좌활동이 이루어지게 함으로써 명실상부한 의정활동활성화를 기하여야 할 것임
  또한 지방자치단체장이 지방의회 소속의 일반직 공무원에 대하여 직접적인 임명권을 행사토록 규정한 지방자치법 제91조는 기관의 자율성 및 독립성의 측면에서나, 감사기관 대 피감사기관의 관계에서나, 업무의 효율성 측면에서 볼 때 그 타당성이 특히 결여되어 있으며, 헌법이 정하고 있는 기능분할과 권력분립의 원칙을 일탈하고 있음
  이러한 문제점을 해소하기 위해서는 의정보좌활동을 전문직으로 하는 ‘의회직렬’을 신설하여 지방의회 사무직원은 당해 지방의회 의장이 그 인사권을 행사하도록 하고, 인사권독립에 따른 인사 대상인원의 감소에 따라 제기될 수 있는 인사정체요인을 해소하기 위하여 지방의회 사무직원의 인사단위를 시·도 단위로 운영하되, 이를 원활히 하기 위하여 인사교류협의회를 구성·운영하여야 할 것임
주요내용
  가. 지방의회의 위원회에 수석전문위원·일반전문위원과 입법심의관·입법조사관 등 기타 필요한 공무원을 둘 수 있도록 하되, 필요한 경우 위원회 공무원을 의원담당관으로 보할 수 있도록 하고 위원회 공무원을 사무처장·사무국장·사무과장의 추천으로 의장이 임명하도록 하며, 전문위원과 입법심의관·입법조사관 등 위원회공무원의 직급과 정수 등에 관하여 필요한 사항은 당해 지방자치단체의 조례로 정하도록 함(안 제59조).
  나. 지방의회에 두는 사무직원의 정수와 직급은 자치단체의 조례로 정하도록 하고, 지방의회 의장은 소속직원에 대한 임면권을 가지며, 지방자치단체의 장과 지방의회 의장은 자치발전과 전문성 확보를 위하여 필요한 경우 소속 공무원을 상호 인사교류 할 수 있도록 하고, 인사적체 해소 등을 위하여 시·도의회와 시·군·자치구의회 공동으로 인사교류 협의회를 광역자치단체 단위로 둘 수 있도록 함(안 제91조).","권경석,김성조,김정권,김태원,김태환,박순자,이명규",행정안전위원회
김성조,61,1803958,PRC_W0U9Y0W2B2Y7O0Q9T5E0K2K3R7I9Q6,도로교통법 일부개정법률안,계류,2009-02-27,"","","제안이유
  현행 자동차전문학원에서 일정 교육을 이수한 후 운전기능 및 도로주행에 관한 기능검정을 실시할 수 있도록 하고 있으나 학과시험은 운전면허시험장에서만 실시하고 있어, 학과시험은 운전면허시험장에 응시하고 운전기능이나 도로주행에 관한 시험은 자동차전문학원에 등록하여 합격한 후 운전면허를 취득하는 경우가 일반적임. 
그러나 특히 지방의 경우 운전면허시험장이 가까운 곳에 없는 경우가 많아 학과시험에 응시하기 위하여 먼 거리를 이동하여야 하고, 그 이후 다시 근처의 자동차전문학원에 등록하여 기능시험을 치루는 불편을 겪고 있음.
따라서 자동차전문학원에서도 학과시험 업무를 실시하도록 하여 운전면허를 취득하고자 하는 사람에게 시험단계에 따라 운전면허시험장과 자동차전문학원 중 선택할 수 있게 함으로써 운전면허시험에 응시하고자 하는 국민의 편익을 증진시키려는 것임. 
주요내용
  가. 지방경찰청장은 자동차운전전문학원의 학감으로 하여금 학과시험을 실시할 수 있도록 함(안 제83조의2 신설).
  나. 전문학원은 학과시험에 응시하는 사람에 대하여 학과시험에 드는 경비를 받을 수 있음(안제110조제1항).
  다. 지방경찰청장은 전문학원의 학감 등이 학과시험과 관련하여 부정한 행위를 하는 때에는 전문학원의 등록을 취소하거나 1년 이내의 운영정지를 명할 수 있음(안 제113조제2항제2호의2 신설).
  라. 전문학원의 학감·부학감은 학과시험 확인업무에 관하여, 학과시험업무에 종사하는 사람은 학과시험업무에 관하여 「형법」 등에 의한 벌칙 적용에 있어서 공무원으로 봄(안 제118조).","강석호,김성수,김성조,김소남,김우남,김태환,박대해",행정안전위원회
김성조,61,1803361,PRC_O0Q8Y1G2L3K1K1M2N0J1H5L1F8W1I5,대한무역투자진흥공사법 일부개정법률안,의결,2008-12-31,2011-03-10,대안폐기,"제안이유
  대한무역투자진흥공사(KOTRA)는 기업의 해외시장진출 지원을 위한 무역거래 알선, 해외시장 정보수집 및 제공, 수출입업무 등 기존의 무역진흥사업 외에 2005년부터는 정부 및 기업의 수요가 급증함에 따라 해외의 자원개발 및 건설·플랜트 프로젝트 수주 지원사업을 병행하고 있음.
  해외자원의 안정적 확보 및 건설·플랜트 등 기간산업의 해외진출을 효율적으로 지원하기 위해서는 우선적으로 KOTRA의 해외조직망을 확충하여 해외진출의 거점을 확보하는 것이 시급하나, 현행법상 KOTRA의 해외자원개발 지원의 법적 근거가 미흡하여 이에 대한 보완책 마련이 절실한 실정임.
  따라서 KOTRA가 필요한 인력 및 예산을 확보하여 지원사업을 안정적으로 수행할 수 있도록 해외 자원·에너지 개발 및 해외 건설·플랜트 프로젝트 수주 등을 지원할 수 있는 법적 근거를 마련하고, 직무상 알게 된 비밀을 누설하거나 도용한 경우 등의 벌금액을 인상하여 현실화하려는 것임.
주요내용
  가. 대한무역투자진흥공사는 해외 자원·에너지 개발 및 해외 건설·플랜트 프로젝트 수주 등의 지원에 관한 업무를 수행할 수 있도록 함(안 제1조 및 제10조제6호의2).
  나. 공사의 임원 또는 직원이나 그 직에 있었던 자가 그 직무상 알게 된 비밀을 누설하거나 도용한 경우에는 2년 이하의 징역이나 2천만원 이하의 벌금에 처하고, 대한무역투자진흥공사 또는 이와 유사한 명칭을 사용한 자는 1천만원 이하의 벌금에 처하도록 함(안 제16조).","강석호,강성천,권영진,김성조,김충조,김태환,배영식",지식경제위원회
김성조,61,1802073,PRC_Y0D8B1U1G1J8C1Q5H5O0D1Y0X4M4M8,최저임금법 일부개정법률안,계류,2008-11-18,"","","제안이유
  최저임금제는 국가가 노ㆍ사간의 임금결정과정에 개입하여 임금의 최저수준을 정하고, 사용자에게 그 이상의 임금을 지급하도록 법으로 강제함으로써 저임금근로자를 보호하는 제도임.
  그러나 최저임금이 지속적으로 상승함에 따라 저임금 근로자의 소득향상에 기여한 반면, 최근 금융위기로 애로를 겪고 있는 중소기업의 부담이 가중되어 최저임금법 위반과 취약계층 고용기회의 축소 등 부작용이 발생하고 있음.
  이에 지역별 최저임금제 도입, 수습근로자의 수습기간 연장 및 고령자의 최저임금감액제 적용 등을 도입함으로써 저소득근로자의 생활안정과 취약계층의 고용기회 확대의 균형을 유지하려는 것임.
주요내용
  가. 지역별 최저임금제를 도입할 수 있는 근거를 마련함(안 제4조).
  나. 최저임금을 달리 정할 수 있는 경우로서 수습근로자의 수습기간을 연장하고, 60세 이상인 자로서 명시적으로 최저임금 감액에 동의하는 경우 최저임금을 감액 적용할 수 있도록 하여 수습근로자 및 고령자의 고용기회를 확대함(안 제5조제2항제1호 및 제5조제2항제3호 신설).
  다. 사용자가 제공하는 숙박 또는 식사비용을 적정하게 평가하도록 하여 일정비율을 공제하도록 함(안 제5조의3 신설).
  라. 의결 기한 내에 최저임금안이 의결되지 못한 경우에는 공익위원이 최저임금안을 의결할 수 있도록 함(안 제8조제6항 신설).
  마. 최저임금에 관한 심의와 최저임금에 관한 중요사항을 심의하기 위하여 노동부외에 특별시, 광역시, 도, 특별자치도의 지방자치단체에 최저임금위원회를 마련함(안 제12조 신설).","강석호,구본철,권경석,김동성,김성조,김일윤,김충조",환경노동위원회
김성조,61,177240,PRC_Z0J7Y0I8Y2B4O1H7Z2Z2K3H8O3K7C3,최저임금법 일부개정법률안,의결,2007-08-24,2008-02-19,폐기,"■ 제안이유 및 주요내용 
  최저임금제는 국가가 노ㆍ사간의 임금결정과정에 개입하여 임금의 최저수준을 정하고, 사용자에게 그 이상의 임금을 지급하도록 법으로 강제함으로써 저임금근로자를 보호하는 제도임.
  그러나 현재 지역별로 생계비, 임금수준, 물가수준 등의 편차가 큼에도 불구하고 전국 단일의 최저임금을 적용함으로써 지역별 임금격차를 제대로 반영하지 못하는 한계가 있음.
  또한, 실제 고령자들 가운데는 일자리를 구할 수만 있다면 최저임금 수준 이하에서도 일을 하고자 하는 경우가 많으나 이들을 상대적으로 많이 고용하는 중소ㆍ영세기업의 경우에는 최저임금 수준이 상당한 부담으로 작용하여 고령자의 고용을 꺼리고 있는 실정임.
  이에 지역별 최저임금제를 도입할 수 있는 근거를 마련하고, 고령자 에 대한 최저임금을 탄력적용 할 수 있도록 함으로써 실효성 있는 최저임금제도를 실시하고자 함(안 제4조제1항, 제5조제2항제3호 신설).","강창일,김성조,김정권,김태환,박재완,신상진,안상수",환경노동위원회
김성조,61,176332,PRC_Q0K7B0E4L0T4S1Q4V4Q4Z3R7F5H0K3,석유 및 석유대체연료 사업법 일부개정법률안,의결,2007-04-02,2008-05-29,임기만료폐기,주요 내용 : 가. 산업자원부장관은 관계 중앙행정기관의 장 또는 시·도지사와 협의하여 유사석유제품의 제조 등을 방지하기 위한 시책을 적극 강구하도록 함(안 제30조의2제1항 신설).  나. 산업자원부장관은 유사석유제품의 제조 등을 방지하기 위하여 필요한 경우 환경부장관과 협의를 거쳐 석유화학제품의 제조 및 유통에 관한 실태조사 등을 실시할 수 있도록 함(안 제30조의2제2항 신설).,"강재섭,권경석,김석준,김성조,김태환,안상수,이경재",산업자원위원회
김성조,61,176308,PRC_S0W7Z0F4I0O3X1W3I4C0N4E8G1X6S5,석유 및 석유대체연료 사업법 일부개정법률안,의결,2007-03-30,2008-05-29,임기만료폐기,"■ 제안이유 
현재 허용되고 있는 자가소비용 천연가스에 대한 직도입제도가 국내 천연가스수요에 대한 정확한 예측과 수급조절을 어렵게 하고, 천연가스 가격의 불안정을 야기하는 요인으로 지적되고 있으므로, 이에 자가소비용 천연가스 직도입제도를 폐지하고, 이 법과 도시가스사업법에 분산·혼재되어 있는 천연가스 관련 규정을 도시가스사업법에서 일괄적으로 규정하도록 하여 천연가스에 관한 법률 규정 체계를 정비하고자 함.
■ 주요내용 
가. 천연가스에 관하여는 이 법에서 규정하지 아니하고 도시가스사업법에서 통합적으로 규정하도록 하기 위하여 석유의 정의에서 천연가스를 제외하는 등 관련 규정을 정비함(안 제2조제1호·제4조)
나. 천연가스 직도입제도가 폐지되면, 천연가스 수출입은 도시가스사업자만이 할 수 있으므로, 천연가스의 수출입계약 체결시 산업자원부장관에 대한 신고제도를 폐지함(제9조제5항 및 제49조제1항제2호 삭제).
다. 현행과 같이 천연가스에 대한 수입부과금은 계속하여 이 법에 따라 징수하도록 함(안 제18조제1항제1호).","강재섭,권경석,김석준,김성조,김태환,박재완,안상수",산업자원위원회
김성조,61,176307,PRC_B0N7T0G4T0K3P1A3J3Z9I3X3S2R1X8,도시가스사업법 일부개정법률안,의결,2007-03-30,2008-05-29,임기만료폐기,"■ 제안이유 
1998년에 석유사업법이 개정되어 자가소비를 목적으로 한 천연가스 직도입이 허용된 후, 1999년에 이 법을 개정하여 자가소비용 직도입자가 가스공급시설을 설치할 수 있도록 규정하였으나, 이러한 천연가스 직도입제도는 도시가스요금 인상과 천연가스 수급의 불안정을 야기하고 직도입으로 인한 사회적 편익이 개별기업의 이윤으로 귀속되는 등 직도입제도의 폐해가 심각하므로 자가소비용 천연가스 직도입제도를 폐지하여 천연가스의 가격 및 수급의 안정을 도모하고자 함   
■ 주요내용 
  가. 법에서 사용하는 용어의 정의 부분에서 ‘도시가스사업자외의 가스공급시설설치자’를 삭제하고, 도시가스사업자외의 가스공급시설설치자와 관련된 조항들을 모두 삭제함(제2조제7호 및 제6장의2 삭제).
  나. 종전의 도시가스사업자외 가스공급시설설치자가 이 법 시행 전에 가스공급시설의 공사계획 승인을 신청하는 경우에는 이 법 시행 후에도 종전의 규정을 적용하도록 함(안 부칙 제2조).","강재섭,권경석,김석준,김성조,김태환,박재완,안상수",산업자원위원회
김성조,61,175938,PRC_I0E7G0H1V0K8N1Y6R3H8C5E0O5T8A1,집단에너지사업법 일부개정법률안,의결,2007-01-04,2007-04-27,대안폐기,"■ 제안이유 
집단에너지시설에 대해서는 시설의 안전관리를 위해 필요한 경우 관계 공무원 등이 확인점검할 수 있으며, 확인점검을 거부·방해 또는 기피한 자에 대해 300만원 이하의 벌금에 처하도록 규정함으로써 행정조사에 대한 수인의무를 담보하고 있으나,
  확인점검은 행정기관에 의한 권력적 조사활동으로서의 성격을 가진다는 점을 감안하면, 확인점검의 요건으로 단지 ‘이 법 시행에 필요한 때’라고 한 현행 규정은 행정조사의 예측가능성과 투명성을 저해하고 피조사자의 권익을 침해할 우려가 있음.
  따라서 확인점검의 요건을 보다 구체화하고 확인점검자가 제시하는 증표의 내용을 상세히 규정함으로써 피조사자의 권익을 보호함과 동시에 행정조사에 대한 구체적인 수인의무발생의 정당성을 확보하려는 것임.
■ 주요내용 
  가. 집단에너지시설에 대한 확인점검의 요건을 구체적으로 열거함(안 제24조제1항 및 제2항).
  나. 확인점검을 하는 자가 정당한 권한 있음을 입증하는 증표의 내용을 구체적으로 명시함(안 제24조제3항).","고조흥,곽성문,김성조,박재완,박찬숙,심재철,이명규",산업자원위원회
김성조,61,174543,035703,수도권과밀지역 소재 기업의 지방이전 촉진에 관한 특별법안,의결,2006-06-27,2008-05-29,임기만료폐기,"■ 제안이유
국가의 균형발전을 위해 수도권과밀지역 소재 기업의 지방이전정책을 추진하고 있으나, 이러한 노력에 비해 수도권과밀지역 기업의 지방이전 실적이 미미하고 실질적인 이전효과를 거두지 못하고 있음.
  따라서, 국가적으로 수도권과밀지역 소재 기업의 지방이전을 촉진하기 위한 기본계획을 수립하고 지방으로 이전하고자하는 수도권과밀지역 소재 기업의 지방이전을 적극 지원함으로써 수도권과밀지역의 효율적 이용과 지방의 발전을 추진하고 나아가 국가균형발전을 도모하려는 것임.
■ 주요내용
  가. 이 법의 목적은 수도권과밀지역 소재 기업의 지방으로의 이전 촉진을 지원함으로써 수도권의 집중억제와 국가균형발전을 제고함으로써 국민경제발전에 이바지하려는 것임(안 제1조).
  나. 수도권과밀지역 소재 기업의 지방이전촉진에 관한 관계기관의 연계·조정 및 상호협력을 위하여 산업자원부장관 소속하에 기업지방이전촉진 관계기관 협의회를 둠(안 제3조).
  다. 산업자원부장관은 수도권과밀지역 소재 기업의 지방이전을 촉진하기 위하여 기업지방이전촉진심의위원회의 심의를 거쳐 기업지방이전촉진계획을 수립함(안 제4조).
  라. 광역시장 또는 도지사는 수도권과밀지역 소재 기업의 본사·공장의 이전유치를 촉진하기 위하여 기업유치지구를 지정·고시함(안 제7조).
  마. 수도권과밀지역 소재 기업 중 수도권과밀지역에 3년 이상된 기업의 본사·공장을 지방 또는 지방 산업단지에 이전하면서 국가의 지원을 받고자 하는 기업은 산업자원부장관에게 지방이전에 따른 지원신청을 하고, 산업자원부장관은 지원신청을 받은 날부터 3개월 이내에 지원여부를 결정·통보하여야 함(안 제9조).
  바. 수도권과밀지역 소재 기업의 본사 또는 공장을 지방으로 이전하고자 하는 기업을 지원하기 위하여 자금·입지·세제 등을 지원함(안 제12조 내지 제16조).","곽성문,권경석,권오을,김석준,김성조,김재원,김태환",산업자원위원회
김성조,61,174542,035702,산업집적활성화및공장설립에관한법률 일부개정법률안,의결,2006-06-27,2008-05-29,임기만료폐기,"■ 제안이유
국가균형발전을 위해서는 기업·공장 등 특히 대기업과 그에 소속된 공장의 지방이전의 촉진이 필요한 실정이나 지방 유치지역으로의 촉진 실적이 미미한 상태임.
  국가균형발전의 일환으로 수도권 과밀지역에서는 500제곱미터 이상의 공장(아파트형공장을 포함함)을 신설·증설 또는 이전하거나 업종을 변경할 수 없도록 하여 수도권 과밀지역에서의 공장 설립활동 등을 규제하고 있음.
  그러나, 국민경제의 발전, 지역주민의 생활환경 조성 등의 사유가 있을 때에는 수도권 과밀지역에서 500제곱미터 이상의 공장의 신설·증설·이전 또는 업종변경을 허가할 수 있음에 따라 수도권 과밀억제에 한계가 있음.
  따라서, 대기업과 그에 소속된 공장의 지방이전을 촉진하고 수도권 과밀을 억제하기 위하여 중소기업자 외에는 과밀지역과 성장관리지역, 자연보전지역에서 500제곱미터 이상의 공장 신설·증설·이전 또는 업종변경을 금지하도록 하려는 것임.      
■ 주요내용
  과밀지역, 성장관리지역 및 자연보전지역 안에서는 중소기업기본법이 정한 중소기업자를 제외하고 500제곱미터 이상의 공장(아파트형공장을 포함함)의 신설·증설·이전 또는 업종변경 행위를 금지하려는 것임(안 제20조제1항 단서).","곽성문,권경석,권오을,김광원,김석준,김성조,김재경",산업자원위원회
김성조,61,173795,033632,공탁법 일부개정법률안,의결,2006-01-18,2007-03-06,대안폐기,"■ 제안이유
1954년 공탁제도가 시작되어 2005년 6월 현재 공탁금의 규모는 4조 480억원에 이르고 있으나 이 중 80.4%를 특정은행이 독점하고 있음.
  지난 4월 “지역경제활성화를 위한 공탁금 및 보관금을 지방은행으로의 지정촉구 건의안”이 국회에서 통과되었으나 대법원의 후속조치가 미흡한 실정임.
  현재 공탁금 보관은행의 지정을 대법원장이 하도록 되어 있는 것을 지방법원에 공탁물관리위원회를 설치하고 위 위원회의 심의를 거친 후 지방법원장이 지역 현실을 감안하여 공탁금의 보관은행을 지정할 수 있도록 하려는 것임. 
■ 주요내용
  가. 공탁물을 보관할 은행 또는 창고업자의 지정을 지방법원장도 할 수 있도록 함(안 제3조제1항).
  나. 대법원 및 지방법원에 공탁물관리위원회를 설치하여 공탁물을 보관할 은행 또는 창고업자를 지정하거나 변경 또는 취소하는 경우 이를 심의하도록 함(안 제3조의2 신설).","강기정,고조흥,김기현,김성조,김재경,김재원,김태년",법제사법위원회
김성조,61,173362,032673,정부조직법 일부개정법률안,의결,2005-11-16,2008-05-29,임기만료폐기,"■ 제안이유
현재 정부의 각종 자문위원회는 단순히 자문기능의 차원을 넘어 실질적으로 정책결정을 행하고 이러한 정책이 그대로 시행되는 등 실질적으로 행정관청과 유사한 권한을 행사하고 있음. 이러한 자문위원회의 준입법적·준사법적 권한 행사는 국민의 권리와 의무에 상당한 영향을 미치고 있음에도 이에 대한 법률적 근거는 대부분 미비한 실정이며, 특히 대통령 직속의 자문위원회는 국무회의의 심의기능을 저해하는 등 대통령의 독단적인 권한 행사의 수단으로 전락할 위험성이 존재함.
  이에 대통령·국무총리 및 중앙행정기관 소속의 자문위원회의 설치근거를 법률로써 정하도록 함으로써 헌법상의 행정조직법정주의 원칙을 공고히 하고, 나아가 권력분립과 의회제도의 기능을 회복하여 신중한 국정운영과 책임정치를 구현하려는 것임.
■ 주요내용
  가. 대통령·국무총리 및 중앙행정기관의 자문에 응하여 전문적인 의견을 제공하거나 이에 대한 심의·조정 또는 협의하는 등 행정기관의 의사결정에 도움을 주는 합의제 행정기관의 설치는 법률로써 정하도록 함(안 제4조의2제1항 신설).
  나. 자문기관의 예산에 관하여 다른 법률에 특별한 규정이 없는 한 대통령 소속의 자문기관은 대통령 비서실 소관의 예산으로, 국무총리 소속의 자문기관은 국무총리실 소관 예산으로, 중앙행정기관 소속의 자문기관은 해당 중앙행정기관 소관의 예산으로 편성하도록 함(안 제4조의2제2항 신설).","공성진,김성조,김재경,김재원,박재완,신상진,심재철",행정자치위원회
김성조,61,173289,032573,수도권내 국내 대기업공장 신·증설 허용방침 백지화 촉구결의안,의결,2005-11-09,2008-05-29,임기만료폐기,"","곽성문,권경석,권오을,김광원,김기현,김석준,김성조",산업자원위원회
김성조,61,173099,032358,민사소송법 일부개정법률안,의결,2005-10-27,2008-05-29,임기만료폐기,"■ 제안이유
법관에 대한 기피신청은 당사자가 공정한 재판을 받기 위한 제도임에도 현실에 있어서 법관에 대한 기피신청제도의 이용이 적고 신청하더라도 기피당한 법관이 소송의 지연의 목적이 명백한 경우에 해당한다고 판단하여 각하결정을 하고 이 결정에 대하여 신청인이 즉시항고를 할 경우 당해 재판의 집행이 정지되지 않아 기피신청을 당한 법관에 의한 재판이 계속 진행됨에 따라 신청인에게 불리한 결과가 나올 수 있어 공정한 재판을 담보하기 어려운 실정에 있는바 법관이 소송지연의 목적이 명백하다고 보아 각하결정을 내리는 사유를 예시하고 이를 이유로 한 즉시항고에 대하여 재판이 집행정지 되도록 하여 법관에 의한 공정한 재판을 보장하기 위한 것임.
■ 주요내용
가. 법관기피신청에 대한 각하결정 사유인 기피신청이 소송지연을 목적으로 하는 것이 분명한 경우에 대하여 구체적 기준을 예시함(안 제45조제1항 후단 신설).
나. 소송지연을 목적으로 함이 분명한 경우를 이유로 법관이 기피신청에 대하여 각하결정을 한 경우 이에 대한 신청인의 즉시항고에 집행정지의 효력이 없도록 한 규정을 삭제함(안 제47조제3항).","김성조,김재원,박세환,박재완,배일도,신상진,안상수",법제사법위원회
김성조,61,173098,032357,형의 실효 등에 관한 법률 일부개정법률안,의결,2005-10-27,2008-05-29,임기만료폐기,"■ 제안이유
현행법은 범죄경력자료는 그가 자격정지 이상의 형을 받음이 없이 형의 집행을 종료하거나 그 집행이 면제된 날부터 일정한 기간이 경과한 때에는 형 선고의 효력을 상실케 하고, 피의자에 대한 수사경력자료 역시 일정한 기간이 지나면 수사자료표에서 삭제하도록 되어 있으나, 현재는 범죄경력조회 또는 수사경력조회에 대한 회보를 함에 있어 실효되거나 삭제된 사실도 함께 포함하고 있어 형의 실효제도를 둔 법 취지와 맞지 아니할 뿐만 아니라 해당자들이 재활 및 사회복귀를 하는데 장애가 되고 있어 이를 시정하려는 것임.
■ 주요내용
  범죄경력조회 및 수사경력조회에 대한 회보를 함에 있어 범죄경력자료 중 실효되어 삭제된 수형인명부의 해당란과 수사경력자료 중 일정한 기간이 경과되어 삭제된 수사경력자료의 해당사항은 포함하여서는 아니 됨(제6조제2항 신설).","강재섭,김성조,김태환,이계진,이명규,이상배,이해봉",법제사법위원회
김성조,61,173097,032356,형사소송법 일부개정법률안,의결,2005-10-27,2008-05-29,임기만료폐기,"■ 제안이유
현행법은 법관에 대한 기피신청은 기피를 당한 법관에게 하고 그 법관이 스스로 기피신청에 대한 심사를 하도록 하면서, 그에 대한 기각결정이나 즉시항고가 제기된 경우에도 소송을 계속진행하거나 재판을 집행하도록 하고 있어 재판의 진행 또는 집행이 피고인에게 불리하게 될 우려가 있기 때문에 이런 경우에는 관할 위반인 때를 제외하고 소송진행 또는 재판집행을 정지하도록 하여 피고인의 권익을 보호하고 재판의 공정성을 기하려는 것임.
■ 주요내용
  법관기피신청이 기각된 경우에는 그 기피신청이 관할에 위배된 때를 제외하고 소송진행을 정지하도록 함(안 제22조 및 제23조제2항).","김성조,김재원,박세환,박재완,배일도,신상진,안상수",법제사법위원회
김성조,61,173087,032345,감사원법 일부개정법률안,의결,2005-10-26,2008-05-29,임기만료폐기,"■ 제안이유
국민감사청구제도의 담당 기관은 감사원인데도 현행은 ?부패방지법?에 이에 관한 규정을 두고 있어 법률체계상으로 맞지 아니할 뿐만 아니라 실무적인 측면에서도 감사업무를 담당하는 기관에 대한 법률인 ?감사원법?에 규정하는 것이 효율적이라고 판단되기 때문에 이를 ?부패방지법?상의 국민감사청구에 관한 규정을 삭제하고 이 법에 규정하려는 것임.
■ 주요내용
가. 20세 이상의 국민은 공공기관의 사무처리가 법령위반 또는 부패행위로 인하여 공익을 현저히 해하는 경우 감사원규칙이 정하는 일정한 수 이상의 국민의 연서로 감사원에 감사를 청구할 수 있음(안 제49조제1항 신설).
나. 감사청구된 사항에 대하여는 감사원규칙이 정하는 국민감사청구심사위원회에서 감사실시 여부를 결정하여야 함(안 제51조제1항 신설).
다. 감사원 또는 당해 기관의 장은 감사청구가 이유 없다고 인정하는 때에는 이를 기각하고, 기각을 결정한 날부터 10일 이내에 그 사실을 감사청구인에게 통보하여야 함(안 제51조제3항 신설).
라. 감사원 또는 당해 기관의 장은 감사를 실시하기로 결정한 날부터 60일 이내에 감사를 종결하여야 하고, 감사가 종결된 날부터 10일 이내에 그 결과를 감사청구인에게 통보하여야 함(안 제52조제1항 및 제2항 신설).","강재섭,김성조,김재경,김재원,김태환,엄호성,이계진",법제사법위원회
김성조,61,173086,032344,부패방지법 일부개정법률안,의결,2005-10-26,2007-07-03,대안폐기,"■ 제안이유
국민감사청구는 그 주무 기관이 감사원인데도 이 법에 규정하고 있어 법체계상으로 맞지 아니할 뿐만 아니라, 실무적인 측면에서도 ?감사원법?에 규정하는 것이 더 효율적이라고 판단되기 때문에 이 법에 규정된 국민감사청구권에 관한 조항을 삭제하되 이를 ?감사원법?에 규정하려는 것임.
■ 주요내용
  국민감사청구에 관한 규정을 삭제함(안 제4장 삭제).","강재섭,김성조,김재경,김태환,엄호성,이계진,이명규",법제사법위원회
김성조,61,171825,030661,국회법 일부개정법률안,의결,2005-05-18,2008-05-29,임기만료폐기,"■ 제안이유 및 주요내용
   현재 의안이 발의되어 소관 상임위원회로 회부되어 심의될 때 해당 의안과 직접적인 이해관계가 있는 위원들이 의안을 심사하는 경우가 있는 바, 이는 특정 이해관계로 인해 객관적이고 중립적인 심사를 불가능하게 할 수 있으므로, 의장은 발의 또는 제출된 의안과 직접적인 이해관계를 가지는 위원이 소관상임위원회 재적위원 과반수로 의안의 심사에 공정을 기할 수 없다고 인정하는 경우에는 그 의안을 국회운영위원회와 협의하여 다른 위원회에 회부하여 심사하도록 하려는 것임(안 제81조제3항 신설).","김성조,김재원,김태환,맹형규,박재완,박진,엄호성",국회운영위원회
김성조,61,171267,029748,에너지기본법안,의결,2005-01-11,2006-02-09,대안폐기,"■ 제안이유
  우리나라는 1995년 전면 개정된 에너지이용합리화법을 정점으로 하여 현재 총 256개의 법률들이 다양하고 광범위한 에너지 관련 범주들을 규율하고 있음.
  현행 에너지이용합리화법은 그 구성, 규율범위 및 규율내용에 있어서 실질적 의미의 에너지 관련 기본법으로서는 많은 한계가 있고, 관련 법 또한 각각의 규율대상들을 해당 주무부처에서 개별 관리하도록 되어 있기 때문에 에너지정책의 수립과 집행과정에 서 주무부처와 관련 타 부처와의 업무연계가 상당히 미약하여 최근 정부의 에너지정책에 대한 각계의 불신과 국민갈등이 가중되고 있음. 
  그리고 지금까지 우리나라 에너지 관련 법들은 에너지를 ‘산업적 동력’의 개념으로 파악하여 에너지공급의 안정성을 최우선원칙으로 삼아옴에 따라 에너지와 환경, 사회적 형평성 및 수용성 등에 대해서는 상대적으로 소홀하게 다루어 왔으며, 그로 인한 파생문제에 능동적으로 대처할 수 없다는 한계를 가져 왔음. 
  이에 따라 에너지기본법의 제정을 통하여 우선 형식에 있어서 관련 법제를 총괄 체계화시키도록 하고, 내용에 있어서는 기존 법률에 담지 못한 미래지향적이고 지속가능한 발전을 구현할 수 있는 기반을 마련하려는 것임.
  즉, 에너지정책 수립시 시민, 기업 등 각계의 다양한 의견을 수렴하고, 나아가 정책수립과정에 관련 부처 모두 동등하게 참여하게 하여 에너지정책의 민주성과 실효성 등을 담보하고자 하려는 한편, 에너지의 생산·공급·수송·이용 및 폐기의 전 단계에 걸친 기술적인 효율성 증진, 환경피해의 최소화, 저소득층에 대한 에너지지원을 통한 사회적 형평성의 담보 및 에너지시설 입지시 지역주민의 의견반영대책 등을 법에 명시함으로써 사회적 수용성을 반영하도록 하려는 것임.
■ 주요내용
가. 에너지 계획 및 정책수립·시행에 관한 기본적인 사항을 정함으로써 지속가능한 에너지 관리체계를 구축하고 국민의 복리향상에 이바지 함(안 제1조).
나. 에너지수급의 안정성 제고, 환경친화적·재생가능에너지 생산·이용확대, 관련 분야가 참여하는 통합적인 에너지 계획· 정책수립체계의 확립, 에너지산업 및 에너지원간 공정경쟁, 저소득층 지원 등 사회적 형평성을 제고함(안 제2조).
다. 국가는 장기적인 에너지정책 수립 및 중요한 에너지문제 결정시 관련 부처·관련 분야 전문가 및 민간의 참여를 보장하여 통합적인 에너지 정책 수립체계를 확립함(안 제5조).
라. 지방자치단체는 지역에너지정책과 계획을 수립하고 필요한 사무를 집행함(안 제6조).
마. 에너지공급자는 정부의 에너지정책에 적극 참여하여야 하고, 에너지의 생산ㆍ수입ㆍ전환ㆍ수송ㆍ저장ㆍ이용ㆍ보급 및 폐기시 안정성ㆍ효율성 및 환경친화성을 높이기 위해 필요한 조치를 취하며, 에너지이용자는 에너지 관련 시책에 협력하도록 함(안 제7조 및 제8조).
바. 에너지 관련 계획 및 주요 정책에 관한 사항을 심의ㆍ조정하기 위하여 대통령을 위원장으로 하는 국가에너지위원회를 설치ㆍ운영하고, 지역특성에 맞는 에너지정책을 수립ㆍ시행하기 위하여 국가에너지위원회에 지역에너지위원회를 두도록 함(안 제9조 내지 제11조). 
사. 정부는 5년마다 20년을 계획기간으로 국가에너지기본계획을 국가에너지위원회의 심의를 거쳐 수립하고, 특별시장ㆍ광역시장 또는 도지사는 3년마다 5년 이상을 계획기간으로 하는 지역에너지기본계획을 수립해야 함(안 제13조 및 제14조).
아. 정부는 에너지수급에 중대한 차질이 발생할 상황에 대비하여 국가에너지위원회의 심의를 거쳐 비상시 에너지수급계획을 수립하도록 함(안 제15조 및 제16조).
자. 정부는 에너지기술개발계획을 10년 이상을 계획기간으로 하여 연차별 실행계획을 수립ㆍ시행하여야 하고, 국가에너지위원회의 심의를 거치도록 함(안 제17조 내지 제21조).
차. 국가 및 지방자치단체는 이 법의 목적을 달성하기 위하여 필요한 행정 및 재정상의 조치를 마련하고 재정지원을 함(안 제22조 내지 제24조).
카. 산업자원부장관이 국내외 에너지수급 및 온실가스 배출에 관한 통계 공표 및 에너지총조사 실시를 할 수 있도록 함(안 제25조).
타. 정부는 매년 주요 에너지정책의 집행경과 및 결과를 국회에 보고하도록 함(안 제26조).","강재섭,김광원,김성조,김재원,김태환,맹형규,박재완",산업자원위원회
김성조,61,171175,029556,지역경제활성화를위한공탁금및보관금을지방은행으로의지정촉구건의안,의결,2004-12-17,2005-04-26,수정가결,"","강길부,강성종,강재섭,강창일,고경화,공성진,곽성문",법제사법위원회
김성조,61,171081,029461,국가공무원법중개정법률안,의결,2004-12-07,2008-05-29,임기만료폐기,"■ 제안이유
   자격기본법 규정에서는 국가공인 민간자격을 취득한 자에 대해서 국가자격을 취득한 자와 동등한 대우를 받을 수 있도록 하고 있으나, 현행 국가공무원법에서는 공무원의 채용 시 국가기술자격법 기타 법령에 따른 국가자격을 취득한 자에게만 가산점을 부여할 수 있도록 하고 국가공인 민간자격을 취득한 자를 제외하고 있어 평등권을 침해하므로 이를 개선하여 동등한 대우를 받도록 하려는 것임.
■ 주요내용
  공무원 채용 시 국가자격 취득자뿐만 아니라 국가공인 민간자격 취득자에게도 가산점을 부여할 수 있도록 함(안 제36조의2).","강재섭,공성진,권오을,김성조,김재원,김태환,박세환",행정자치위원회
김성조,61,170275,028311,고위공직자비리조사처신설추진계획백지화촉구결의안,의결,2004-08-13,2008-05-29,임기만료폐기,"","강재섭,김광원,김기현,김석준,김성조,김영덕,김영숙",법제사법위원회
김성조,61,163082,027586,에너지정책기본법안,의결,2003-12-26,2004-05-29,임기만료폐기,"■ 제안이유
산업의 원동력이자 국민생활의 필수요소인 에너지를 효율적으로 관리하기 위하여 그 관리체계를 기존의 산업부문에 국한된 공급중심에서 수요관리중심으로 전환하고 환경과의 연계성 및 사회적 형평성을 고려하기 위하여 각 부처간 이해관계를 통합할 수 있는 국가에너지위원회를 설치할 뿐만 아니라 이를 재정적으로 뒷받침할 재원 근거도 마련함으로써 에너지정책이 지속가능하게 이루어지도록 하려는 것임.
■ 주요골자
1. 에너지정책의 기본원칙을 확립함(안 제4조).
2. 정부·지방자치단체·에너지사용자 및 에너지공급자의 책무를 규정함(안 제5조 내지 제8조).
3. 국가에너지기본계획?지역에너지기본계획을 3년마다 수립하여 시행하도록 함(안 제9조 및 제10조).
4. 에너지부족사태가 발생할 경우를 대비하여 비상대비 에너지수급계획을 수립하도록 함(안 제11조).
5. 국내외 에너지사정의 변동에 따른 에너지의 수급차질에 대비하여 수급안정을 위한 조치를 규정함(안 제12조).
6. 에너지관련 기술의 개발과 보급을 촉진하기 위하여 에너지기술개발에 관한 사항을 규정함(안 제13조 내지 제17조).
7. 에너지관련 주요정책을 수립ㆍ심의하고 예산을 관리하기 위하여 국가에너지위원회를 설치하고 그 구성과 권한에 관하여 규정함(안 제18조 내지 제21조).
8. 에너지관련 재정을 효율적으로 운용하기 위하여 재원 근거를 규정함(안 제22조).
9. 산업자원부장관이 국내외 에너지수급에 관한 통계를 관리?공표하도록 함(안 제26조).
10. 정부가 매년 주요 에너지정책의 집행경과를 국회에 보고하도록 함(안 제27조).
11. 국가에너지위원회의 설치에 관한 사항은 공포후 6월이 경과한 날부터 시행하도록 함(안 부칙). 다만 제22조 제2항 내지 제4항에 의한 특별회계는 공포후 1년 이내에 설치하도록 함.","강인섭,강재섭,권태망,김광원,김락기,김무성,김부겸",산업자원위원회
김성조,61,162772,026545,수도권공장입지규제등수도권과밀억제정책의규제완화반대결의안,의결,2003-10-22,2004-05-29,임기만료폐기,"","권기술,김경재,김락기,김무성,김성조,김학송,서병수",산업자원위원회
김성조,61,162376,024653,집단에너지사업법중개정법률안,의결,2003-06-11,2004-05-29,임기만료폐기,"■ 제안이유 및 주요골자
최근 열병합발전소의 고장으로 인하여 집단에너지 사용자들의 피해가 증가되고 있으나, 집단에너지공급규정의 면책사유 등을 이유로 적절한 손해배상 또는 보상이 이루어지지 않고 있고, 민영화 이후 열 공급단가 인상 등으로 인하여 사용업체들이 안정적인 생산활동에 많은 어려움을 겪고 있는 바, 집단에너지 사용자들이 피해를 방지하기 위하여 비상시를 대비한 열 생산시설을 신설?개설 또는 증설하고자 할 경우에 법률 등에 명백한 허가의 기준도 없이 산업자원부장관의 전적인 재량에 의하여 허가를 하도록 규정하고 있는 동법 제6조를 삭제하여, 집단에너지사용자들이 자유로이 열 생산시설을 신설?개설 또는 증설할 수 있도록 함으로써 안정적인 생산 활동을 보장하려는 것임(안 제6조 삭제).","김락기,김성조,박재욱,박혁규,서병수,신현태,안택수",산업자원위원회
김성조,61,162186,024007,접경지역지원법중개정법률안,의결,2003-04-03,2004-05-29,임기만료폐기,"■ 제안이유 및 주요골자
접경지역지원법은 남북의 분단으로 낙후된 접경지역의 경제발전 및 주민복지향상을 지원하기 위하여 제정된 법임.  동 법률은 그 동안 경제발전에서 소외되어 온 접경지역에 대한 적극적인 지원이 이루어 질 수 있도록 타 법률 등에 우선하여 적용되는 특별법의 성격을 띠고 있음.  
국토의 균형발전과 형평성을 고려할 때, 동 법률의 필요성은 인정된다 하겠으나 비무장지대를 포함한 접경지역이 50여년 이상 자연생태계가 보존되어온 지역임을 감안할 때 접경지역의 개발에 앞서 자연환경의 보전대책 수립이 반드시 필요하다고 판단됨.  
따라서 개정안에서는 동 법률이 우선하여 적용될 수 없는 타 법률에 ‘환경?교통?재해등에관한영향평가법’을 추가하여 접경지역의 개발에 앞서 실질적인 자연환경 보전대책의 수립이 이루어 질 수 있도록 하고자 함(안 제3조).","강인섭,강재섭,권오을,권태망,김경천,김광원,김동욱",행정자치위원회
김성조,61,162024,022806,국가기술자격법중개정법률안,의결,2002-12-02,2003-12-30,대안폐기,"■ 제안이유 및 주요골자
헌법재판소가 국가기술자격 보유자에 대한 자격정지 처분의 정지기간을 대통령령에 위임한 국가기술자격법 제12조제2항중 ""대통령령이 정하는 바에 의하여 일정한 기간"" 부분은 자격정지기간의 범위에 관하여 법률에 아무런 기준을 두지 않은 채 이를 모두 대통령령에 위임하고 있어 위임입법의 한계를 벗어난 포괄적인 위임입법에 해당되어 헌법 제75조에 위반된다고 위헌결정을 함(2002. 6. 27)에 따라 동 규정의 효력이 상실되었으므로 헌법재판소의 결정취지에 반하지 않게 자격정지기간의 범위의 상한선을 법률에서 정하려는 것임(안 제12조제2항 및 제4항).","김성조,,,,,,",환경노동위원회
김성조,61,161649,021532,도로교통법중개정법률안,의결,2002-07-26,2004-05-29,임기만료폐기,"제안이유
현행 도로교통법 제12조제3항에 의하면 우리나라의 차마(車馬)의 통행방향은 도로의 중앙을 기준으로 오른쪽으로 통행하게 되어 있고, 이에 따라 국내에서 제작되거나 수입되는 자동차의 운전석은 자동차의 왼쪽에 부착되어 있음.
그런데 최근 해외에서 이삿짐 또는 중고차량 수입업체 등을 통하여 우리나라 도로교통 상황과 맞지 아니한 오른쪽에 운전석이 위치한 자동차의 반입이 급증하고 있고 이에 따라 교통사고 발생의 가능성이 높은 실정인 바, 오른쪽 운전석 자동차의 운전자에 대하여 특별한 교통안전교육을 받도록 함으로써 우리의 도로체계에 적합하지 않는 자동차의 운행으로 인한 사고발생의 위험을 줄이고자 함.
주요골자
가. 자동차관리법 제3조제1항의 규정에 의한 자동차(이륜자동차를 제외함)의 운전석이 자동차의 중심을 기준으로 왼쪽에 있지 아니한 자동차를 운전하고자 하는 운전자는 대통령령이 정하는 바에 의하여 필요한 교통안전교육을 받아야 하되, 긴급자동차 등 대통령령이 정하는 자동차의 운전자에 대하여는 예외를 인정함(안 제49조제3항).
나. 운전석이 왼쪽에 있지 아니한 자동차를 운전하는 운전자가 필요한 교통안전교육을 이수하지 아니한 경우에는 20만원 이하의 벌금이나 구류 또는 과료에 처하도록 함(안 제113조제1호).","강신성일,강재섭,권오을,김광원,김락기,김부겸,김성조",행정자치위원회
김성조,61,161648,021531,노동조합및노동관계조정법중개정법률안,의결,2002-07-26,2004-05-29,임기만료폐기,"■ 제안이유 및 주요골자
현재 필수공익사업으로 되어있는 석유정제·석유공급사업은 파업으로 인한 업무의 정지가 공중의 일상생활을 현저히 위태롭게 하거나 국민경제를 현저히 저해시킬 수 있는 사업이라고 보기 어려우며, 또한 업무의 대체가 곤란한 사업이라 할 수 없어 필수공익사업에서 제외시키고, 폐수처리사업은 파업으로 업무의 정지가 있게 되면 산업폐수가 방류되어 수질오염이 있게 되고 다시 이것은 국민건강의 침해 및 생태계 등 환경파괴를 야기할 수 있음으로 추가로 필수공익사업에 포함시키려는 것임.","강신성일,김광원,김부겸,김성조,김영춘,김용학,김학송",환경노동위원회
김성조,61,161647,021530,근로기준법중개정법률안,의결,2002-07-26,2004-05-29,임기만료폐기,"■ 제안이유 및 주요골자
독립사업자 형태의 근로자는 실질적으로 사용자의 사업에 편입되어 사용자에게 근로를 제공하고 그 대가로 지급 받는 급여를 유일한 생계의 원천으로 하므로 근로자에 해당함에도 형식적으로는 독립사업자로서의 외양을 띠고 있기 때문에 근로기준법상의 보호영역에서 배제되고 있음.
따라서 독립사업자 형태의 근로자도 근로기준법상의 근로자에 해당함을 명확히 규정하고, 나아가 다양한 고용형태에 의하여 고용과 사용이 분리되고 근로자의 실질적인 근로조건의 결정권자가 형식상의 근로계약 당사자가 아닌 경우가 많은데, 이러한 경우에는 실질적인 근로조건의 결정권이 있는 자를 사용자로 인정하는 규정을 두려는 것임(안 제14조 및 제15조).","강신성일,권오을,김광원,김락기,김문수,김부겸,김성조",환경노동위원회
김성조,61,161420,017535,장애인고용촉진및직업재활법중개정법률안,의결,2002-01-31,2003-12-29,대안폐기,"제안이유 및 주요골자
  현행법상 민간기업이 장애인 의무고용비율에 미달하는 경우 이에 대한 제재로 장애인 고용부담금을 납부하고 있는데 반해 국가 및 지방자치단체가 의무고용비율을 지키지 않았을 때에는 특별한 사후조치가 없는 실정임. 
  이는 형평성에 어긋날 뿐만 아니라 사회적 약자인 장애인들의 고용을 촉진하는데 오히려 부정적인 영향을 미치고 있다고 판단되는 바, 국가 및 지방자치단체도 장애인 의무고용비율에 미달하는 경우 장애인 고용부담금에 상응하는 금액을 기금에 출연하도록 함으로써 국가 및 지방자치단체의 장이 장애인 고용의무를 성실히 이행하도록 하려는 것임(안 제60조제2항).","김성조,박인상,,,,,",환경노동위원회
김성조,61,160901,017016,민방위기본법중개정법률안,의결,2001-08-18,2004-05-29,임기만료폐기,"","강재섭,권기술,김락기,김부겸,김성조,김용학,김원웅",행정자치위원회
김성조,61,160849,016962,소방법중개정법률안,의결,2001-06-25,2004-05-29,임기만료폐기,"","강재섭,김락기,김문수,김부겸,김성조,김용학,김학송",행정자치위원회
김성조,61,160848,016965,정부조직법중개정법률안,의결,2001-06-25,2003-12-23,대안폐기,"","강재섭,김락기,김문수,김부겸,김성조,김용학,김학송",행정자치위원회
