김금래,36,1811732,PRC_S1B1L0D5M0E3T1T8U2E5X3A6S7M0N5,응급의료에 관한 법률 일부개정법률안,계류,2011-05-03,"","","제안이유 및 주요내용
  자동제세동기는 급성심근경색 등에 의한 심정지(心停止)를 외부의 전기적 치료방법으로 되돌리는 데 사용되는 기구로서, 이를 이용하여 심장마비환자에게 심정지가 발생한 후 4～5분 이상이 경과하기 전에 심폐소생술을 시행하는 경우 약 2.5배 이상의 생존율을 높이는 것으로 알려짐. 이에 따라 자동제세동기는 항상 작동되도록 사전 관리가 중요함.  
  그러나 현행법에서 자동제세동기 등 심폐소생술을 행할 수 있는 응급장비를 공공장소에 의무적으로 설치하도록 하고 있으나 관리규정이 없어, 대부분이 설치 이후 관리허술로 인하여 무용지물이 되고 있는 실정임.
  따라서 응급장비를 정기적으로 관리하는 의무를 둠으로써 필요한 응급장비가 적시에 활용되도록 하여 응급조치가 원활히 이루어지도록 하려는 것임(안 제47조의2제2항 신설).","김금래,김세연,박대해,신성범,안효대,원희목,윤석용",보건복지위원회
김금래,36,1811731,PRC_Q1U1U0E5K0W3Q1T8T1L6D5L4R1Y2T4,노인복지법 일부개정법률안,계류,2011-05-03,"","","제안이유 및 주요내용
  한국보건사회연구원 자료에 따르면 2009년 65세 이상 노인 6,745명을 대상으로 실시한 ‘2009년도 전국 노인학대 실태조사’를 분석한 결과 홀로 사는 노인의 건강상태가 일반노인에 비해 상대적으로 나쁜 것으로 나타남에 따라 이들을 위한 보건의료대책 마련이 시급하다고 지적함.
  통계청은 홀로 사는 노인가구가 2010년 102만 가구에서 2020년 151만 가구, 2030년 234만 가구로 급증할 것으로 예측하고 있으며, 그리고 홀로 사는 노인의 절반에 가까운 44.6%가 자신의 건강상태를 부정적으로 평가하고 있는 것으로 나타났음.
  따라서 홀로 사는 노인들을 위하여 유선·무선을 통한 안전확인, 생활교육, 서비스 연계, 가사지원, 활동지원 등 노인돌봄서비스를 제공하도록 함으로써 노인의 복지증진에 기여하려는 것임(안 제27조의2제1항).","김금래,변웅전,원희목,유재중,전여옥,정양석,정옥임",보건복지위원회
김금래,36,1811730,PRC_U1P1G0Y5T0D3K1P8M1F2B2I3W4B1Q4,소방기본법 일부개정법률안,의결,2011-05-03,2012-01-05,폐기,"제안이유 및 주요내용
  화재 현장 최일선에서 사용되는 소방장비는 지속적인 관리가 중요하나, 고가사다리소방차나 굴절사다리소방차 등 특수한 기술력이 집약된 장비조차 소방관의 일상적인 점검과 육안검사 만에 의해 이루어지고 있는 등 체계적인 관리 시스템이 없는 실정임. 이로 인해 노후된 소방장비를 그대로 사용하여 소방장비 안전사고가 잇따르고 있음.
  따라서 전문 조직에 의해 소방장비에 대한 정기점검이 이루어질 수 있도록 함으로써 소방공무원의 안전을 도모함과 동시에 국민의 생명과 재산을 지키는 소방서비스의 질적 향상에 기여하려는 것임(안 제8조의2 신설).","김금래,김세연,손숙미,원희목,유재중,전여옥,정양석",행정안전위원회
김금래,36,1811729,PRC_S1J1U0X5K0I3D1S7E4W6I3R8D7U0S6,의료법 일부개정법률안,계류,2011-05-03,"","","제안이유 및 주요내용
  중환자실은 여러 긴급의료장치와 의료인력을 갖추고 환자의 생명과 직결될 수 있는 진단 및 치료를 하는 곳으로 서울대병원 연구결과에 따르면 실제로 중환자실에 배치된 전공의가 2명 미만인 경우 중환자실 환자의 사망위험이 높아진다고 보고된 바 있음.   
  그러나 현행법 시행규칙에서 중환자실에 전담의사를 둘 수 있다고 임의적으로 규율하고 있을 뿐이며, 의료기관이 인력배치에 따른 비용부담 등의 이유로 소극적인 태도를 보이는 경우가 적지 않음. 대한중환자의학회가 발표한 ‘2009년도 중환자실 백서’에 따르면 국내 220개 병원의 중환자실 가운데 30%가 전담의사 없이 운영되고 있으며, 전담의사가 있는 곳도 대부분 수련의사들에게 맡겨져 있어 전문의사가 배치된 중환자실(신생아실 제외)은 전체의 9.3%인 17개에 불과한 실정임. 
  이에 중환자실에 전담의사를 두는 것을 의무화 함으로써 환자의 건강 및 생명을 보장하려는 것임(안 제36조제2항 신설).","김금래,김세연,박대해,신성범,안효대,유재중,전여옥",보건복지위원회
김금래,36,1810886,PRC_W1B1A0V2B2H1V1Y5W2N3W2T0H2M8H5,영유아보육법 일부개정법률안,계류,2011-02-21,"","","제안이유
  정부가 영유아보육서비스의 공공성과 안정성을 보장하기 위한 각종 정책을 도입하는 가운데 보육예산 또한 대폭 증가하였고, 이에 보육예산의 투명성 확보 등을 위하여 2009년도부터 아이사랑카드 제도가 시행되고 있음.
  아이사랑카드 사업의 시행으로 인하여 부모의 보육에 대한 참여와 관심이 늘어나고, 어린이집의 행정업무 부담이 경감되며, 정부의 보조금 관리 효율성이 높아지는 등 여러 긍정적 효과를 나타내고 있으나, 다른 한편으로 새로운 보육료 지원체계에 따라 보육시설이 보육료 등을 신청하는 과정에서 보육료나 필요경비를 과오납하는 경우가 발생하는 경우가 있음.
  현행법은 보육시설의 설치·운영자가 보조금 교부기준을 위반하여 비용 및 보조금을 받은 경우 비용 등의 반환명령을 하는 한편, 시설운영정지나 그 밖의 행정처분을 할 수 있도록 하고 있음.
  그런데 위법·부당한 행위에 대하여 뿐만 아니라 단순 과오납 등이 발생한 경우까지 시설운영정지 등의 행정처분을 받게 되는 경우가 있어 안정적인 영유아보육서비스 제공에 지장을 초래하고 있음.
  따라서 보육시설의 설치·운영자가 보육료와 그 밖의 필요경비를 과오납하는 경우 이를 반환하도록 하고, 이를 위반한 보육시설에 시정을 명할 수 있도록 하며, 시정명령을 이행하지 아니하는 경우에는 시설운영정지 등을 명하도록 함으로써 안정적인 영유아보육서비스 제공 환경을 조성하여 저출산 문제의 해결에 도움을 주려는 것임.  
주요내용
  보육시설의 설치·운영자는 보육료와 그 밖의 필요경비 등이 과오납된 경우 및 보육시설 이용을 신청한 자가 신청을 취소한 경우 등에 이미 받은 보육료와 그 밖의 필요경비를 반환하도록 하고, 이를 위반 시 보건복지부장관, 시·도지사 또는 시장·군수·구청장은 해당 보육시설의 장 또는 그 설치·운영자에게 기간을 정하여 그 시정을 명할 수 있도록 함(안 제38조의2 및 제44조제5호의2 신설).","공성진,김금래,김혜성,유성엽,이두아,이사철,이애주",보건복지위원회
김금래,36,1810814,PRC_H1R1U0W2O1F4L1R7V5S3E1N9Q9S7F2,어린이 식생활안전관리 특별법 일부개정법률안,계류,2011-02-14,"","","제안이유
  어린이 기호식품의 품질인증 제도는 식품의약품안전청이 2009년 5월 안전하고 영양을 고루 갖춘 어린이 기호식품의 생산과 판매를 권장하기 위하여 마련한 제도로 품질인증을 받은 제품을 현행법에서 정하고 있는 인증마크나 문자 등을 표시할 수 있도록 하고 있음.
  그런데 학교주변의 문구점 및 노점상 등에서 아직도 질 낮은 원료를 사용하거나 금지된 색소를 사용한 불량제품이 판매되고 있어 어린이의 성인병, 소아비만 등을 유발시키는 원인이 되고 있으며, 품질인증을 받은 제품도 사후관리가 철저히 이루어지지 못하고 있는 실정임.
  따라서 품질인증을 받은 제품이 일정한 품질을 유지할 수 있도록 지속적으로 모니터링 업무를 할 수 있는 법적 근거를 마련함으로써 어린이들이 안전하고 양질의 식품을 섭취할 수 있도록 하여 어린이들의 건강을 보호하고 증진시키려는 것임.
주요내용
  식품의약품안전청장은 품질인증식품의 품질을 일정하게 유지시키기 위하여 품질인증식품에 대한 모니터링을 실시하도록 함(안 제15조의2 신설).","김금래,김세연,박준선,원희목,유재중,이춘식,정옥임",보건복지위원회
김금래,36,1810813,PRC_T1L1X0R2F1R4K1P7V5C2Z1G3Q7C1K4,식품위생법 일부개정법률안,계류,2011-02-14,"","","제안이유
  식품의약품안전청은 모든 단계의 식품이력정보를 소비자에게 제공하고 식품 안전사고가 발생할 경우 신속한 원인규명 및 회수·폐기 등 안전조치를 위한 식품이력추적관리제도를 2008년 6월부터 시행하고 있음.
  그런데 식품의약품안전청의 2010년 상반기에 접수된 이물 보고 현황에 따르면, 2010년 6월까지 식품이물 사고는 총 4,217건으로 2009년 6월 대비 약 5배 증가한 것으로 나타나 식품 안전에 대한 국민들의 불안감을 증폭시키고 있음.
  따라서 식품이력추적관리 등록의 유효기간을 폐지하고, 영업자가 식품이력추적관리 등록제품의 관리상황을 주기적으로 보고하도록 함으로써 등록제품의 안전성을 확보하여 국민건강을 보호하고 증진하는데 이바지하려는 것임. 
주요내용
  식품이력추적관리를 등록한 식품을 제조·가공 또는 판매하는 자는 해당 식품의 관리상황을 식품의약품안전청장에게 보고하도록 함(안 제49조의2 신설).","김금래,김세연,박준선,원희목,유재중,이애주,이춘식",보건복지위원회
김금래,36,1810812,PRC_J1T1X0C2E1X4C1G7G5A0D5Q5F4N0M2,건강기능식품에 관한 법률 일부개정법률안,계류,2011-02-14,"","","제안이유
  식품의약품안전청은 건강기능식품에 대해 제조, 가공부터 판매에 이르기까지 각 단계별로 정보를 기록·관리하여 해당 건강기능식품의 안전성에 문제가 발생할 경우 신속한 원인규명 및 필요한 조치를 취하기 위한 건강기능식품이력추적관리제도를 2008년 9월부터 시행하고 있음.
  그런데 식품의약품안전청이 국회에 제출한 ‘최근 5년간 건강기능식품 부작용 접수 현황’에 따르면, 부작용 접수 건수는 2006년 1월부터 2010년 6월까지 총 378건으로 건강기능식품 복용에 따른 소비자들의 신고건수가 해마다 증가하고 있어 건강기능식품의 안전성이 우려되고 있는 실정임.
  따라서 건강기능식품이력추적관리 등록의 유효기간을 폐지하고, 식품의약품안전청이 등록제품을 정기적으로 점검하고 평가할 수 있도록 함으로써 등록제품의 안전성을 확보하여 국민건강을 보호하고 증진하는데 이바지하려는 것임.
주요내용
  식품의약품안전청장은 이력추적관리를 등록한 건강기능식품에 대하여 점검과 평가를 정기적으로 실시하도록 함(안 제22조의2제7항 신설).","김금래,김세연,박준선,원희목,유재중,이정선,이춘식",보건복지위원회
김금래,36,1810552,PRC_X1X1P0Q1D0L3B1H6A0S5X2G8O2B4K1,응급의료에 관한 법률 일부개정법률안,계류,2011-01-03,"","","제안이유
  최근 국제적인 행사가 증가하고 사회적으로 국민의 문화에 대한 욕구를 충족할 수 있는 대규모 축제, 공연 및 행사가 증가하고 있음. 
  그러나 대규모로 열리는 공연, 집회 및 행사의 경우 한정된 장소에 수많은 관중이 동시에 집중되기 때문에 뜻하지 않은 대형 사고가 발생할 가능성이 커지고 이로 인한 인명피해가 생길 우려가 있음에도 불구하고 현행법상 공연, 집회 및 행사에 다수의 응급환자의 발생에 대비한 응급의료체계에 관한 규정이 미비함. 
  따라서 공연, 집회 및 행사가 열리는 경우 응급환자의 발생에 대비하여 구급차를 대기하도록 함으로써 응급의료체계를 더욱 강화하여 국민건강을 보호하려는 것임. 
주요내용
  구급차의 용도에 대규모 공연·집회·행사장 등에서 발생하는 응급환자 이송 대기를 추가하도록 함(안 제45조제1항제5호 신설).","김금래,김세연,박준선,안형환,오제세,원희목,윤상일",보건복지위원회
김금래,36,1810320,PRC_I1R0L1P2M1M5Q1R4T5J5U1C1A7F4W9,건강기능식품에 관한 법률 일부개정법률안,계류,2010-12-15,"","","제안이유
  현재 건강기능식품을 판매하고자 하는 경우 「약사법」 제20조에 따라 개설 등록한 약국을 제외하고 모두 「건강기능식품에 관한 법률」에 따라 영업신고를 하도록 하고 있어, 소비자의 건강기능식품 선택의 기회가 제한되고, 선진국(미국, 일본)의 자율판매 사례와 비교 시 과도한 의무부과로 인하여 영세 자영업자의 부담으로 건강기능식품 산업발전을 저해하고 있음.
 이에 영업신고 완화 대상 확대를 통한 소비자의 선택의 기회 보장과 영세 자영업자의 과도한 부담을 합리적으로 개선하여 건강기능식품 산업발전과 국민건강증진에 이바지하려함.
주요내용
  300제곱미터 미만의 영업장에서 판매할 경우 건강기능식품판매업 신고대상에서 제외하도록 함(안 제6조제2항 단서).","김금래,김을동,박대해,박준선,신성범,오제세,이사철",보건복지위원회
김금래,36,1810309,PRC_C1U0A1D2Q1I4K1D1N4K4L1Z2Z8E8C2,도시가스사업법 일부개정법률안,계류,2010-12-14,"","","제안이유
  현행법은 일반도시가스사업자로 하여금 지리·환경·지형 등과 같은 여건으로 가스공급이 부적절한 경우와 그 밖에 정당한 사유가 있는 경우외에는 그 허가받은 공급권역에 있는 가스사용자에게 도시가스의 공급을 거절하거나 공급이 중단되게 하여서는 아니 된다고 규정하고 있으나, 실제로는 도시가스요금이 체납될 경우 가스공급을 중단하고 있는 실정임.
  그러나 도시가스는 현대사회에서 기본적인 삶을 유지하는데 필수적인 재화로서 이를 공급받지 않고서는 정상적인 생활을 유지하기가 어려우며, 특히 도시가스요금을 납부하지 못할 정도의 빈곤가구에 대한 가스공급 중단조치는 난방·취사 등 최소한의 기초생활을 유지할 권리를 침해할 수 있음.
  따라서 도시가스사업자로 하여금 도시가스의 공급거절 시 2개월 이상의 유예기간을 설정하도록 하여 이를 도시가스사용자에게 서면으로 통보하도록 하고, 아울러 도시가스공급에 있어 장애인, 기초생활수급권자 등에 대한 지원제도가 미흡한 실정이므로 장애인, 기초생활수급권자, 차상위계층 등에 대하여 도시가스요금을 할인하여 줄 수 있도록 하며, 지식경제부장관이 해당 도시가스사업자에 대하여 예산의 범위에서 필요한 지원을 할 수 있도록 하려는 것임.
주요내용
  가. 일반도시가스사업자가 도시가스의 공급을 거절하려는 경우에는 2개월 이상의 유예기간을 두고 공급 거절의 사유 등을 가스사용자에게 서면으로 통지하도록 함(안 제19조제2항 신설).
  나. 일반도시가스사업자로 하여금 교육시설·사회복지시설 등 대통령령으로 정하는 공익시설과 장애인, 기초생활 수급권자, 차상위계층, 자녀수가 3인 이상인 가구에 대하여 공급규정으로 정하는 바에 따라 도시가스요금을 할인할 수 있도록 함(안 제20조제7항 신설).
  다. 지식경제부장관은 도시가스요금을 할인하여 주는 일반도시가스사업자에 대하여 지식경제부령으로 정하는 바에 따라 예산의 범위에서 필요한 지원을 할 수 있도록 함(안 제20조제8항 신설).","김금래,박준선,손숙미,안홍준,오제세,유재중,윤석용",지식경제위원회
김금래,36,1810308,PRC_L1P0Y1R2K1Q4V1U1U4E2M1U9X5S4B2,전기사업법 일부개정법률안,계류,2010-12-14,"","","제안이유
  현행법상 전기판매사업자는 정당한 사유 없이 전기의 공급을 거부할 수 없도록 규정하고 있으나, 실제로는 전기요금이 체납될 경우 단전조치를 하고 있는 실정임.
  그러나 전기는 현대사회에서 기본적인 삶을 유지하는데 필수적인 재화로서 이를 공급받지 않고서는 정상적인 생활을 유지하기가 어려우며, 특히 전기요금을 납부하지 못할 정도의 빈곤가구에 대한 단전조치는 최소한의 기초생활을 유지할 권리를 침해할 수도 있음.
  따라서 전기판매사업자로 하여금 전기의 공급거절 시 2개월 이상의 유예기간을 설정하도록 하여 이를 전기사용자에게 서면으로 통보하도록 하고, 아울러 현재 전기공급약관에서 규정하고 있는 장애인, 기초생활수급권자, 차상위계층 등에 대한 전기요금 할인제도의 법적 근거를 마련하려는 것임.
주요내용
  가. 전기판매사업자가 전기의 공급을 거절하려는 경우에는 2개월 이상의 유예기간을 두고 공급 거절의 사유 등을 전기사용자에게 서면으로 통지하도록 함(안 제14조제2항 신설).
  나. 전기판매사업자로 하여금 교육시설·사회복지시설 등 대통령령으로 정하는 공익시설과 장애인, 기초생활 수급권자, 차상위계층, 자녀수가 3인 이상인 가구에 대하여 약관으로 정하는 바에 따라 전기요금을 할인할 수 있도록 함(안 제16조제6항 신설).","김금래,박준선,손숙미,안홍준,오제세,유재중,윤석용",지식경제위원회
김금래,36,1809822,PRC_W1H0R1E1C0Y5T1N6R0R3R3T3U7Y4J5,여성발전기본법 일부개정법률안,계류,2010-11-05,"","","제안이유
  성인지통계는 남녀불평등사항을 점검하여 양성평등 이정표를 제시하고, 성별영향평가와 성인지예산 사업에 많이 활용되고 있으나, 우리나라의 경우 2008년 기준 성별분리가 가능한 국가승인통계 713개 중 28.5퍼센트, 중앙행정기관 발간 주요 통계간행물 34종 중 13.3퍼센트만이 성별 분리를 실시하는 등 성인지통계의 생산·보급이 미흡하여 이와 관련된 통계자료를 적절히 제시하지 못하거나 활용에 많은 어려움을 겪고 있는 실정임.
  또한, 경제협력개발기구나 유엔개발기구 등 성평등 관련 국제기구에 제출하는 성인지통계가 정부 각 부처별로 다양하게 이루어지고 있어 이에 관한 종합적이고 체계적인 관리가 필요한 실정임. 
  따라서 여성가족부장관이 성인지통계를 체계적이고 종합적으로 지정·관리할 수 있는 법적 근거를 마련함으로써 국제기구에 제출하는 성인지통계의 신뢰성을 확보하고, 양성평등 관련 국제지수를 올리며, 성별영향평가 및 성인지예산 사업의 내실화를 도모하려는 것임. 
주요내용
  가. 국가와 지방자치단체는 성별영향평가와 성인지(性認知)예산 등의 효율적인 수행을 위하여 여성과 남성의 조건과 사회참여 및 서로 다른 특성 등을 보여주는 성인지통계를 생산·보급하도록 하고, 여성가족부장관은 성인지통계를 지정·관리할 수 있도록 함(안 제13조의2 신설).
  나. 여성가족부장관은 성인지통계에 관한 연차보고서를 작성하여 정기국회 개회 전까지 국회에 제출하도록 함(안 제36조).","권영진,김금래,김소남,김혜성,김호연,손범규,원희목",여성가족위원회
김금래,36,1809821,PRC_N1E0K1O1J0T5X1V6B0U1Y2G9Y2S2C6,성매매알선 등 행위의 처벌에 관한 법률 일부개정법률안,계류,2010-11-05,"","","제안이유 및 주요내용
  이 법에 따른 성매매피해자와 성매수자들은 현행 「성매매방지 및 피해자보호 등에 관한 법률」 의하여 성매매피해자에 대하여 생활의 보호·취업의 지원·질병치료 등의 보조를, 성매수자들에 대하여는 재범방지 교육의 실시 등을 규정하고 있으나 이에 드는 비용에 대하여는 대통령령 등으로 위임을 하고 있을 뿐임. 이에 이 법 제25조에 따라 몰수·추징된 금품 등을 재범방지교육과 피해여성의 자활을 위하여 사용하도록 하는 근거를 명문으로 규정하여 성매매방지활동과 성매매피해자의 자활을 적극 도울 수 있도록 하려는 것임(안 제25조의2 신설).","김금래,김상희,김세연,김정,김혜성,신상진,원희목",법제사법위원회
김금래,36,1809300,PRC_F1R0P0L9J0Y9E1C5C2Z3O0A8G3W5I1,정보통신망 이용촉진 및 정보보호 등에 관한 법률 일부개정법률안,계류,2010-09-09,"","","제안이유
  최근 정보통신기술의 발달로 많은 사람들이 의사소통 또는 정보공유를 위하여 개인 블로그나 홈페이지 등을 개설·운영하고 있음. 그러나, 이용자가 사망한 경우 개설된 블로그나 홈페이지 등을 제3자가 관리하는 것은 현행법상 현실적으로 불가능한 실정임.
  한편 정보통신서비스 이용자가 사망하는 경우 인터넷상의 전자우편, 게시판과 같은 개인정보는 일신전속권으로서 상속의 대상이 되지 않기 때문에 사망자 명의도용 등으로 인한 개인정보유출의 문제가 발생하고 있음.
 이에 이용자가 사망한 경우 이용자의 배우자, 2촌 이내의 친족 또는 이용자가 사전에 지정한 자 등은 이용자의 개인정보 보호 및 관리를 위하여 필요한 때에는 정보통신서비스 제공자 등에게 사망자의 블로그나 홈페이지 등의 관리에 필요한 조치를 요청할 수 있도록 함으로써 제3자에 의한 관리가 가능하도록 하려는 것임.
  또한 이용자가 사망하는 경우 대법원장은 사망신고를 받은 날부터 6개월 이내에 정보통신서비스의 유형별 일일 평균 이용자 수가 10만 명 이상이면서 대통령령으로 정하는 기준에 해당하는 정보통신서비스 제공자에게 이용자의 성명 및 주민등록번호를 통보하도록 하고, 이 통보에 따라 정보통신서비스 제공자는 사망자의 개인정보를 파기하도록 함으로써 사망자 개인정보의 보호를 강화하려는 것임.
주요내용
  가. 이용자의 배우자, 2촌 이내의 친족 또는 「민법」 제928조에 따른 후견인은 이용자가 사망한 경우 이용자의 개인정보 보호 및 관리를 위하여 정보통신서비스 제공자등에게 사망자의 블로그 또는 홈페이지 등의 관리에 필요한 조치를 이용자 사망신고 후 6개월 이내에 요청할 수 있도록 함(안 제25조의2제1항 신설).
  나. 정보통신서비스 제공자등은 사망자의 개인정보 보호 및 관리를 위하여 필요하다고 판단하는 경우 배우자 등에게 사망자의 블로그 또는 홈페이지 등을 관리하게 할 수 있도록 함(안 제25조의2제2항 신설).
  다. 대법원장은 「가족관계의 등록 등에 관한 법률」 제84조에 따라 사망신고를 받은 날부터 6개월 이내에 정보통신서비스의 유형별 일일 평균 이용자 수가 10만 명 이상이면서 대통령령으로 정하는 기준에 해당하는 정보통신서비스 제공자에게 이용자의 성명 및 주민등록번호를 통보하도록 함(안 제28조의3 신설).
  라. 정보통신서비스 제공자 등은 대법원장으로부터 사망자 통보를 받은 경우 배우자 등이 관리할 수 있도록 요청한 블로그 또는 홈페이지 등을 제외한 해당 개인정보를 지체 없이 파기하도록 함(안 제29조제5호 신설).","고승덕,권영진,김금래,김세연,박주선,심재철,유재중",문화체육관광방송통신위원회
김금래,36,1809299,PRC_Z1T0R0J9Z0R9M1U5H2R1M3D6T3V1F0,성매매알선 등 행위의 처벌에 관한 법률 일부개정법률안,계류,2010-09-09,"","","제안이유 및 주요내용
  성매매를 한 자의 재범 방지를 위해서는 성매매의 위험성과 반인권성에 대한 교육을 실시하는 것이 효과적이므로 성매매를 한 자가 재범 방지 교육을 받을 것을 조건으로 검사가 기소를 유예할 수 있도록 법적 근거를 명확히 하고, 재범 방지 교육에 드는 비용은 교육을 받는 자가 부담하도록 하려는 것임(안 제12조의2 신설).","고승덕,김금래,김세연,김혜성,박주선,유재중,이명수",법제사법위원회
김금래,36,1809221,PRC_R1Q0G0F8D3Q1D1U5S4U6C5I4V5A2P3,자동차손해배상 보장법 일부개정법률안,의결,2010-08-31,2012-01-26,폐기,"제안이유 및 주요내용
  자동차보험진료수가와 관련해 분쟁을 예방하거나 신속히 해결하기 위한 제도적 장치로 자동차보험진료수가 분쟁심의위원회를 운영하고 있으나, 위원회의 핵심 기능인 심사·조정 절차가 1심만으로 끝나게 되어 있어 제도적 보완이 필요함. 
  현행 규정은 심사결과에 대해 재심을 청구할 수 없고 이의가 있는 경우 행정소송을 제기하도록 하고 있는데 실질적으로 소액에 대해 소송을 제기하는 것은 경제성이 없어 이의가 있는 경우라 하더라도 대부분 조정결과를 그대로 받아들이는 문제점이 있음. 
  참고로 건강보험 제도를 운영하는 건강보험심사평가원의 경우 3차까지 이의를 제기 할 수 있고, 손해보험업계 역시 사실상 2심제를 운용하고 있어 제도운영의 형평성 측면에서도 개선되어야 할 필요가 있음.
  따라서 자동차진료수가 분쟁심의위원회의 진료비심사에 대해 이의가 있을 경우 재심청구를 할 수 있도록 하려는 것임(안 제17조제1항제1호 및 제21조제2항).","김금래,김세연,박민식,성윤환,안규백,원희목,유재중",국토해양위원회
김금래,36,1808689,PRC_T1E0Z0T6Y2V8W1F6V0C8Z3C7H4C9T9,정보통신망 이용촉진 및 정보보호 등에 관한 법률 일부개정법률안,계류,2010-06-28,"","","■ 제안이유 및 주요내용 
  법률 제44조의5에서는 일정 규모이상의 정보통신서비스 제공자로 하여금 게시판 이용자의 본인 확인을 위한 조치를 하도록 의무를 부과하고 있으며, 동법 시행령 제29조에서는 ①공인인증기관 등을 통하여 본인임을 확인할 수 있는 수단의 마련, ②본인확인정보 유출방지 기술의 마련, ③본인확인정보의 보관기간 등에 관하여 규정하고 있음.
  그러나 이와 같은 시행령 규정의 위임근거가 되는 법률 제44조의5제1항에서는 본인확인을 위한 방법 및 절차를 마련하도록 규정하고 있을 뿐, 그 유출을 방지하기 위한 의무의 부과나 본인확인정보의 보관기간에 대해서는 별도로 규정하지 않고 있어 이에 대한 내용을 법률에서 명시적인 근거를 마련하고자 함.(제44조의5에 동법 시행령 제29조제2호 및 제3호에 대한 위임근거 규정 신설)","김금래,김세연,박대해,손숙미,신성범,유재중,이사철",문화체육관광방송통신위원회
김금래,36,1808101,PRC_X1M0R0M4Z0C6X1D6Q4A6S2W4Z5U6S4,청소년활동진흥법 일부개정법률안,의결,2010-04-06,2010-04-28,대안폐기,"◎ 제안이유 
  청소년의 건전한 육성 및 활동 지원을 위해 「청소년기본법」 및  「청소년활동진흥법」은 ‘한국청소년진흥센터’와 ‘한국청소년수련원’의 설치를 각각 규정하고 있음. 그러나 두 기관의 업무가 거의 유사하여 업무중복 및 효율성의 문제가 제기되어옴. 
  이에 청소년 관련 업무의 효율성을 높이고 청소년활동분야의 중추기관으로서의 위상을 정립하기 위하여, 「청소년기본법」상 ‘한국청소년진흥센터’와 「청소년활동진흥법」상 ‘한국청소년수련원’을 통합하여  「청소년활동진흥법」상의 ‘한국청소년활동진흥원’으로 설치하고자 함.
◎ 주요내용
  가. 청소년 분야 유사 공공기관인 한국청소년진흥센터와 한국청소년수련원을 통합하여 단일 조직인 한국청소년활동진흥원을 설치함(안 제6조).
  나. 한국청소년활동진흥원의 정관, 임원, 사업계획서 및 예산서, 결산서 등에 관한 사항은 「공공기관의 운영에 관한 법률」에 맞게 규정함(안 제6조의2부터 제6조의7까지 신설).
  다. 한국청소년활동진흥원 또는 이와 유사한 명칭을 사용하지 못하도록 함(안 제6조의8 신설).
  라. 한국청소년활동진흥원의 정보 제공 사업 종사자는 「형법」 적용에 있어 공무원으로 봄(안 제6조의9 신설).
  마. 한국청소년진흥센터 및 한국청소년수련원의 기관 명칭을 한국청소년활동진흥원으로 변경함(안 제7조, 제8조, 제9조, 제35조, 제37조, 제66조, 제67조).
◎ 참고사항
  이 법률안은 김금래의원이 대표발의한 「청소년기본법 일부개정법률안」(의안번호 제8099호)의 의결을 전제로 하는 것이므로 같은 법률안이 의결되지 아니하거나 수정의결 되는 경우에는 이에 맞추어 조정되어야 할 것임.","강성천,김금래,김무성,손범규,유재중,이사철,이애주",여성가족위원회
김금래,36,1808099,PRC_U1N0M0A4X0B6P1E6J4S4G4W9K7F5T7,청소년기본법 일부개정법률안,의결,2010-04-06,2010-04-28,대안폐기,"◎ 제안이유
  청소년의 건전한 육성 및 활동 지원을 위해 「청소년기본법」 및 「청소년활동진흥법」은 ‘한국청소년진흥센터’와 ‘한국청소년수련원’의 설치를 각각 규정하고 있음. 그러나 두 기관의 업무가 거의 유사하여 업무중복 및 효율성의 문제가 제기되어옴. 
  이에 청소년 관련 업무의 효율성을 높이고 청소년활동분야의 중추기관으로서의 위상을 정립하기 위하여, 「청소년기본법」상 ‘한국청소년진흥센터’와 「청소년활동진흥법」상 ‘한국청소년수련원’을 통합하여  「청소년활동진흥법」상의 ‘한국청소년활동진흥원’으로 설치하고자 함.
◎ 주요내용
  가. 동 법에 명시된 한국청소년진흥센터와 관련한 설치근거, 정관 및 임원 임명, 벌칙 조항 등 일체의 사항을 삭제함(제31조부터 제39조까지 삭제, 안 제58조제1항부터 제3항까지, 제64조제2호 삭제, 안 제66조제1항제1호).
  나. 청소년육성기금의 위탁대상 기관 중 하나로 명시된 “진흥센터”를 “「청소년활동진흥법」 제6조에 따른 한국청소년활동진흥원”으로 수정함(안 제53조제3항).","강성천,김금래,김무성,손범규,유재중,이사철,이애주",여성가족위원회
김금래,36,1807963,PRC_F1W0Y0I3Y2V5S1S1Y4A3Z1E7Y2K2N0,정보통신망 이용촉진 및 정보보호 등에 관한 법률 일부개정법률안,계류,2010-03-25,"","","제안이유
  초고속인터넷의 보급 및 인터넷 이용자 증가 등에 따라, 광고시장에서 인터넷 광고가 차지하는 비중이 2008년 16.9%에 이르는 등 인터넷 광고시장이 지속적으로 커지고 있음. 그러나 인터넷 광고에 있어 유해성 및 허위·과대 광고에 대한 문제가 지속적으로 제기되고 있음에도 불구하고, 법적 근거가 없어 실효적인 규제를 하지 못하고 있음. 
  이에 방송통신심의위원회로 하여금 법령에서 금지하거나 제한하는 상품 또는 서비스에 대한 인터넷 광고를 규제하도록 함으로써, 인터넷 광고로 인한 국민들의 피해를 방지하고 건전한 인터넷 환경을 조성하고자 함.
주요내용 
  정보통신망을 통한 유통이 금지되는 불법정보 유형에 “법령에서 금지하거나 제한하는 상품 또는 서비스를 광고하는 내용의 정보”를 추가함(안 제44조의7제1항제5호의2 신설).","권영진,김금래,김무성,김세연,김태원,박순자,성윤환",문화체육관광방송통신위원회
김금래,36,1807910,PRC_D1I0K0P3O1T9K1K5T5V9L3Z3N5V3C3,학교안전사고 예방 및 보상에 관한 법률 일부개정법률안,의결,2010-03-19,2011-12-30,대안폐기,"제안이유 및 주요내용
  2005년 헌법재판소가 헌법상 평등의 원칙에 위배된다는 이유로 호주제에 대해 헌법불합치 결정을 내림에 따라, 호주제 폐지를 골자로 하는 「민법」개정이 이루어지고 「호적법」을 대체하기 위한 「가족관계의 등록 등에 관한 법률」이 2008년부터 시행됨. 그러나 현행법상 여전히 호적상 관념적인 가족단체를 의미하는 ‘호적상 가(家)’라는 표현이 남아 있음. 
  이에 “호적상 가(家)”라는 표현을 “가족관계등록부상 가족관계 등록사항”으로 변경하여, 국민들의 혼란을 없애고 호주제 폐지에 담겨있는 양성평등의 의미를 되새기고자 함(안 제39조제1항제2호).","김금래,김세연,박은수,신낙균,신영수,안홍준,원희룡",교육과학기술위원회
김금래,36,1807909,PRC_M1B0J0Y3W1S9H1S5J5O8J4H7Z7W9T4,기초노령연금법 일부개정법률안,계류,2010-03-19,"","","제안이유 및 주요내용
  2005년 헌법재판소가 헌법상 평등의 원칙에 위배된다는 이유로 호주제에 대해 헌법불합치 결정을 내림에 따라, 호주제 폐지를 골자로 하는 「민법」 개정이 이루어지고 「호적법」을 대체하기 위한 「가족관계의 등록 등에 관한 법률」이 2008년부터 시행됨. 그러나 현행법상 여전히 「호적법」이라는 표현이 남아 있음.
  이에 「호적법」을 「가족관계의 등록 등에 관한 법률」로 변경하여, 국민들의 혼란을 없애고 호주제 폐지에 담겨있는 양성평등의 의미를 되새기고자 함(안 제18조).","김금래,김세연,박은수,신낙균,신영수,안홍준,원희룡",보건복지위원회
김금래,36,1807908,PRC_Z1C0B0M3R1S9L1N5D5U7A5T9O4Z5Q1,공직선거법 일부개정법률안,계류,2010-03-19,"","","제안이유 및 주요내용
  2005년 헌법재판소가 헌법상 평등의 원칙에 위배된다는 이유로 호주제에 대해 헌법불합치 결정을 내림에 따라, 호주제 폐지를 골자로 하는 「민법」 개정이 이루어지고 「호적법」을 대체하기 위한 「가족관계의 등록 등에 관한 법률」이 2008년부터 시행됨. 그러나 현행법상 여전히 구 「민법」 제826조제3항 “처는 부의 가(家)에 입적한다”는 규정에 근거한 ‘출가한 딸’이라는 표현이 남아 있음. 
  이에 “출가한 딸”이라는 표현을 “결혼한 딸”로 변경하여, 국민들의 혼란을 없애고 호주제 폐지에 담겨있는 양성평등의 의미를 되새기고자 함(안 제49조제4항제4호 및 제65조제7항제1호).","김금래,김세연,박은수,신낙균,신영수,안홍준,원희룡",정치개혁특별위원회
김금래,36,1807793,PRC_Z1Q0U0Y3L0J3B1R4Z5T3J5A5I3U5E3,한부모가족지원법 일부개정법률안,의결,2010-03-03,2011-03-11,대안폐기,"제안이유
  2005년 현재 한부모가족은 136만여 가구로서 2000년 112만여 가구에서 20퍼센트 이상 급증한 것이며, 경기불황의 여파로 인한 이혼, 배우자 가출 증가 등의 이유로 이러한 증가추세는 계속될 것으로 전망되고 있음. 이에 따라 정부에서는 한부모가족의 경제적, 정서적 문제들이 가정해체, 아동유기 등으로 연결되지 아니 하도록 아동양육비, 아동교육지원비 및 국민주택의 분양·임대에 있어 우선권 부여 등의 지원을 하고 있음.
  그러나 한부모가족 중 18세 이상(취학 중인 경우는 22세 이상)의 자녀가 있는 경우 18세 미만(취학 중인 경우는 22세 미만)인 다른 자녀는 아무런 지원을 받을 수 없는 실정임. 
  따라서 한부모가족 중 18세 이상(취학 중인 경우는 22세 이상)인 자녀를 제외한 나머지 가족구성원을 보호대상자로 인정하여 지원받을 수 있도록 함으로써 한부모가족의 기본적인 생활수준을 보장하여 자립 기반을 조성하려는 것임.
주요내용
  가. 한부모가족의 구성원 중 18세 이상(취학 중인 자는 22세 이상)인 자녀가 있는 경우에는 18세 이상(취학 중인 자는 22세 이상)인 자녀를 제외한 가족구성원을 보호대상자로 하도록 함(안 제5조 후단 신설).
  나. 부모가 이혼하거나 유기하여 부양을 받을 수 없는 아동도 한부모가족지원 보호대상자로 추가하도록 함(안 제5조의2제2항제4호 신설).","권택기,김금래,박선영,배영식,신학용,이정선,이종걸",보건복지위원회
김금래,36,1807509,PRC_E1O0E0R1E2H9U1K7L0L4I1U7K2O5D0,문화산업진흥 기본법 일부개정법률안,의결,2010-01-29,2011-04-29,대안폐기,"제안이유 및 주요내용
  현행 「문화산업진흥 기본법」은 문화산업 발전의 기반을 조성하고 경쟁력을 강화하기 위해, 문화산업의 특정 사업을 수행하는 ‘문화산업전문회사’제도를 규정하고 있음. 그러나 문화산업전문회사의 등록요건 중 하나인 “설립자본금 1억원 이상”이 지나치게 높은 수준이어서, 문화산업전문회사 등록시 과도한 규제로 작용했으며 그 폐해도 발생해왔음.
  이에 설립자본금 기준을 「상법」상 유한회사 수준인 1천만원으로 하향 조정하여, 문화산업전문회사의 등록 및 활용을 활성화하고자 함(안 제52조제2항제4호).","김금래,김춘진,심재철,윤석용,이사철,이애주,이은재",문화체육관광방송통신위원회
김금래,36,1807057,PRC_A0H9N1Z2H2U1P1C5T1H7D3B4I8X8R7,통계법 일부개정법률안,의결,2009-12-21,2010-03-02,대안폐기,"제안이유 및 주요내용
  2007년부터 성별분리통계가 의무화되었지만, 국가공식통계에서 성별통계 생산현황이 매우 저조한 실정이므로 성별통계와 관련한 규정의 실효성 강화를 위하여 통계 중 자연인이 포함된 경우 성별로 구분하여 성별통계를 작성하고 그 보급에 관한 사무를 통계책임관의 사무로 명시하려는 것임(안 제6조제1항제3호 신설).","김금래,김성태,김정훈,박선영,박순자,이성헌,이애주",기획재정위원회
김금래,36,1806532,PRC_Y0K9J1A1I1X1E1O7B0N6G1R7U8U2W2,성매매방지 및 피해자보호 등에 관한 법률 일부개정법률안,의결,2009-11-11,2009-12-29,수정가결,"제안이유
  현행법은 성매매 피해자의 보호와 자립을 지원하기 위하여 국가와 지방자치단체에 지원시설과 상담소를 설치·운영하고, 이에 사용되는 비용을 보조하도록 하고 있음.
  그러나 시설 및 상담소의 설치 이후, 평가 및 보수교육 등 서비스 수준의 유지 및 향상을 위한 조치가 부족한 상황임.  
  따라서 여성부장관으로 하여금 해당 시설의 운영실적을 3년마다 평가하여, 지원시설과 상담소에서 수행하는 성매매 피해자의 보호 및 지원과 관련된 업무의 개선을 도모하고, 서비스의 질을 향상시키도록 하려는 것임.
  또한 성매매방지중앙지원센터에서 실시하는 상담원의 교육 업무를 교육의 목적에 따라 기본교육과 보수교육으로 구분하여 실시하도록 함으로써 교육의 효과를 극대화 하고자 함. 
주요내용
  가. 성매매방지중앙지원센터에서 실시하는 상담원의 교육 업무를 교육의 목적에 따라 기본교육과 보수교육으로 구분하여 실시하도록 함(안 제11조의2제2항제8호).
  나. 여성부장관은 지원시설과 상담소의 운영실적을 3년마다 평가하도록 함(안 제15조의2 신설).
수정이유 및 수정주요내용
  개정안은 성매매 방지 상담원에 대하여 보수교육의 근거를 마련하고, 여성부장관이 성매매 피해자 지원시설과 상담소의 운영실적을 3년마다 평가하도록 시설 평가의 근거 규정을 신설하려는 내용으로서, 보수교육 실시와 관련된 조항을 별도로 신설하고(안 제11조의3 신설) 일부 자구를 수정함.","김금래,김상희,김성태,손범규,신낙균,안홍준,안효대",여성위원회
김금래,36,1806494,PRC_T0W9S1X1Y0J9K1Z5Q3C8T4Z8D7D6F5,조세특례제한법 일부개정법률안,의결,2009-11-09,2010-02-07,폐기,"◎ 제안이유
  최근 영화 등의 분야에 문화기술(CT)이 접목됨으로써 막대한 부가가치가 창출된 실제 사례에서 볼 수 있는 바와 같이 세계는 지금 문화가 산업이 되고 국부를 창출하는 수단이 되는 시대로 접어들었음. 
  이와 같이 고부가가치 산업으로서 신시장과 좋은 일자리를 창출할 수 있는 높은 가능성을 가지고 있는 문화산업의 전략적 중요성에도 불구하고 현재 우리나라 문화산업의 경쟁력은 선진국에 비하여 비교열위에 있는 실정이고 이를 극복하기 위한 국가의 지원책도 체계적이지 않다고 할 것임.
  특히, 문화산업 관련 기업 및 대학, 연구소, 개인 등이 공동으로 문화산업과 관련한 연구개발, 기술훈련, 정보교류, 공동제작 등을 할 수 있도록 문화산업단지가 현재 조성되어 있으나, 이러한 문화산업단지에 입주한 기업에 대한 구체적인 세제지원 규정이 법률에 마련되어 있지 않음. 
  이에 따라 문화산업단지에 입주하는 기업에 대하여 법인세 또는  소득세를 감면할 수 있는 법적 근거를 마련함으로써 신성장동력산업인 문화산업의 활성화를 도모하려는 것임. 
◎ 주요내용
  문화산업단지에 2012년 12월 31일까지 입주한 기업이 문화산업과 관련된 사업을 영위하는 경우 해당 사업에서 발생한 소득에 대하여 법인세 또는 소득세를 감면함(안 제141조의3 신설).","김금래,김소남,김을동,박민식,성윤환,송훈석,윤석용",기획재정위원회
김금래,36,1806073,PRC_P0M9N0Q9W1V8G1Z4I0R8J1P0L2R1D0,영화 및 비디오물의 진흥에 관한 법률 일부개정법률안,의결,2009-09-18,2011-12-30,대안폐기,"◎ 제안이유 및 주요내용
  현행법은 영화의 질적 향상을 도모하고 한국영화 및 영화산업의 진흥을 위하여 문화체육관광부 소속으로 영화진흥위원회를 두도록 하고 위원회의 구성 및 기능, 위원장의 직무 등을 규정하고 있음.
  또한 영화진흥위원회 정관에 목적, 명칭, 사무소에 관한 사항 및 위원회의 구성 등을 기재하고 있음.
  이에 현행법 및 정관의 영화진흥위원회에 관한 중복적인 규정을 정리하기 위하여 법률에 그 설치근거를 마련하고 구체적인 사항은 정관에서 정하도록 하려는 것임(안 제6조제4호의2·제4호의3·제6호의2·제8호 및 제9호 신설, 제11조ㆍ제16조ㆍ제19조 및 제20조 삭제).","강승규,고흥길,김금래,김소남,김옥이,박대해,박민식",문화체육관광방송통신위원회
김금래,36,1805746,PRC_G0S9D0L8F2M1R1N7B4F4W4C8H5D9G1,가정폭력방지 및 피해자보호 등에 관한 법률 일부개정법률안,의결,2009-08-21,2010-04-28,수정가결,"제안이유
  가정폭력의 근절을 위하여 국가기관, 공공기관 및 초·중등학교에서 가정폭력 예방과 방지 교육을 실시하도록 의무화하도록 하고 있음. 
  그러나 각종 개별법에 의무화 또는 권고사항으로 규정된 예방교육이 현재 40여 가지에 달하는 등 종류가 너무 많아 학교 현장에서는 교육시간 확보가 어려워 성폭력 및 성희롱에 관한 교육이 각각 일회성 교육으로 그치게 되어 교육의 효과를 기대하기 어려움.
  따라서 각종 예방교육이 과다한 학교현장에서 가정폭력 예방교육을 성교육, 성폭력, 성희롱 예방교육과 통합하여 실시할 수 있도록 하여 예방교육의 실효성을 증진시키며, 관련 시설 운영의 효율화 및 책임성을 확보하고 서비스 수준을 높이기 위하여 시설평가와 국고지원을 연계하고, 상담소나 보호시설의 장이 가정폭력피해자를 긴급히 구조할 필요가 있을 경우 경찰관의 동행을 요청할 수 있도록 하여 피해자에 대한 지원서비스를 강화하려는 것임.  
주요내용
  가. 「초·중등교육법」에 따른 각급 학교의 장은 가정폭력 예방교육을 성폭력 및 성희롱예방교육 등과 통합하여 실시할 수 있도록 함(안 제4조의3제2항 신설).
  나. 여성부장관은 가정폭력 관련 시설에 대하여 3년마다 평가하도록 함(안 제8조의4 신설).
  다. 상담소나 보호시설의 장이 가정폭력피해자를 긴급히 구조할 필요가 있는 경우 경찰관의 동행을 요청할 수 있도록 함(안 제9조의2 신설).
  라. 여성부장관은 가정폭력 범죄의 예방과 계도, 피해자의 보호와 지원에 관한 홍보영상을 제작하여 방송편성책임자에게 배포하도록 함(안 제9조의3 신설).
수정이유
  가정폭력 예방교육과 성폭력 예방교육 등의 통합 교육에 성매매 예방교육을 포함하고, 시설평가 대상인 가정폭력 관련 시설을 구체화하고, 수사기관의 협조 요청 시설에 긴급전화센터를 추가하였음.
수정주요내용
  가. 가정폭력 예방교육과 성폭력 예방교육 등의 통합교육에 성매매 예방교육을 포함할 수 있도록 함(안 제4조의3).
  나. 시설평가 대상인 가정폭력 관련시설을 긴급전화센터, 상담소 및 보호시설로 구체화함(안 제8조의2).
  다. 수사기관의 협조를 요청할 수 있는 시설에 긴급전화센터를 추가함(안 제9조의2).","강창일,김금래,김성태,김창수,배영식,손범규,신낙균",여성가족위원회
김금래,36,1803194,PRC_L0K8M1M2L2M4I1L6I5J6X0W6J5L8Q8,문화산업진흥 기본법 일부개정법률안,의결,2008-12-24,2009-01-13,대안폐기,"제안이유  
  불확실성이 높은 문화상품 제작의 완성을 보장하기 위하여 필요한 자금에 대한 금전채무를 보증할 수 있도록 보증보험업을 수행하는 기관에 완성보증계정을 설치하고, 문화상품ㆍ문화기술의 가치를 전문적으로 평가하는 가치평가기관을 지정할 수 있도록 하여 문화산업에 대한 다양한 자금조달방식 및 투자환경을 조성하며, 기업부설창작연구소 및 기업의 창작전담부서 인정제도를 도입하여 문화상품 제작을 위한 창작력을 기업 내부에 축적할 수 있도록 하는 한편, 문화산업진흥지구를 벤처기업육성촉진지구로 보아 세제 지원을 받을 수 있도록 하는 등 문화산업의 건전한 발전을 위한 근거를 마련함. 아울러, 다수의 기관으로 각기 분리되어 운영되고 있는 콘텐츠 진흥기관을 하나로 통합하여 문화산업에 대하여 체계적이고 효율적인 지원이 가능하도록 함.
  또한, 어려운 용어를 쉬운 용어로 바꾸고, 길고 복잡한 문장은 체계 등을 정비하여 간결하게 하는 등 국민이 법 문장을 이해하기 쉽게 정비하며, 그 밖에 현행 제도의 운영상 나타난 일부 미비점을 개선ㆍ보완하려는 것임.
-  -
주요내용  
  가. 완성보증계정의 설치(안 제10조의2 신설)
    (1) 문화상품 제작의 완성은 불확실성이 높아 제작자가 금융기관 등으로부터 투자 또는 융자를 받는 데에 현실적인 어려움이 있음.
    (2) 문화상품 제작 완성에 대한 위험도를 낮추기 위하여 문화체육관광부장관은 문화상품 제작자가 문화상품을 유통하는 자에게 계약의 내용대로 완성하여 인도할 수 있도록 필요한 자금을 대출받아 부담하게 된 금전채무를 보증하는 완성보증계정을 설치할 수 있도록 함.
    (3) 문화상품 투자위험도의 감소에 따라 투자환경 조성 및 문화상품 제작 회계의 투명성을 높일 수 있을 것으로 기대됨.
  나. 공정 거래질서의 구축을 위한 조치(안 제12조의2 신설)
    (1) 영화, 방송, 온라인콘텐츠, 모바일콘텐츠 등 문화산업 전반에 걸쳐 있는 대기업의 불공정 거래관행을 개선할 필요가 있음.
    (2) 문화산업 영위와 관련한 표준약관 및 표준계약서를 공정거래위원회 등과 협의하여 제·개정 할 수 있게 하고, 문화산업 관련 사업자 등이 참여하는 협의체를 구성·운영할 수 있도록 함.
    (3) 중소규모의 문화콘텐츠기업이 안정적으로 성장할 수 있도록 공정한 거래환경을 조성할 수 있을 것으로 기대됨.
  다. 우수문화프로젝트 및 우수문화사업자의 지정 등(안 제15조의2 및 제15조의3 신설)
    (1) 문화상품에 대한 우수한 제작프로젝트 및 우수 문화상품 제작자를 선택적으로 육성ㆍ발굴하여 경쟁력 있는 문화상품을 적극 개발하고 독려할 필요가 있음.
    (2) 문화체육관광부장관은 창작성 및 성공 가능성이 높은 문화상품 제작 프로젝트를 우수문화프로젝트로, 경제적ㆍ기술적 파급효과가 큰 문화상품 제작자 및 기술 개발자를 우수문화사업자로 각각 지정할 수 있도록 하고, 거짓이나 그 밖의 부정한 방법으로 지정받는 등의 경우에는 지정을 취소할 수 있도록 함.
  라. 가치평가기관의 지정 등(안 제16조의2부터 제16조의4까지 신설)
    (1) 무형자산인 문화콘텐츠는 객관적 가치의 산정이 어려워 우수문화콘텐츠를 보유하고 있음에도 불구하고 자금조달이 어려운 경우가 많음.
    (2) 문화상품의 사업성과 문화기술의 기술성에 관한 가치평가를 전문적ㆍ효율적으로 수행하기 위하여 가치평가기관을 지정하도록 하고, 문화체육관광부장관이 가치평가기관에 대하여 그 사업비용을 지원하거나 가치평가를 받은 자에게 가치평가 수수료를 지원할 수 있도록 함.
    (3) 금융기관ㆍ투자자 등에게 문화콘텐츠 가치에 대한 체계적이고 객관적 자료를 제공할 수 있을 것으로 기대됨.
  마. 기업부설창작연구소 및 기업의 창작전담부서의 인정(안 제17조의3 신설)
    (1) 문화산업 발전에 있어 창조성이 중요하나, 기업의 창작개발력을 축적시킬 수 있는 제도가 부족한 실정임.
    (2) 문화산업에 대한 창작개발을 활성화하기 위하여 인력 및 시설 등의 기준을 갖춘 기업의 연구기관이나 연구개발전담부서를 기업부설창작연구소 및 기업의 창작전담부서로 인정할 수 있도록 하고, 문화체육관광부장관은 기업부설창작연구소 등의 운영에 필요한 지원을 할 수 있도록 함.
  바. 창작중소기업의 합병절차 간소화(안 제17조의4 신설)
    (1) 창작중소기업의 경쟁력 강화를 위해서는 전략적 제휴 등의 활성화가 필요함.
    (2) 기업부설창작연구소를 보유한 주식회사인 비상장 중소기업(창작중소기업)을 주식회사인 비상장 벤처기업으로 보고  「벤처기업육성에 관한 특별조치법」의 합병절차 간소화 등의 특례를 적용하도록 함.
    (3) 문화콘텐츠를 창작하는 중소규모 기업 간의 전략적 제휴 등을 통한 기업의 대형화로 규모의 경제를 실현하고 투자금 회수 방법을 다양화할 수 있도록 함.
  사. 문화산업진흥지구를 벤처기업육성촉진지구로 간주(안 제28조의3제3항)
    (1) 문화산업의 지역별 성장거점을 구축하기 위하여 문화산업진흥지구의 조성이 활성화되어야 하나, 문화산업진흥시설과 달리 문화산업진흥지구에 대한 유인책이 부족한 실정임.
    (2) 문화산업진흥지구를 「벤처기업육성에 관한 특별조치법」상의 벤처기업육성촉진지구로 보고 간접적으로 세제 지원을 받을 수 있도록 함.
  아. 한국문화콘텐츠진흥원, 한국게임산업진흥원, 한국방송영상산업진흥원을 통합하여 한국콘텐츠진흥원을 신규 설립함(안 제31조)
    (1) 현재 우리나라의 문화 관련 콘텐츠 진흥기관은 방송ㆍ영상, 게임, 애니메이션, 음악 등 다수의 콘텐츠 진흥기관으로 각기 분리되어 운영되고 있어 문화산업 진흥을 위한 정책 및 기술개발 업무가 종합적이고 체계적으로 구축되지 못하고 있음.
    (2) 다수의 콘텐츠 진흥기관을 하나로 통합하여 문화산업에 대하여 체계적이고 효율적인 지원이 가능할 수 있도록 해야 할 필요성이 제기되고 있음.
    (3) 이에 최근 급변하고 있는 콘텐츠 융합 환경에 적극적으로 대응하기 위하여 각종 콘텐츠 진흥기관을 통합하여 한국콘텐츠진흥원을 설립함.
참고사항  
  이 법률안 중 “진하게 표시한 부분”은 기존의 제도나 정책을 바꾸기 위하여 법률 내용을 개정하는 사항이고, 그 밖의 부분은 현행과 의미가 달라지지 아니하는 범위에서 국민이 알기 쉽게 하기 위하여 어려운 용어나 표현 등을 바꾸는 사항임.","강승규,김금래,성윤환,안형환,이경재,정병국,진성호",문화체육관광방송통신위원회
김금래,36,1803124,PRC_A0U8X1N2D1Q9W1K6O3W1V3F9X8X5V8,전기통신기본법 일부개정법률안,의결,2008-12-19,2009-03-02,원안가결,"■ 제안이유 
  부처 중심의 책임행정체제를 확립하고 의사결정의 신속성을 높이기 위하여, 동 법의 통신재난관리위원회 및 정보통신정책심의위원회를 폐지하려는 것임.
■ 주요내용 
  가. 정보통신정책심의위원회 근거 조항을 삭제함(제44조의2 삭제).
  나. 통신재난관리위원회의 심의관련 및 근거 조항을 삭제함(안 제44조의3제5항, 제44조의5·제44조의6 삭제).","강승규,구본철,김금래,김무성,김세연,나경원,안형환",문화체육관광방송통신위원회
김금래,36,1801074,PRC_I0J8M1T0E0F1N1C4X5R4N2U8J2R8M2,제대군인지원에 관한 법률 일부개정법률안,계류,2008-10-01,"","","■ 제안이유 
  제대군인에 대한 가산점 부여가 위헌이라는 1999년 12월 23일 헌법재판소의 위헌결정에 따라 제대군인에 대한 군가산점제도가 폐지되었으나 여전히 군가산점제도에 대한 논란은 현재까지도 분쟁의 대상으로 남아 있음.
  따라서 군가산점제도를 대체할 수 있는 제대군인지원금을 도입함으로써 국방의무를 수행한 자에게 수개월 동안 군복무로 인한 손실된 개인의 기회비용을 일부 보상하는 한편, 제대군인이 제대한 후 사회적응 기간동안 제대군인에게 필요한 지원금을 국가가 부담하여 제대군인의 원활한 사회생활을 도모하려는 것임. 
■ 주요내용 
  가. 병역의무를 이행한 자에게 제대 시 사회적응 기간에 필요한 자금으로 일정한 금액의 제대지원금을 지급하도록 함(안 제18조의4제1항 신설).
 나. 제대지원금은 전역 당시 계급의 보수월액에 복무기간을 곱한 금액에 상당한 금액으로 하여 근무여건에 따라 100분의 80에서 100분의 120의 범위에서 차등지급할 수 있도록 함(안 제18조의4제2항 신설).
 다. 제대지원금은 국가가 전액 부담함(안 제18조의4제3항 신설).","강명순,권택기,김금래,김소남,원희목,이애주,이정선",정무위원회
김금래,36,1800376,PRC_B0N8Y0N7F2Q3T1Y1B3H0Q2H9H8Y9Y5,금융실명거래 및 비밀보장에 관한 법률 일부개정법률안,의결,2008-07-23,2008-12-09,원안가결,"제안이유 및 주요내용
  현행 「금융실명거래 및 비밀보장에 관한 법률」은 법인의 대표자, 법인 또는 개인의 대리인·사용인 그 밖에 종업원이 그 법인 또는 개인의 업무에 관하여 「금융실명거래 및 비밀보장에 관한 법률」상의 위반행위를 하는 경우 그 위반행위자 외에 사용자인 해당 법인 또는 개인에 대하여도 처벌하도록 양벌규정을 두어 있음.
  그러나 사용자(법인 또는 개인)가 종업원의 범죄행위에 가담했다거나 종업원의 지도·감독을 소홀히 했다는 등 사용자가 비난을 받을 만한 행위가 있었는지 여부와는 관계없이 종업원의 범죄행위가 있으면 자동적으로 사용자도 처벌하게 하는 것은 형사법의 기본원리인 책임주의에 반한다고 할 것임.
  따라서 사용자가 책임이 있는 경우에는 양벌규정이 적용될 수 있도록 하는 반면 사용자가 상당한 주의와 감독을 게을리 하지 아니하였을 때에는 처벌을 받지 않도록 하려는 것임(안 제8조 단서 신설).","강석호,김금래,김무성,김소남,박보환,박종희,안상수",정무위원회
김금래,36,1800373,PRC_Z0N8S0P7T2V3Y1U0K1Q4O3K6Y4J6Q2,자본시장과 금융투자업에 관한 법률 일부개정법률안,의결,2008-07-23,2009-01-13,대안폐기,"제안이유 및 주요내용
  현행 「자본시장과 금융투자업에 관한 법률」은 법인의 대표자, 법인 또는 개인의 대리인·사용인 그 밖에 종업원이 그 법인 또는 개인의 업무에 관하여 「자본시장과 금융투자업에 관한 법률」상의 위반행위를 하는 경우 그 위반행위자 외에 사용자인 해당 법인 또는 개인에 대하여도 처벌하도록 양벌규정을 두어 있음.
  그러나 사용자(법인 또는 개인)가 종업원의 범죄행위에 가담했다거나 종업원의 지도·감독을 소홀히 했다는 등 사용자가 비난을 받을 만한 행위가 있었는지 여부와는 관계없이 종업원의 범죄행위가 있으면 자동적으로 사용자도 처벌하게 하는 것은 형사법의 기본원리인 책임주의에 반한다고 할 것임.
  따라서 사용자가 책임이 있는 경우에는 양벌규정이 적용될 수 있도록 하는 반면 사용자가 상당한 주의와 감독을 게을리 하지 아니하였을 때에는 처벌을 받지 않도록 하려는 것임(안 제448조 단서 신설).","강석호,김금래,김무성,김소남,박종희,안상수,안홍준",정무위원회
