김진표,34,1814018,PRC_O1E1F1R2I0H6G1P5M3O1V0D6T7S8T6,도시공원 및 녹지 등에 관한 법률 일부개정법률안,계류,2011-12-06,"","","■ 제안이유 및 주요내용 
  삶의 질을 추구하는 사회적 여건이 형성되면서 쾌적한 도시환경 조성, 시민의 건강 및 여가생활 향상, 역사문화자원의 보전, 환경생태보전 및 종 다양성 증진에 기여하는 도시공원의 중요성이 크게 부각되고 있음.
  특히, 기후변화에 따른 산사태 및 홍수 등의 자연재해와 대기 및 수질 오염과 같은 도시환경문제를 해결하고, 인간과 자연이 조화를 이루는 친환경적인 도시기반시설로 기능할 수 있도록 도시공원을 충분히 공급할 필요가 있음.
  그러나 시설의 확충 및 질 높은 서비스 제공 등 도시공원에 대한 국민의 욕구는 증가하고 있으나,「지방자치법」 시행 이후 도시공원 조성이 지방자치단체 고유 업무로 이관되면서 재정이 열악한 지방자치단체는 시민들 요구에 부응하는 도시공원을 충분히 공급하지 못하고 있는 실정임.
  실제로 2007년 말 기준 국내 도시지역에 위치한 공원의 경우, 결정 고시된 1인당 공원면적은 26.4㎡임에도 불구하고 조성된 1인당 공원면적은 9.4㎡에 불과한 실정임.
  특히, 우리나라의 1인당 공원면적(9.4㎡)은 캐나다 토론토(29.7㎡), 영국 런던(24.2㎡), 프랑스 파리(10.35㎡) 등 세계 주요도시별 1인당 공원면적에 비해 크게 낮은 것으로 나타나 도시공원 확충에 대한 대책수립이 대단히 시급한 상황임을 반증하고 있음.
  따라서 도시공원 및 공원시설의 설치·관리 등에 관한 특례를 적용하여 민간부문의 사업 참여 및 원활한 사업 추진을 지원함으로써 부족한 도시공원을 확충하고자 하는 것임.(안 제21조제4항 신설).","강기정,김재균,김진표,백재현,안규백,이찬열,전병헌",국토해양위원회
김진표,34,1813716,PRC_B1K1W1G1J0G1O1E7K0P3S1A2B5A7D1,공공기관 지방이전에 따른 혁신도시 건설 및 지원에 관한 특별법 일부개정법률안,의결,2011-11-01,2012-01-26,폐기,"제안이유 및 주요내용
  현행법은 공공기관 지방이전에 따른 종전부동산의 활용계획이 도시·군관리계획에 반영될 필요가 있는 경우 국토해양부장관이 일방적으로 해당 지방자치단체에 그 반영을 요구할 수 있도록 하고 있는데, 이는 「국토의 계획 및 이용에 관한 법률」에 따른 도시ㆍ군관리계획의 결정권한을 보유한 지방자치단체의 권한을 침해할 우려가 있음. 이에 지방자치단체가 특별한 사유가 없으면 이를 반영하도록 하여 도시·군관리계획의 반영 과정에서 지방자치단체의 사정을 고려할 수 있도록 하려는 것임(안 제43조제6항 후단).","강창일,김상희,김용구,김진표,남경필,노영민,노철래",국토해양위원회
김진표,34,1813218,PRC_Z1Y1X0T9I1W5R1L5N1T2G2J5B9K9L4,대도시권 광역교통관리에 관한 특별법 일부개정법률안,의결,2011-09-15,2011-12-30,대안폐기,"제안이유 및 주요내용
  현재 「택지개발촉진법」에 따른 개발사업으로 신설되는 주택지역에 대하여 철도ㆍ노선버스가 충분히 배정되지 아니하여 주민들의 교통수요가 충족되지 못하고 있음. 이에 해당 지방자치단체와 대중교통사업자가 대중교통수단의 확충 등을 추진하나, 교통 체증을 이유로 지방자치단체 간 합의가 원활하지 못하는 실정임.
  따라서 광역교통시설 및 교통수단의 확대 등 2 이상의 지방자치단체에 걸친 광역교통관리의 개선을 필요로 하는 경우로서 해당 지방자치단체의 요청이 있는 경우에는 국토해양부장관이 직접 광역교통개선대책을 수립하도록 함으로써, 개발사업 과정에서 교통문제를 효과적으로 해결하려는 것임(안 제7조의2제1항 단서 신설).","김용구,김진표,남경필,노영민,백원우,백재현,안민석",국토해양위원회
김진표,34,1813037,PRC_Z1W1R0O8Y2R9Z1X1C4M3V4L4C7Z2D6,국무위원(통일부장관 현인택) 해임건의안,의결,2011-08-29,2011-09-03,폐기,"","권영길,김진표,이용경,조승수,,,",2011-09-03
김진표,34,1812390,PRC_B1Z1I0J6Q2E8H1J7G3E2J3R7I0P0B4,"용산참사 생존자, 구속철거민 석방 및 특별사면 촉구 결의안",계류,2011-06-28,"","","","권영길,김진표,김희철,이용경,조승수,,",법제사법위원회
김진표,34,1811495,PRC_H1O1S0M4Q1M4S1V0R1I0N4U2P3D0G5,지방자치단체출연 연구원의 설립 및 운영에 관한 법률 일부개정법률안,계류,2011-04-14,"","","제안이유
  지방자치단체가 출연하는 지방연구원의 설립과 육성 등을 통해 지방자치제도 개선, 지역발전 및 지방문화 창달에 이바지함을 목적으로 하는 이 법은 특별시·광역시 및 도에 한하여 지방자치단체가 출연하는 지방연구원을 둘 수 있도록 규정하고 있음.
  한편, 광역시에 준하는 인구 100만명 이상의 대도시의 경우에는 특별시·광역시 및 도가 아니므로 지방연구원을 설립할 수 없는 바, 환경·건축·교통·녹지 등 각종 도시계획에 관한 기획 및 조사연구 사업을 관련 부서에서 개별적으로 추진함에 따라 중장기적인 도시비전에 관한 연구가 미흡한 실정임.
  이에 인구 100만명 이상의 대도시의 경우에도 지방자치단체출연 지방연구원을 설립할 수 있도록 이 법에 특례를 규정하여 현행의 개별적이고도 비체계적으로 이루어지고 있는 연구사업의 문제점을 개선하고, 중장기적으로 대도시의 경쟁력을 강화하려는 것임.
주요내용
  가. 「지방자치법」 제175조에 따른 인구(「주민등록법」 제6조 및 제8조에 따라 등록된 주민 수를 말한다) 100만 이상의 대도시에도 이 법에 따른 지방자치단체출연 지방연구원을 둘 수 있음(안 제4조제2항 신설).
  나. 대도시 지방연구원의 정관변경, 사업계획, 지방연구원협의회 구성 등에 관하여 대도시 시장의 승인을 받아야 하고, 대도시 시장은 지방연구원에 대하여 결산서를 제출받고 경영평가를 실시하며, 사무검사 및 감독을 할 수 있음(안 제5조, 제17조부터 제20조까지, 제22조).
  다. 이 법은 공포 후 6개월이 경과한 날부터 시행하고 지방연구원을 설립하고자 하는 대도시 시장은 이 법 시행 전에 설립위원을 위촉하여 지방연구원의 설립에 관한 사무를 처리하게 하여야 하고, 설립 당시의 이사의 추천에 관하여 필요한 사항은 대도시의 조례로 정하도록 함(안 부칙).","권영길,김상희,김용구,김진표,남경필,안홍준,원혜영",행정안전위원회
김진표,34,1808196,PRC_O1A0F0Y4G1D9O1R6X5D7K2Y5F0M5Y8,기업활동 규제완화에 관한 특별조치법 일부개정법률안,계류,2010-04-19,"","","제안이유
  현행법은 공장의 신·증설에 대한 특례조항을 규정하여 성장관리지역과 자연보전지역안에 있는 기존공장에 대하여는 대통령령으로 정하는 바에 따라 공장의 신·증설을 완화하고 있으나, 기존공장이 아닌 첨단산업관련 공장을 신·증설하는데 어려움이 많아 우수한 경쟁력을 가진 국내기업들이 해외로 이전하거나 외국계 기업유치에 실패하는 사례마저 발생하고 있음.
  더우기 최근 우리나라 IT분야 국제경쟁력이 3위에서 16위로 추락하는 등 신성장동력분야 기반이 붕괴되고 있다는 우려가 제기되고 있는 바, 이는 수도권 개발 억제를 통한 수도권 집중 과밀을 방지하기 위하여 유통이나 기술 인프라가 잘 구축되어 있는 수도권에 기술파급효과나 부가가치 창출효과가 높은 첨단산업과 관련된 공장의 증설을 억제함으로 인하여 첨단기술을 가진 기업이 투자에 어려움을 겪는 것이 하나의 원인으로 보임.
  따라서 수도권 이외의 국내 지역으로 이전이 가능한 산업분야는 그대로 규제를 유지하되, 수도권이 아니라면 외국으로 나갈 수밖에 없는 첨단산업과 관련된 공장의 경우 수도권에 신·증설이 용이하도록 첨단산업공장의 신·증설에 대한 특례를 규정하고, 지식경제부장관 소속으로 첨단산업발전위원회를 설치하여 수도권 중 성장관리구역 및 자연보전지역 안에서의 첨단산업공장 신·증설과 관련된 중요사항을 심의하도록 하려는 것임.
주요내용
  가. “첨단산업”을 기술집약도가 높고 관련 산업에 미치는 효과가 큰 산업으로서 연구개발비의 지출이나 과학기술인력의 비율이 높은 산업 중 대통령령으로 정하는 산업으로 정의함(안 제2조제3호의2 신설).
  나. 지식경제부장관으로 하여금 수도권 중 성장관리지역 및 자연보전지역 안에서의 첨단산업과 관련된 공장의 신·증설을 허가하도록 하되, 첨단산업발전위원회의 심의를 거쳐 국토해양부장관과 협의하도록 함(안 제16조의3 신설).
  다. 지식경제부장관 소속으로 수도권 중 성장관리지역 및 자연보전지역 안에서의 첨단산업과 관련된 공장의 신·증설 등의 중요사항을 심의하기 위하여 첨단산업발전위원회를 두도록 함(안 제16조의4 신설).","김영환,김진표,박기춘,송영길,우제창,이찬열,정장선",지식경제위원회
김진표,34,1808068,PRC_I1A0P0J4M0B2O1R8S0G3U2Z9H0M9N2,국가재정법 일부개정법률안,계류,2010-04-02,"","","제안이유 및 주요내용
  현행 「학교급식법」에는 「국민기초생활보장법」의 규정에 따른 수급권자？차상위 계층에 속하는 자의 자녀와, 「한부모가족지원법」의 규정에 따른 보호대상자인 학생에게 무상급식을 실시하도록 하고 있으나, 무상급식을 받는 아이의 자존감을 손상시킬 수 있고, 또한 급식 재원의 67%를 학부모가 부담하고 있어 가계에 부담이 될 수 있음.
  이에 제정되는 「학교무상급식기금법」에 의무교육을 받는 자에 대하여 무상급식을 받을 수 있도록 학교무상급식기금이 설치됨에 따라 「국가재정법」 제5조제1항에 따른 기금설치 근거를 별표 2에 새로 추가하려는 것임(안 별표 2 제63호 신설).
참고사항
  이 법률안은 김진표의원이 대표발의한 「학교무상급식기금법안」(의안번호 제8067호)의 의결을 전제로 하는 것이므로 같은 법률안이 의결되지 아니하거나 수정의결 되는 경우에는 이에 맞추어 조정되어야 할 것임.","강기정,김동철,김재윤,김진표,김춘진,박선숙,박영선",기획재정위원회
김진표,34,1808067,PRC_Y1Y0C0X4M0V2U1I8X0H2A1C0T6K8H7,학교무상급식기금법안,계류,2010-04-02,"","","제안이유
  학교급식제도는 단순히 끼니를 때울 먹을거리를 제공하는 차원이 아니라 안전한 식재료, 올바른 식습관, 공동체 구성원들과 함께하는 평등한 식생활과 평생건강의 기틀 마련 등 심신 발달과 인격 형성에 도움이 되는 교육적인 목적을 지향해야 하는 제도임.
  따라서 ‘의무교육은 무상으로 한다’는 헌법정신과 ‘밥상공동체’를 통하여 학생들의 올바른 인성을 형성하는 교육의 일환이라는 점, 특히 선별적 무료급식으로는 ‘밥 얻어먹는 아이’라는 낙인을 찍어 동심(童心)에 상처를 줄 수 있다는 점에서 학교급식에 대한 보편적 무상급식의 당위성이 제기되고 있음.
  한편, 현행 학교급식 관련 예산은 기본적으로 「학교급식법」의 규정에 따라 시·도교육감이 지방교육재정에서 편성하여 지원하고 있으며 자치단체도 급식경비를 지원할 수 있도록 되어 있으나, 전체 학교급식 재원의 67%를 학부모가 부담하는 등 가계에 큰 부담이 되고 있음.
  이에 의무교육을 책임지고 있는 국가 및 지방자치단체에서 지방교육재정교부금의 5%, 지방교부세의 3%, 지방교육재정교부금과 지방교부세 재원을 제외한 내국세의 1%, 지방자치단체 및 정부 외의 자의 출연금을 재원으로 학교무상급식기금을 조성하여 의무교육의 취지에 따라 의무교육을 받는 자에 대하여 무상급식을 실시하도록 하려는 것임. 
주요내용
  가. 이 법은 의무교육을 받는 자에 대한 무상급식 지원자금을 안정적으로 확보하기 위하여 학교무상급식기금을 설치하고 그 관리·운용에 필요한 사항을 규정하는 것을 목적으로 함(안 제1조).
  나. 학교무상급식기금은 지방교육재정교부금의 5%, 지방교부세의 3%, 지방교육재정교부금과 지방교부세 재원을 제외한 해당 연도 내국세의 1%, 지방자치단체 및 정부 외의 자의 출연금 등으로 조성함(안 제3조).
  다. 학교무상급식기금은 의무교육을 받는 자에게 제공하는 학교급식에 필요한 식품비, 급식운영비 및 급식시설·설비비 등에 사용하도록 함(안 제4조).
  라. 학교무상급식기금은 교육과학기술부장관이 관리·운용하되, 기금 관련 사무의 일부를 교육감, 교육장 및 교육감이 지정하는 법인에게 위임 또는 위탁할 수 있도록 함(안 제5조).
참고사항
  이 법률안은 김진표의원이 대표발의한 「국가재정법 일부개정법률안」(의안번호 제8068호)의 의결을 전제로 하는 것이므로 같은 법률안이 의결되지 아니하거나 수정의결 되는 경우에는 이에 맞추어 조정되어야 할 것임.","강기정,김동철,김재윤,김진표,김춘진,박선숙,박영선",교육과학기술위원회
김진표,34,1807433,PRC_G1J0Z0M1O1C8R1B5K2R9T5L1D0U2F3,초·중등교육법 일부개정법률안,계류,2010-01-18,"","","제안이유
  현행 특성화고등학교, 특수목적고등학교, 자율학교, 자율형사립고등학교 및 자립형사립고등학교 등 새로 생겨난 학교유형들은 그 법적 근거가 모호하고, 목적과 운영에 있어 실질적인 차이는 없으며, 학부모와 학생 등에게 혼란만 가중시키고 있을 뿐만 아니라 입학시험 위주의 교육으로 인하여 사교육비 증가의 주요 원인이 되고 있음.
  이에 학교유형에 관한 법적 근거를 마련하고 성격이 유사한 학교유형들을 일원화하는 한편, 입학전형 방식을 변경하여 사교육비 증가를 억제하고 학교교육을 정상화하여 미래지향적 학교운영 방안을 제시하려는 것임.  
주요내용
  가. 학교 또는 교육과정을 특성화 또는 자율화시킨 학교의 유형을 혁신형 자율학교로 일원화 함(안 제61조제1항).
  나. 혁신형 자율학교의 설립·지정과 입학전형·교육과정 등 운영에 필요한 사항은 대통령령으로 정하되, 과학·예술·체육분야의 영재교육과 자연친화적인 체험·인성위주의 대안교육을 목적으로 하는 학교를 제외한 학교의 입학전형은 해당 학교가 있는 지역의 일반계학교에서 실시하고 있는 입학전형 방식을 따르도록 함(안 제61조제2항 신설).","강기정,김동철,김부겸,김진표,김춘진,이용섭,이찬열",교육과학기술위원회
김진표,34,1807418,PRC_W1T0X0P1T1W4I1S6G4M5X3Z0D3J6T6,여객자동차 운수사업법 일부개정법률안,의결,2010-01-14,2011-12-29,폐기,"제안이유
  현행법에 따르면 시·도지사가 여객자동차운송사업의 사업계획변경, 사업구역조정 등을 인가하고자 할 때 둘 이상의 시·도에 걸칠 경우 관계 시·도지사와 협의하도록 하고, 협의가 성립되지 않으면 국토해양부장관이 조정을 행하고 관계 시·도지사는 이를 따르도록 하고 있음.
  그러나 협의·조정을 원활히 하기 위한 조정 기준이 따로 마련되어 있지 않아, 광역버스 노선 신·증설 등에 관한 해당 지방자치단체 간 협의 시 각 지방자치단체가 관할 업체 및 주민의 이익을 옹호하여 상호 원만한 협의·조정에 차질이 빚어지는 사례가 빈발하는 실정임.
  이에 지방자치단체 간 여객자동차운송사업 관련 협의·조정 시 고려해야 하는 기준을 명확히 규정함으로써, 보다 공정하고 효율적인 조정이 이루어질 수 있도록 하려는 것임. 
주요내용
  관계 시·도 간의 교통량, 도시철도 등 다른 대중교통수단 이용 가능성 등 지방자치단체 간 여객자동차운송사업 관련 협의·조정 시 고려해야 하는 명확한 기준을 신설함(안 제78조제2항).","강성종,김진표,문희상,백원우,안민석,원혜영,이종걸",국토해양위원회
김진표,34,1807259,PRC_N0C9B1C2H3G0T1F5D4F6S0L4N3I5J3,학교상담 지원에 관한 법률안,계류,2009-12-30,"","","제안이유
  우리나라는 대학진학률이 84%에 달할 정도로 교육열이 세계최고이나 학부모들이 원하는 대학은 매우 적어서 입시경쟁이 가장 치열한 나라임.
  문제는 입시위주의 질 낮은 교육경쟁으로 아이들에게는 토론, 성찰, 사색 등 건강한 교육보다는 천편일률적인 지식의 반복, 주입식 교육으로 아이들의 심신이 피폐화되어 가고 있다는 것임.
  그 결과 공교육에 적응하지 못하고 소외되어 그 꿈을 상실하고 방황하는 학생들을 쉽게 발견할 수 있으며 지난 한해 동안 학교폭력이 10배나 급증할 정도로 학교 안팎에서의 일탈과 폭력 등 학교문제가  끊임없이 발생하고 있음.
  미국과 유럽 등 선진 국가에서는 학교상담이라는 제도를 오랜 역사를 통해 만들어 공교육 혁신의 한 축으로서 큰 성공을 거두고 있다는 평가를 받고 있음. 특히, 폭력 문제만이 아니라 아이들의 소질과 적성을 상담하고 진로를 학부모와 함께 고민하며, 공부하는 과정에서 받는 스트레스, 일탈, 부적응 등에 대하여 다양한 심리검사 및 체계적 학교상담을 통해 아이들의 미래를 새롭게 열어주고 학교적응을 지원하고 있음.
  근래에 들어 일선 학교현장에서 진로상담의 역할이 매우 중요하게 부각되고 있으나, 학교상담의 중요성에 대한 저평가 및 편견이 우리 교육사회에 아직 내재해 있고 제도적 법률적 미흡함이 많아 학교상담에 대한 공론화와 체계적 제도개선이 절실하게 요구되는 상황임.
  이에 학교현장에서의 상담체계를 마련하고, 상담활동에 필요한 프로그램 개발 및 지원 등에 관한 제반사항을 규정함으로써 학생들의 자기주도적 학습능력과 진로에 대한 고민을 돕고, 심리적·정서적인 보호를 통해 학교생활 적응과 전인적인 발달에 기여하여 국가 공교육의 내실화를 이루고자 함.
주요내용
  가. 이 법은 학교현장에서의 직접 상담체계를 마련하고 상담활동에 필요한 프로그램 개발 및 지원 등에 관한 제반사항을 규정함으로써 학생들의 자기주도적 학습능력과 진로에 대한 고민을 돕고, 학교생활 적응과 전인적인 발달에 기여하게 함으로써 국가 공교육의 내실화를 이루고자 함(안 제1조). 
  나. 국가와 지방자치단체는 학교상담제도가 정착될 수 있도록 행정적·재정적으로 지원하여야 하고, 학교상담제도 정착을 위하여 필요한 시책을 강구하여야 함(안 제4조).
  다. 학교의 설립·경영자는 상담실을 설치하여야 하고, 교육감은 학교상담을 지원하기 위하여 시·도 학교상담지원센터와 하급교육행정기관 단위의 지역학교상담지원센터를 설치·운영하여야 함(안 제5조 및 제6조).
  라. 교육과학기술부 소속으로 중앙학교상담지원위원회를, 교육감 소속으로 시·도학교상담지원위원회를 둠(안 제9조). 
  마. 각급학교 및 교육행정기관에는 전문상담교사를 두고, 대통령령으로 정하는 일정 규모 이하의 학교에는 전문상담순회교사를 배치함(안 제8조).
  바. 지역교육청 및 시도교육청은 전문상담교사 업무를 지도하고, 학교상담 결과를 모아 시책수립에 반영하여야 하며, 학교장의 요구에 의하여 학생보호 및 상담활동이 긴급하게 필요한 학교에 전문적인 자문, 인력 등 필요한 지원을 하도록 함(안 제10조).
  사. 교육감, 교육장 및 학교장은 학교상담의 효율적인 운영을 위하여 의사, 교육자 등 전문가들이 참여하는 지역네트워크를 구축하여 활동할 수 있도록 함(안 제11조).","강봉균,권영길,김동철,김영진,김재윤,김진애,김진표",교육과학기술위원회
김진표,34,1806860,PRC_M0A9L1K2Z0I7E0X9K3I8Q2B1U7T2I3,소득세법 일부개정법률안,계류,2009-12-07,"","","제안이유
  저출산 고령사회의 본격적인 도래가 우려되는 상황에서 저출산문제와 육아문제는 국가가 시급히 해결해야할 문제임에도 불구하고 현재 출산지원관련 대책은 국가시혜적인 차원에 머물러 있을 뿐, 국가의무적인 차원에서의 적극적인 지원은 이루어지지 않고 있는 실정임. 
  현행 저출산 및 육아 관련 조세지원으로는 다자녀 추가공제 및 보육시설 등에 대한 이용비용에 대하여 소득공제 등을 하고 있으나 그 지원이 미흡하여 보다 확대 지원할 필요가 있음.
  이에 따라 다자녀 추가공제 등에 대하여 지원폭을 확대함으로써 출산장려와 여성들의 취업 유인 및 일할 수 있는 환경을 조성하려는 것임.
주요내용
  가. 근로자가 받는 보육 관련 급여에 대한 비과세 10만원한도를 폐지함(안 제12조제4호).
  나. 다자녀추가공제 공제금액을 현행 2인인 경우 50만원을 100만원으로, 2인을 초과하는 경우 초과 1인당 100만원을 200만원으로 확대함(안 제51조의2제1항).
  다. 영유아 보육료와 교육비 소득공제한도를 400만원으로 확대하고 가정 내 보육비용을 소득공제 항목에 추가함(안 제52조제1항제4호).","강성종,강창일,김부겸,김상희,김성순,김우남,김진표",기획재정위원회
김진표,34,1806859,PRC_F0R9H1N2F0J7U0H9P3C7F3F2N3K0E6,조세특례제한법 일부개정법률안,계류,2009-12-07,"","","제안이유
  저출산 고령사회의 본격적인 도래가 우려되는 상황에서 저출산문제와 육아문제는 국가가 시급히 해결해야할 문제임에도 불구하고 현재 출산지원관련 대책은 국가시혜적인 차원에 머물러 있을 뿐, 국가의무적인 차원에서의 적극적인 지원은 이루어지지 않고 있는 실정임. 
  현행 저출산 및 육아 관련 정책으로 출산장려수당을 지급하도록 하고 있지만 해당 사업자 또는 법인에 대하여 실질적인 혜택이 없어 출산지원대책으로 미흡함.
  이에 따라 근로자들의 출산을 장려하기 위하여 출산장려수당을 지급하는 사업자 또는 법인에 대하여 실질적인 혜택이 부여될 수 있도록 하려는 것임.
주요내용
  근로자 또는 그의 배우자의 출산이나 6세 이하 자녀의 보육 관련 급여를 지급하는 경우 해당 급여의 10%에 상당하는 금액을 해당 과세연도의 소득세 또는 법인세에서 공제함(안 제104조의21 신설).","강성종,강창일,김부겸,김상희,김성순,김우남,김진표",기획재정위원회
김진표,34,1806617,PRC_X0C9E1D1Z1J7X1E7P4G5H4R7F3O4D3,고등교육법 일부개정법률안,의결,2009-11-17,2011-12-30,대안폐기,"제안이유
  2004년 국가인권위는 시간강사에 대하여 대학강의의 50%를 차지하고 있음에도 불구하고, 법적인 신분이 보장되지 않고, 의료보험·국민연금 등 4대보험 혜택이 없으며, 최저생계비에도 미치지 못하는 저임금 상태를 개선하라고 교육인적자원부에 권고한 바 있음. 5년이 지난 지금에도 시간강사들의 법적 지위 및 처우는 개선되지 못하고 있는 상황임. 오히려 대학들은 비정규직 보호법을 회피하기 위하여 주직업이 있는 강사만 고용하거나, 수업시수를 5시간 미만으로 계약하는 등 시간강사들을 이기적으로 이용하고 있어 시간강사들의 차별은 더욱 심각한 상황임.
  따라서 시간강사들에게 교원으로서의 법적 지위를 부여함으로써 학내 구성원으로서 차별받지 않도록 하여 시간강사들에 대한 처우 개선과 강의의 질을 높여 전체 고등교육의 질적 향상을 도모하려는 것임.
주요내용
  강사(연구강사 및 시간강사)에게 교원으로서의 법적 지위를 부여함(안 제14조제2항).","권영길,김영진,김진표,김춘진,안민석,이찬열,조승수",교육과학기술위원회
김진표,34,1806059,PRC_T0E9N0L9D1M7T1E4V4F5O2Q9Y1B7P8,게임산업진흥에 관한 법률 일부개정법률안,계류,2009-09-17,"","","제안이유
  현행 인터넷컴퓨터게임시설제공업의 명칭은 게임 외에도 다양한 문화콘텐츠가 유통·제공되고 있는 관련 업종의 특성을 반영하지 못하고 있고, 게임물 등의 유통질서 확립을 위한 게임물 관련사업자 교육은 시·군·구 등 지역별로 진행되고 있어 전국적인 일관성이 부족하다는 비판이 있음.
  또한 게임 관련 협회 및 단체의 국제화 및 자율적인 활동 등에 대한 정부의 지원이 부족하고, 청소년이 출입시간 외에 보호자를 동반하여 게임제공시설에 출입하는 경우 이를 허용하는 명시적 근거규정이 없음. 
  이에 인터넷컴퓨터게임시설제공업의 명칭을 인터넷문화콘텐츠설비제공업으로 변경하여 업종의 특성을 명확히 반영하고, 시·군·구 등 지역별로 진행되고 있는 게임물 관련사업자의 교육을 문화체육관광부장관이 담당하는 것으로 일원화하여 전국적으로 통일성 있고 체계적인 교육이 실시될 수 있도록 하며, 게임 관련 협회 및 단체의 국제화 추진 및 자율적인 활동에 대한 정부의 지원을 확대하는 등 현행 게임산업의 진흥과 관련된 제도의 운영과정에서 나타난 일부 미비점 등을 개선ㆍ보완하려는 것임.
주요내용
  가. 인터넷컴퓨터게임시설제공업의 명칭을 인터넷문화콘텐츠설비제공업으로 변경하여 현재 게임 외에 다양한 문화콘텐츠가 유통·제공되고 있는 업종의 특성을 반영함(안 제2조제7호).
  나. 게임물 관련사업자 교육을 시장·군수·구청장에서 문화체육관광부장관으로 변경함(안 제9조제3항).
  다. 정부가 게임관련 협회 등의 국제단체 설립과 국제교류에 대하여 지원할 수 있도록 함(안 제10조제1항제4호 신설).
  라. 청소년이 보호자를 동반하거나 대통령령으로 정하는 출입동의서를 받은 경우에는 출입시간 외에도 게임제공시설에 출입할 수 있도록 허용함(안 제28조제7호 단서 신설).
  마. 게임협회 등은 게임산업이 건전하게 유지되도록 교육업무 및 자율정화 활동을 할 수 있도록 함(안 제39조제3항).","강성종,김성곤,김영진,김장수,김재윤,김정권,김진표",문화체육관광방송통신위원회
김진표,34,1803918,PRC_D0I9Z0D2N2N4Y1H7I5X7N2V2J0V4L9,교육공무원법 일부개정법률안,의결,2009-02-24,2011-06-29,대안폐기,"제안이유
  전문화된 교사를 요구하는 시대의 요청에 부응하기 위해서는 현행 교사자격체제를 보다 분화하여 상위 자격 취득을 유도하고 이를 통하여 교사의 능력과 자질을 향상시킬 수 있는 제도가 필요함. 
  이에 따라 교사 본인의 능력과 자질 향상은 물론 새로운 교수방법을 개발·보급하고, 교내외 현장연구와 연수를 지도하는 등 교사의 교수-학습활동을 지원하는 역할을 하는 상위의 교사자격인 수석교사제를 도입하려는 것임. 
주요내용
  가. 수석교사의 자격은 「유아교육법」 제22조제2항 또는 「초·중등교육법」 제21조제2항의 자격이 있는 자로 함(안 제6조의2 신설).
  나. 수석교사는 최초로 임용된 때부터 5년마다 대통령령이 정하는 일정기준의 연수과정을 이수하여야 하며, 이를 이수하지 못할 경우 대통령령이 정하는 바에 따라 수석교사로서의 직무 및 보수 등을 제한할 수 있도록 함(안 제29조의3제2항 신설).
참고사항
  이 법률안은 「유아교육법 일부개정법률안」(의안번호 제3916호)과「초·중등교육법 일부개정법률안」(의안번호 제3917호)의 의결을 전제로 하는 것이므로 같은 법률안이 의결되지 아니하거나 수정의결 되는 경우에는 이에 맞추어 조정하여야 할 것임.","강창일,권영진,김동철,김상희,김성곤,김영진,김용구",교육과학기술위원회
김진표,34,1803917,PRC_F0V9I0B2L2U4S1Z7D5P8B4T4T0G6A4,초·중등교육법 일부개정법률안,의결,2009-02-24,2011-06-29,대안폐기,"제안이유
  전문화된 교사를 요구하는 시대의 요청에 부응하기 위해서는 현행 교사자격체제를 보다 분화하여 상위 자격 취득을 유도하고 이를 통하여 교사의 능력과 자질을 향상시킬 수 있도록 할 필요성이 있음. 따라서 새로운 교수방법을 개발·보급하고, 교사의 교수-학습활동을 적극적으로 지원하는 역할을 수행하게 되는 수석교사를 초·중등교육단계에 둘 수 있도록 하려는 것임.
주요내용
  학교에 두는 교원에 수석교사를 포함하고, 이들의 임무와 자격기준을 신설하려는 것임(안 제19조부터 제21조까지).
참고사항
  이 법률안은 「유아교육법 일부개정법률안」(의안번호 제3916호)의 의결을 전제로 하는 것이므로 같은 법률안이 의결되지 아니하거나 수정의결 되는 경우에는 이에 맞추어 조정하여야 할 것임.","강창일,권영진,김동철,김상희,김성곤,김영진,김용구",교육과학기술위원회
김진표,34,1803916,PRC_N0K9C0D2S2D4X1K7T5X7C5C3M6W2X3,유아교육법 일부개정법률안,의결,2009-02-24,2011-06-29,대안폐기,"제안이유 및 주요내용
  전문화된 교사를 요구하는 시대의 요청에 부응하기 위해서는 현행 교사자격체제를 보다 분화하고 상위자격을 마련하여 교사의 능력과 자질을 향상시킬 필요가 있으며, 이를 위하여 제도화된 수석교사를 유아교육단계에도 두어 새로운 교수방법을 개발·보급하고, 교사의 교수-학습활동을 적극적으로 지원하도록 하려는 것임(안 제20조부터 제22조까지).
참고사항
  이 법률안은 「초·중등교육법 일부개정법률안」(의안번호 제3917호)의 의결을 전제로 하는 것이므로 같은 법률안이 의결되지 아니하거나 수정의결 되는 경우에는 이에 맞추어 조정하여야 할 것임.","강창일,권영진,김동철,김상희,김성곤,김영진,김용구",교육과학기술위원회
김진표,34,1803838,PRC_V0W9B0S2D1R3S1G8O1U6T1N3B0V3M0,교원의 노동조합 설립 및 운영 등에 관한 법률 일부개정법률안,계류,2009-02-13,"","","제안이유
  현행법에 따르면 2이상의 노동조합이 설립되어 있는 경우 교섭창구를 단일화하여 단체교섭을 요구하도록 함에 따라 특정 노동조합이 거부할 경우 다른 노동조합들이 교섭자체를 요구하지 못하는 실정임.
  이에 사용자교섭대표가 단체교섭 요구기간을 일정기간 공고하고 그 공고기간 내에 관련 노동조합이 단체교섭을 요구할 수 있도록 함으로써 특정노조가 교섭요구를 거부·해태하는 경우에도 교섭요구를 할 수 있도록 보완하여 단체교섭요구권을 원활히 행사할 수 있도록 하는 한편, 노동조합간 합의에 의하여 교섭단을 정하기 곤란한 경우 중앙노동위원회를 통한 조합원수에 비례하는 교섭단 구성절차를 마련함으로써 관련 분쟁을 예방하고 단체교섭이 효율적으로 실시되도록 하려는 것임.
주요내용
  가. 교원의 정의에 「초·중등교육법」에 따른 전문상담교사와 산학겸임교사 및 「유아교육법」에 따른 유치원 교사 등을 추가하고, “교섭단”을 마련하여 복수의 노동조합을 대표하여 단체교섭을 하고 단체협약을 체결하도록 함(안 제2조).
  나. 단체협약이나 임용권자의 동의가 있는 경우 노동조합 업무에만 종사할 수 있도록 함(안 제5조제1항).
  다. 단체교섭의 요구·공고 절차 등을 마련하여 특정노조가 교섭요구를 거부·해태하는 경우에도 관련 노동조합이 교섭을 요구할 수 있도록 교섭절차를 보완함(안 제6조의 신설).
  라. 단체교섭을 요구한 노동조합이 2 이상인 경우에는 20일 이내에 합의에 의하여 교섭단을 구성하도록 하되, 20일이 경과한 경우 중앙노동위원회가 비례대표제에 따라 조합원수에 비례하여 교섭단을 결정하도록 함(안 제6조의3 및 제6조의4 신설).
  마. 교섭단에 단체교섭 및 협약체결권을 부여하고, 교섭위원들의 자율적 합의로 의사결정 기준을 정하되, 합의가 어려울 경우 전체 교섭위원 과반수의 찬성으로 의사결정 기준을 마련하도록 함(안 제6조의5 신설).
  바. 교섭에 참여한 노조와 그 조합원 및 사용자에게 단체협약이 적용되도록 명시함으로써 교섭과정에 노조의 성실한 참여를 유도 함(안 제6조의6 신설).
  사. 단체협약을 사용자가 일방적으로 파기하여 단체협약 효력이 상실될 경우 노동조합 활동 보장에 관해 규정한 단체협약 조항을 새로운 단체협약이 체결될 때까지 효력을 유지하도록 함(안 제7조의3 신설).
  아. 교섭창구 단일화 규정이 2009년 12월 31일 까지만 효력을 가지도록 한 규정을 삭제함(법률 제5727호 부칙 제2항 삭제).","김상희,김영진,김용구,김재윤,김진표,김효석,노영민",환경노동위원회
김진표,34,1803806,PRC_E0S9S0H2R1X2I1Y6N1Q5R1B8H6O4K0,국방·군사시설이전 특별회계법 일부개정법률안,계류,2009-02-12,"","","제안이유 및 주요내용
  국방·군사시설을 이전하면서 기부 대 양여로 인하여 발생하는 수입은 이 법에 따라 국방·군사시설특별회계의 세입으로 전입하고 그 세출 항목으로 국방·군사시설 매수 및 이전에 소요되거나 이전지역 주변지역의 지역주민 편익을 위한 공익시설 설치에 소요되는 경비 등에 사용하도록 하는 규정은 있으나, 당해 이전부대가 직접 사용할 수 있도록 하는 규정은 없음.
  따라서 이전부대가 속한 군의 국방력 증강 및 사기앙양 등을 위하여 부대이전으로 발생하는 세입의 일정 부분을 당해 이전부대가 속한 군을 위해 국방부가 직접 사용할 수 있도록 근거를 마련함(안 제5조제4호의2 신설).
참고사항
  이 법률안은 김진표의원이 대표발의한 「도심항공작전기지 이전 및 지원에 관한 특별법안」(의안번호 제3805호)의 의결을 전제로 하는 것이므로 같은 법률안이 의결되지 아니하거나 수정의결 되는 경우 이에 맞추어 조정하여야 할 것임.","강기정,김동철,김부겸,김상희,김성곤,김영록,김영진",국방위원회
김진표,34,1803805,PRC_J0P9T0E2L1B2U1O6Y1F2C5H6I7B9G5,도심항공작전기지 이전 및 지원에 관한 특별법안,계류,2009-02-12,"","","제안이유
  남북이 대치하고 있는 상황에서 국가안보는 무엇과도 바꿀 수 없는 소중한 것임. 그러나 국민의 재산권과 건강권 역시 소중함. 특히 수십 년 전에 건설된 군용항공기지의 경우 도시의 자연적인 팽창에 따라 도시 중심에 위치하게 됨으로써 군용항공기로부터 발생하는 소음피해 때문에 주민들의 건강권이 침해되고 아이들의 교육환경이 열악하게 될 뿐 아니라 주거환경에도 큰 피해가 잇따르고 있음. 이에 더하여 「군사기지 및 군사시설 보호법」에 따라 주변지역 전체가 고도제한에 묶여 시민 개개인의 재산권 행사는 물론 각종규제로 인하여 도시가 슬럼화되고 슬럼화된 구도심은 다시 개발에 큰 장애를 겪는 등 악순환 고리를 형성하는 원인으로 작용하고 있음. 
  최근 이러한 군용항공기지 주변지역 주민들이 건강침해 및 소음피해에 대한 대책을 요구하고 있고, 민원을 넘어서 피해보상에 대한 법적 소송으로 대처하기 시작하면서 도심 내 군용항공기지 운영에 있어 막대한 관리비용이 발생하고 있음. 이와 더불어 국회에서도 소음방지 및 주변지역 지원과 관련된 입법을 다양하게 제출하는 등 도심 내 군용항공기지의 운영에 막대한 차질이 발생하고 있음.
  이러한 제반 문제점들로 인하여 도심 내 군용항공기지 이전에 대한 당위성은 존재하나, 그 동안 지자체 및 여러 부처간 협의와 인허가 과정이 힘들어 도심 내 군용항공기지 이전 추진이 현실적으로 어려운 실정임. 이에 관련기관들의 협의과정과 절차를 대폭 간소화하고 종합적이고 체계적인 계획을 세워 효율적인 기지이전이 이루어질 수 있도록 하는 제도적 보완이 필요함. 
  또한 도심 내 군용항공기지 이전에 있어서 공군 및 관련 지방자치단체가 보다 적극적으로 이전사업을 추진할 수 있도록 매각 잉여금 및 개발이익의 일부를 이전하는 부대가 속한 군의 국방력 증강과 종전부지주변지역 및 이전부지주변지역을 지원하도록 하는 제도적 근거를 마련함.
주요내용
  가. 이 법은 도심 내 항공작전기지로 인하여 발생하는 주민들의 각종피해와 항공작전기지의 관리비용 증대를 방지하기 위하여 도심 내 항공작전기지 이전을 추진 및 지원하고, 종전부지, 종전부지주변지역, 이전부지 및 이전부지주변지역에 대한 지원사업을 효율적으로 추진함으로써, 지역경제를 진흥시키고 지역 내 균형발전 및 주민복리 증진에 이바지함을 목적으로 함(안 제1조).
  나. 종전부지주변지역 및 이전부지주변지역의 대상범위를 종전부지 및 이전부지가 소재한 시·군·구 및 이와 연접한 시·군·구 중 종전부지, 종전부지주변지역 및 이전부지주변지역 지원위원회가 결정하여 고시한 지역으로 정함(안 제2조).
  다. 정부는 기지로 인하여 발생하는 주민들의 피해와 항공작전기지의 관리비용 증대를 방지하기 위하여 기지 중 기지주변지역 주민피해가 심각하고 이전부지 선정이 용이한 구역을 단계적으로 이전하기 위한 기지이전시책을 추진함(안 제4조).
  라. 종전부지, 종전부지주변지역 및 이전부지주변지역에 관한 중요정책을 심의하기 위하여 국토해양부장관 소속으로 지원위원회를 설치토록 하고, 국토해양부장관은 시·도지사가 수립한 발전종합계획을 지원위원회의 심의를 거쳐 확정하도록 함(안 제6조 및 제7조, 안 제9조 및 제10조).
  마. 연차별 사업계획 수립, 사업시행자 지정, 사업 시행 승인 등 사업 추진에 필요한 절차를 정하도록 하고, 사업의 시행승인을 얻은 경우에는 「국토의 계획 및 이용에 관한 법률」에 따른 도시관리계획의 결정 등 28개 법률에 의한 인·허가 등을 받은 것으로 함(안 제11조부터 제14조까지).
  바. 발전종합계획 추진을 위한 사회간접자본시설 지원, 사업시행에 필요한 토지 등의 수용 및 조성하는 토지 및 시설을 공급할 수 있도록 함(안 제15조부터 제17조까지).
  사. 종전부지, 종전부지주변지역 및 이전부지주변지역의 지역경제 활성화와 낙후지역 발전을 촉진하기 위하여 지역종합개발지구를 지정·개발할 수 있도록 함(안 제18조부터 제20조까지).
  아. 종전부지를 처분하기 전에 지상물, 위험물, 토양오염 등을 제거토록 하고, 종전부지주변지역 및 이전부지주변지역에 대한 환경기초조사를 실시하여 환경오염 및 예방대책을 수립·시행토록 함(안 제21조, 제31조).
  자. 국가는 지방자치단체가 발전종합계획에 포함된 사업추진을 위하여 사용하고자 하는 종전부지가 하천으로 편입되거나 도로·공원 등으로 조성하고자 하는 경우, 대통령령으로 정하는 바에 따라 매입비용의 일부를 보조할 수 있도록 함(안 제22조).
  차. 과밀억제지역 및 성장관리지역 중 발전종합계획 및 지역종합개발사업계획에 의하여 종전부지 및 종전부지주변지역에 추진하는 산업단지 및 공업용지 조성사업에 대해서는 건축면적 500제곱미터 이상인 공장의 신·증설을 허용하도록 하되, 공장신설을 허용하는 업종은 대통령령으로 정하도록 함(안 제23조).
  카. 종전부지, 종전부지부변지역 및 이전부지주변지역 등에 외국인투자지역 지정, 학교이전, 교육재정 지원, 고용안정사업 등을 시행할 수 있도록 함(안 제24조부터 제27조까지).
  타. 발전종합계획 추진을 위해 사회복지 및 교육문화관광시설, 농림해양수산업 등을 지원할 수 있도록 함(안 제28조부터 제30조까지).
  파. 사업시행으로 설치된 새로운 공공시설의 경우 귀속·양도 등을 할 수 있도록 하고, 기지이전사업으로 인하여 발생하는 수입에 대하여 이전부대가 속하는 군의 국방력 향상을 목적으로 사용할 수 있도록 예외규정을 마련(안 제32조 및 34조). 
  하. 발전종합계획에 포함된 사업을 효율적으로 추진하기 위해 국고보조금, 지방교부세 지원, 민간사업자에 대한 보조 융자, 조세 및 부담금의 감면 등을 할 수 있도록 하고 종전부지주변지역의 부동산가격 안정을 위하여 필요한 조치를 하도록 함(안 제35조부터 제37조까지).","강기정,김동철,김부겸,김상희,김성곤,김영록,김영진",국방위원회
김진표,34,1802988,PRC_P0V8C1R2Y1R1Q1D8W2C2B1N2L0R8J9,지방교육재정교부금법 일부개정법률안,계류,2008-12-11,"","","제안이유 및 주요내용
  교육세 세입의 전액을 재원으로 하는 「교육발전기금법」제정에 따라 지방교육재정교부금의 재원에서 교육세액을 제외하는 대신 현행 해당 연도 내국세 총액의 100분의 20인 내국세 교부율을 100분의 23으로 조정하여 지방자치단체가 교육기관 및 교육행정기관을 설치·운영함에 필요한 재원으로 사용되는 지방교육재정교부금을 현재 수준으로 보전하려는 것임(안 제3조). 
참고사항
  이 법률안은 김진표의원이 대표발의한 「교육발전기금법안」(의안번호 제2822호)의 의결을 전제로 하는 것이므로 같은 법률안이 의결되지 아니하거나 수정의결 되는 경우에는 이에 맞추어 조정되어야 할 것임.","김동철,김부겸,김성순,김진표,김춘진,박지원,신낙균",교육과학기술위원회
김진표,34,1802823,PRC_C0W8T1V2B0A3Z1V3R1J0F3H6Z1B3A0,국가재정법 일부개정법률안,계류,2008-12-03,"","","■ 제안이유 
  GDP 대비 재정의 고등교육지원액 비중은 OECD 평균이 1.1%임에 반하여 우리나라는 0.6%에 불과한 실정이므로 OECD와의 격차인 0.5%에 해당하는 5조원 규모의 기금을 조성하여 가장 취약한 부분인 고등교육과 유아교육에 집중지원하는 ？교육발전기금법？의 재원 마련을 위한 기금 설치 근거를 마련하려는 것임. 
■ 주요내용 
  「교육발전기금법」에 규정하고 있는 교육발전기금을 이 법에 따른 기금에 포함함(안 별표2 제63호 신설).","김동철,김부겸,김성순,김진표,김춘진,박지원,신낙균",기획재정위원회
김진표,34,1802822,PRC_U0P8P1P2F0Z3D1Q3O0X8E4E4Z8G8U8,교육발전기금법안,계류,2008-12-03,"","","■ 제안이유 
  한국의 교육과 인적자원개발 성과는 세계적으로 인정받고 있으며, 초·중등 수준의 학업성취도는 세계 최고 수준이나, 82%에 이르는 세계 최고수준의 대학진학률에도 불구하고, 대학의 진학을 위한 입시경쟁의 과열과 이에 따른 높은 사교육 의존도로 우리나라의 사교육비는 통계청 추산 20조원(민간경제연구소 추산 33조원)에 이르고 있으며, 경제·사회적 수요에 미치지 못하는 대학교육으로 인해 고등교육의 성과나 국제적 평가는 저조한 실정임. 
  교육예산은 국내총생산(GDP)의 5% 수준이나 재정지원이 초·중·고에 집중되고 있고, 대학지원예산은 GDP의 0.6%에 불과한 실정이며 이는 OECD 평균인 1.1%와 큰 격차를 보이고 있음. 
  정부는 조세제도 간소화를 위해 목적세인 교육세를 폐지하고자 하나, 교육세는 ‘교육투자 재원마련’이라는 특정목적에 사용하도록 국민들이 동의한 세금이므로 교육세 폐지를 10년간 연기하고 그 재원으로 5조원 규모의 교육발전기금을 조성하여 가장 취약한 부분인 고등교육과 유아교육에 지원하여 유아교육·초중등교육·고등교육·평생교육으로 이어지는 전체 교육단계에서 경쟁력 있는 교육시스템을 구축하려는 것임. 
■ 주요내용 
  가. 이 법은 고등교육 경쟁력 강화, 인문학 진흥 및 유아교육지원사업에 필요한 자금을 안정적으로 확보하기 위하여 교육발전기금을 설치하고 그 관리·운용에 관하여 필요한 사항을 규정하는 것을 목적으로 함(안 제1조).
  나. 교육발전기금은 정부의 출연금,「교육세법」에 따른 교육세 세입액 전액, 정부 외의 자의 출연금 등으로 조성함(안 제3조제1항).
  다. 교육발전기금은 대학구조개혁 지원 사업, 전문대학 특성화 및 교육역량강화사업, 한국학 진흥 사업, 유아교육 지원사업에 사용하도록 함(안 제4조).
  라. 교육발전기금은 교육과학기술부장관이 관리·운용하되, 교육과학기술부장관은 기금 관련 사무의 일부를 한국학술진흥재단, 한국학중앙연구원 및 교육과학기술부장관이 지정하는 법인에게 위탁할 수 있음(안 제6조).","강기정,김동철,김부겸,김상희,김성순,김유정,김재윤",교육과학기술위원회
김진표,34,1801887,PRC_Z0Z8L1W1R1K1D1J7F2D2T1P3R9B1Z7,학교용지 확보 등에 관한 특례법 일부개정법률안,의결,2008-11-11,2009-04-30,대안폐기,"제안이유
  공공기관이 시행하는 대규모 택지개발사업지역에서 공립학교용지를 공급하는 때에는 이 법에 따라 초등학교와 중학교의 경우 조성원가의 50% 가격으로, 고등학교의 경우 조성원가의 70% 가격으로 공급하도록 하고 있으나, 사립학교에 대해서는 이와 같은 특례가 없음.  
  우리나라의 경우 중학교와 고등학교 단계에서 사립학교가 공교육의 상당부분을 분담하고 있고, 택지개발사업으로 인하여 늘어나는 학교신설 수요를 적기에 해결하여야 할 필요성이 있는 반면 학교용지구입비용으로 인한 재정부담은 큰 실정임. 
  따라서 학교용지 매입에 따른 재정부담을 완화하기 위하여 국가·지방자치단체, 정부투자기관 등의 개발사업시행자가 공급하는 학교용지의 공급가격을 무상공급 또는 대폭 인하하고, 학교신설을 원하는 사립학교법인의 경우에도 공립학교용지 공급가액과 동일하게 학교용지를 공급하도록 하려는 것임.  
주요내용                     
  가. 국가·지방자치단체, 한국토지공사·대한주택공사 등 정부투자기관,「지방공기업법」에 따른 지방공사 등이 공급하는 학교용지의 공급가액은 초등·중학교는 무상으로, 고등학교는 조성원가의 100분의 30으로 하되, 2천가구 규모 미만의 개발사업을 시행하는 경우에는 학교용지 공급가액을 초등학교와 중학교는 학교용지 조성원가의 100분의 30으로 하고, 고등학교는 학교용지 조성원가의 100분의 50으로 함(안 제4조제3항제1호). 
  나. 개발사업시행자는 교육감의 승인을 받은「사립학교법」제2조제2항의 학교법인에게 공립학교에 공급하는 학교용지와 같은 가격으로 학교용지를 공급할 수 있음(안 제4조의2 신설).","김진표,문학진,박기춘,박병석,백재현,신낙균,신학용",교육과학기술위원회
김진표,34,178086,PRC_Y0Z8V0X1C2D1O1L4D4X3S2F3V9X9X5,지방세법 일부개정법률안,의결,2008-01-21,2008-05-29,임기만료폐기,"■ 제안이유 
  유상거래로 취득·등기하는 주택에 대하여 취득세와 등록세를 50% 경감하던 것을 75% 경감하여 주택거래시 세부담을 완화함으로써 서민주거안정을 지원하고 주택거래 활성화를 도모하고자 함.
■ 주요내용 
  주택거래에 대한 취득세 및 등록세의 세액을 각각 75% 경감하여 2011년 12월 31일까지 적용함(안 제273조의2 및 부칙 제2항).","김진표,김효석,문석호,송영길,오영식,우제창,이경숙",행정자치위원회
김진표,34,178080,PRC_X0R8D0P1R1Y6K1G7Y2H2O4G3X8P0C1,소득세법 일부개정법률안,의결,2008-01-16,2008-02-26,대안폐기,"■ 제안이유 
  보유세와 함께 양도소득세를 동시에 강화한 결과 거래가 과도하게 동결되어 부동산 침체가 계속되고 있고, 또한 주택거래와 연관된 서민경제가 냉각되어 다방면에서 부작용이 발생하고 있음.
  이에 현행 최고 45%까지 제한되어 있는 장기보유특별공제율을 확대하여 1가구 1주택 장기보유자의 세부담 완화 및 주택거래를 활성화하고자 함. 
■ 주요내용 
  현재 최고 45%로 제한되어 있는 장기보유특별공제율을 3년 이상 12%부터 매년 4%씩 적용하여 20년 이상일 경우 80%까지 확대하도록 함.","김진표,김효석,문석호,송영길,오영식,우제창,이경숙",재정경제위원회
김진표,34,177776,PRC_F0O7E1X1P0B9W1Z8G1S0X5Z4G3D2Z2,지방공무원법 일부개정법률안,의결,2007-11-09,2008-05-29,임기만료폐기,"■ 제안이유 
  지방공무원법 제72조 및 지방공무원징계및소청규정 제1조의3에 의하여 시·군·자치구의 5급 이상 공무원, 연구관·지도관의 징계사건을 시·도인사위원회가 심의·의결하고 있으나,
  5급 이상 공무원 임용권은 시장·군수·자치구청장에게, 징계권은 시·도인사위원회에 부여하여 임용권과 징계권을 분리하는 것은 이론상 맞지 않고 인사행정의 기본원칙에 배치되며 어느 국가에서도 유례를 찾아볼 수 없는 불합리한 제도이며, 인사권의 본질적 내용인 징계권을 시장·군수·자치구청장으로부터 박탈하는 것은 기초자치단체장의 자치조직권, 인사권을 무시하는 것임.
  시 소속공무원의 징계 의결권을 시(市)인사위원회가 의결하지 못하고 전혀 법인격이 다른 도(道)인사위원회가 행사하는 결과, 징계절차가 지연되고 도인사위원회가 개최될 때마다 시의 공무원들이 도로 출장하여 4~5시간씩 대기하여야 하므로 행정력 낭비가 극심하며, 징계대상 공무원이 심리적 불안감을 등으로 직무능률이 떨어지는 등 매우 비효율적임.
  징계대상자에 대하여 시가 가장 잘 알고 있으므로 시가 징계의 여부 및 정도를 결정해야만 징계의 공정성을 기할 수 있으나, 상황을 모르는 도가 징계를 결정하므로 징계의 형평성이 결여되는 경향이 있음.
  또한 지방공무원법 제32조에 의하여 시·군·자치구는 6급·7급 공무원 신규임용시험을 실시할 권한이 없고, 시·도단위로 시·도인사위원회가 실시하며, 임용예정직에 관련이 있는 자격증소지자의 특별임용시험도 동일하나,
  인구 50만 이상 대도시는 지방공무원의 신규임용, 승진, 전직 등 시험실시와 임용관련 업무가 신속하게 처리되어 적시에 결원보충을 하여야 하나, 이 규정으로 인하여 원활한 인사운영에 어려움을 겪고 있으며, 행정서비스 제공에 차질을 빚거나 사각지대(死角地帶)가 생기기도 함.
  그러므로 인구 50만 이상 대도시에는 광역시에 준하는 특례를 인정하여 6급 이하 공무원의 신규임용시험 및 임용자격증 소지자에 대한 특별임용시험과 5급 이상 공무원의 징계심의·소청심사권한을 부여하도록 하고, 제1인사위원회와 제2인사위원회 및 소청심사위원회를 설치·운영할 수 있도록 하려는 것임.
■ 주요내용 
  가. 인구 50만 이상의 시(이하 “대도시”라 한다)에 필요한 경우 제1인사위원회와 제2인사위원회를 둘 수 있도록 함.(안 제7조제1항).
  나. 대도시에 복수의 인사위원회를 두는 경우 제1인사위원회의 위원장은 일반직 지방공무원으로 보하는 부시장이 되고, 제2인사위원회의 위원장은 다른 1명의 부시장 또는 인사를 담당하는 국장이 되도록 함(안 제9조제2항). 
  다. 공무원의 징계 기타 처분이나 부작위에 대한 소청을 심사·결정하기 위하여 대도시에 시(市)소청심사위원회를 두도록 하고, 위원은 대도시의 장이 임명 또는 위촉하도록 함(안 제13조 및 제14조제2항).
  라. 시 소청심사위원회의 간사 및 서기는 대도시의 장이 그 소속공무원 중에서 임명토록 함(안 제16조제2항).
  마. 대도시는 6급 및 7급 공무원의 신규임용시험 및 임용예정직에 관련이 있는 자격증 소지자의 특별임용시험을 시인사위원회에서 실시하도록 하고, 시장은 우수인력의 확보 또는 시험관리상 필요한 때에는 시 인사위원회에 시험의 실시를 요구할 수 있도록 함(안 제32조제1항, 제4항, 제6항)
  바. 대도시에 있어서는 5급 이상 공무원 또는 이와 관련된 하위직공무원의 징계를 당해 시인사위원회의 의결로 행하고, 징계의결이 경하다고 인정하는 때에는 당해 시 제1인사위원회에 재심사를 청구할 수 있도록 함.(안 제72조제1항 및 제3항).","김진표,김춘진,남경필,노영민,박상돈,배기선,심재덕",행정자치위원회
김진표,34,177775,PRC_W0E7M1Q1P0N9P1C7E5L1Y3S1R6S0M8,지방자치법 일부개정법률안,의결,2007-11-09,2008-05-29,임기만료폐기,"■ 제안이유 
  (1) 지방자치법 제4조제3항 및 행정자치부의 「행정구역실무편람」의 일반구 설치 등의 업무처리요령에 의하여 시ㆍ군ㆍ자치구가 일반구와 읍·면·동을 폐치(廢置)하거나 분합(分合)할 때에는 시ㆍ도지사를 경유하여 행정자치부장관의 승인을 얻어 당해 지방자치단체의 조례로 정하게 되어 있으나, 도지사를 경유하면서 처리가 매우 지연되고 있음. 
  업무의 성질상 일반구와 읍ㆍ면ㆍ동의 명칭 및 구역을 폐치ㆍ분합하는 이유와 구체적 내용에 대하여는 도지사보다 당해 시장ㆍ군수ㆍ구청장이 더 잘 알고 있고 사안의 성질상 시장ㆍ군수가 판단할 사항임에도, 이를 도가 또 검토함으로써 2중절차를 거치고 있어 행정력 낭비와 처리지연을 초래하고 있음. 그러므로 인구 50만 이상의 시의 장(이하 “대도시의 장”이라 한다)은 도지사를 경유하지 않고 행정자치부장관에게 바로 승인 신청을 할 수 있도록 하려는 것임. 
  (2) 국가-광역자치단체-기초자치단체 간의 권한을 정하는 것은 통치주체 간의 통치권력을 배분하는 사항으로서 법률, 특히 상위법으로 명백히 규정해야 하나, 지방자치법 제10조제1항제2호는 ‘인구 50만 이상의 시(이하 “대도시”라 한다)가 직접 처리할 수 있는 도의 사무’를 법률로 규정하지 않고 시행령으로 정하도록 하고 있어, 개별법이 대도시의 특례규정 내용과 다르게 국가 또는 시ㆍ도의 권한으로 규정하고 있는 경우에는 ‘법률우위의 원칙’에 의하여 지방자치법시행령(제10조제2항, 〔별표 3〕)은 효력이 없다 할 것이므로, 
  대도시의 권한에 관한 특례를 지방자치법에 규정하고 법률에 이와 다른 규정이 있는 경우에는 지방자치법에 따르도록 하려는 것임.
  (3) 지방자치법 제91조제1항은 지방의회에 두는 사무직원의 정수를 조례로 정한다고 규정하고 있으나, 실제로는 대통령령(지방자치단체의행정기구와정원기준등에관한규정 제10조의3)으로 상세히 규정하고 있어 대통령령은 위법이라고 판단되므로, 
  지방의회의 사무기구 설치 및 공무원 직급책정에 있어 지방자치단체가 준수해야 할 최소한의 기준만 지방자치법으로 정하고 그 외에는 당해 지방자치단체가 자주적으로 정하도록 하도록 하려는 것임.
  (4) 대도시는 행정수요가 양적으로 팽창하고 질적으로 다기화(多岐化)ㆍ고도화(高度化)되어 있고, 그 중에는 인구가 광역시 수준이고 관할구역도 넓어 광역시와 유사한 곳이 있음에도, 기초자치단체라는 지위 때문에 기능과 업무량이 과소평가 됨으로써 행ㆍ재정 면에서 차별과 불이익을 받고 있으며, 부시장 정수도 그러함. 
  인구가 100만 명을 넘었음에도 수도권에 있다는 이유만으로 광역시로 승격되지 못하는 불이익을 당하고 있는데, 부시장 수까지 1인으로 제한하는 것은 타당하지 않으므로, 인구 100만 이상의 시에는 부시장 2인(1인은 정무부시장)을 두어 대도시 행정수요에 효율적으로 대처하고, 시정을 종합적으로 기획ㆍ조정할 수 있도록 하려는 것임. 대도시의 일반구에는 부구청장이 없어 구청장 부재 시에 신속한 직무대리 및 정책결정의 필요에 대응하지 못하는 실정이므로 일반구에 부구청장 1인을 두려는 것임. 
  (5) 지방자치법 제112조제2항은 지방자치단체에 두는 행정기구의 설치와 지방공무원의 정원은 인건비 등 대통령령으로 정하는 기준에 따라 그 지방자치단체의 조례로 정하도록 규정하여, 지방자치법에는 아무런 규정을 두지 않고 대통령령에 포괄 위임하고 있어서 위헌의 소지가 있음. 실제로 대통령령(지방자치단체의행정기구와정원기준등에관한규정 〔별표 2〕, 〔별표 3〕은 지방자치단체의 행정기구와 공무원 정원에 관하여 과도하게 규제하고 있어 지방자치단체가 조례로 정할 사항은 거의 없고, 대통령령에 규정된 내용을 그대로 옮겨서 조례로 제정하는 실정임. 
  정부는 지방자치단체가 과(課)단위 이하의 기구는 자율적으로 설치하되 국(局)단위(4급)기구는 현행 기구설치기준을 준수하며 행정자치부장관과 사전 협의를 거치도록 하는 내용의 총액인건비제를 시행할 예정이나, 총액인건비제란 지방자치단체가 인건비성 경비의 총액을 기준으로 하여 각 지역의 여건에 맞게 행정기구와 지방공무원 정원을 자율적으로 정하도록 하는 제도이므로,
  지방자치단체의 행정기구의 설치 및 공무원 정원책정에 관하여 지방자치단체가 준수해야 할 최소한의 사항만 지방자치법으로 정하고, 그 외에는 지방자치단체가 조례로 정하도록 하려는 것임. 
■ 주요내용 
  가. 자치구가 아닌 구와 읍·면·동을 폐지하거나 설치하거나 나누  거나 합치는 때에 인구 50만이상의 시(이하 ""대도시""라 한다)의 장은 도지사를 경유하지 않고 바로 행정자치부장관에게 승인신청을 할 수 있도록 함(안 제4조제3항).
  나. 제10조제1항제2호 단서에서 ""인구 50만이상의 시""를 '자치구가 아닌 구가 설치된 시'라고 하면 구를 설치하지 않은 시는 인구가 50만이 넘더라도 제외되므로 '주민등록상의 인구수가 50만 이상인 시'로 규정하고, 대도시가 직접 처리할 수 있는 도의 사무의 예시를 대통령령으로 정하지 않고 이 법에 규정하면서, 다른 법률에 이와 다른 규정이 있는 경우에는 이 규정이 우선하도록 함(안 제10조의2). 
  다. 지방의회의 위원회에 두는 전문위원, 공무원의 직급과 정수 및 지방의회 사무직원의 직급 등을 정함(안 제59조제3항 내지 제5항, 제91조제2항 신설).
  라. 인구 100만 이상 시의 부시장 정수를 2명으로 하고, 그 중 1명은  별정직 지방공무원으로 보하며 그 자격기준은 그 지방자치단체의 조례로 정하도록 함.(안 제110조제1항제3호, 같은 조제4항 및 제6항).
  마. 지방자치단체의 행정기구의 설치 및 지방공무원의 정원책정을 인건비 등 대통령령으로 정하는 기준에 따라 지방자치단체의 조례로 정하게 되어 있는 것을, 지방자치단체의 자치조직권을 보장하기 위하여  행정기구의 설치 및 정원책정 기준을 법에 규정하고, 지방공무원의 종류별 정원 및 일반직 지방공무원의 직급별 정원은 그 지방자치단체의 조례로 정하되, 정무직공무원과 별정직공무원의 정원은 그 지방자치단체의 지방공무원 총정원의 100분의 2 이내로 하도록 하며, 자치구가 아닌 구의 구청장 직급을 조정하고 부구청장을 신설하며, 지방자치단체의 장이 행정기구의 개편과 지방공무원의 정원을 조정한 때에는 이를 행정자치부장관에게 보고하도록 함(안 제112조제2항 내지 제4항, 제112조의2, 제112조의3 신설).","김진표,김춘진,남경필,노영민,박상돈,배기선,심재덕",행정자치위원회
김진표,34,176863,PRC_M0O7B0A6A1V5W1B7P0W2I2I9J1X0M4,특수형태근로종사자 보호 등에 관한 법률안,의결,2007-06-14,2008-05-29,임기만료폐기,"■ 제안이유 
고용형태가 다변화됨에 따라 근로자와 자영인의 중간영역에 종사하는 자들이 확산되고 있으나, 이들은 근로자가 아니어서 노동법적 보호대상이 되지 못하고 또한 타인을 사용하지 않는 일인자영인이어서 공정거래 관련 법의 보호도 충분히 받지 못하고 있는 경우가 많아, 이들에 대한 법적 보호 문제가 사회적 과제로 대두되고 있음.
  이처럼 근로자와 자영인의 중간영역에 종사하는 자로서 사회적 보호의 필요성이 있는 자를 “특수형태근로종사자”로 정의하여 노동법적 보호를 함으로써, 특수형태근로종사자의 경제적·사회적 지위를 향상시키고 균형 있는 국민경제의 발전을 도모하기 위하여 이 법을 제정하려는 것임.
■ 주요내용 
  가. “특수형태근로종사자”(이하 “종사자”라 한다)는 ‘주로 하나의 사업 또는 사업장에 그 운영에 필요한 노무를 상시적으로 제공하고 보수를 받아 생활하며, 노무를 제공함에 있어 타인을 사용하지 아니하고, 근로자와 유사하게 노무를 제공하는데도 「근로기준법」등 노동관계법이 적용되지 아니하여 보호할 필요가 있는 자로서 대통령령으로 정하는 직종에 종사하는 자’로 함(안 제2조). 
  나. 상시 5명 이상의 종사자를 사용하는 모든 사업 또는 사업장을 이 법의 적용 대상으로 하고, 상시 5명 미만은 대통령령으로 정하는 바에 따라 일부 규정을 적용할 수 있으며, 종사자라 하더라도 보수가 대통령령으로 정하는 금액 이상인 자는 대통령령으로 정하는 일부 규정을 적용하지 아니할 수 있음(안 제3조).
  다. 사업주는 집단적 노무제공의 거부가 아닌 단체의 정당한 활동으로 손해를 입은 경우에는 단체나 그 구성원에 대해 배상을 청구할 수 없음(안 제4조제1항).
  라. 사업주는 종사자에 대하여 남녀의 성(性)을 이유로 차별적 대우를 하지 못하고, 국적·신앙 또는 사회적 신분을 이유로 노무제공 조건에 관한 차별적 처우를 하지 못함(안 제5조).
  마. 사업주와 종사자는 노무제공에 관한 계약을 서면으로 작성하고, 종사자의 요구가 있으면 그 종사자에게 교부하여야 함(안 제6조).
  바. 사업주는 종사자에게 합리적인 이유 없이 계약을 해지하지 못하고, 계약을 해지하려면 적어도 14일 전에 예고를 하여야 하며, 사업주가 부당한 해지를 하면 종사자는 노동위원회에 그 구제를 신청할 수 있음(안 제7조부터 제9조까지).
  사. 사업주는 보수를 통화로 직접 종사자에게 그 전액을 지급하여야 하고, 다른 법령 또는 제22조에 따른 협정서에 특별한 규정이 있는 경우에는 보수의 일부를 공제하거나 통화 이외의 것으로 지급할 수 있으며, 보수를 받을 수 있는 권리는 3년간 행사하지 아니하면 시효로 소멸함(안 제10조 및 제11조).
  아. 사업주는 1년 이상 사용한 종사자에게 연간 12일의 범위에서 휴가를 주되 청구한 시기에 주어야 하고, 청구한 시기에 휴가를 주는 것이 사업 운영에 막대한 지장이 있는 경우에는 그 시기를 변경할 수 있음(안 제12조).
  자. 종사자에게 ？남녀고용평등법？, ？산업안전보건법？ 등에서 정하고 있는 기준에 준하여 임산부의 보호, 육아 휴직, 직장 내 성희롱의 금지 및 예방, 산업안전과 보건에 관한 조항을 적용함(안 제13조부터 제16조까지).
  차. 상시 30명 이상의 종사자와 계약을 체결한 사업주는 종사자의 고충을 청취하고 이를 처리하는 고충처리위원을 두어야 함(안 제17조).
  카. 이 법에서 정하는 기준에 미치지 못하는 계약을 정한 경우에는 그 부분에 한하여 무효로 하고, 무효로 된 부분은 이 법에서 정한 기준에 따름(안 제19조).
  타. 종사자는 노무제공과 관련하여 사업주와 협의를 통하여 계약조건의 향상을 목적으로 하는 단체를 자유롭게 조직하고 가입할 수 있음(안 제20조).
  파. 단체의 대표자는 노무제공에 관한 계약조건에 대해 사업주나 사업주단체와 협의할 권한을 가지며, 계약이 체결된 협정에 위반하거나 계약에 규정되지 아니한 사항은 협정에서 정한 기준에 따름(안 제21조 및 제22조).
  하. 협의가 결렬되거나 당사자의 일방이 정당한 이유 없이 협의에 응하지 않으면 단체 또는 사업주는 노동위원회에 조정을 신청할 수 있고, 노동위원회가 제시한 조정안은 협정과 같은 효력을 가짐(안 제23조).
  거. 노동위원회는 당사자가 함께 중재를 신청하거나, 당사자 일방의 신청으로 특수형태근로종사자위원회에서 중재에 회부하는 결정을 한 때에는 중재를 행함(안 제24조).
  너. 제9조의 부당해지 등의 권리구제 신청에 따른 심판, 제23조 및 제24조에 따른 조정 및 중재를 행하기 위하여 노동위원회 내에  특수형태근로종사자위원회를 둠(안 제25조).
  더. 사업주는 종사자가 단체에 가입 또는 가입하려고 한 행위, 단체를 조직하려고 한 행위, 단체의 업무를 위한 정당한 행위를 한 것을 이유로 계약을 해지하거나 불이익을 주는 행위를 하여서는 아니 되고, 권리를 침해당한 종사자 또는 단체는 노동위원회에 구제를 신청할 수 있음(안 제29조 및 제30조).
  러. 노무제공에 관한 계약조건에 대해 단체와 사업주 사이의 협의 그 밖에 이를 위한 행위에 대하여는 「독점규제 및 공정거래에 관한 법률」 제19조 및 제26조(제1항제4호를 제외한다)를 적용하지 아니함(안 제35조).","김선미,김영주,김진표,김현미,서혜석,선병렬,신명",환경노동위원회
김진표,34,175302,037773,직능인경제활동지원에관한법률 일부개정법률안,의결,2006-11-08,2008-05-29,임기만료폐기,"■ 제안이유
‘직능인의 의식을 개혁하고 그들의 신지식·신기술을 경제활동에 활용할 수 있도록 적극지원함으로써 복지사회 구현과 국민경제발전에 이바지’하기 위한 목적으로 지난 2002년 2월 141명의 의원이 공동으로 발의한 동법은, ‘지원법’이라는 당초 입법취지와는 달리 직능인의 날 제정, 직능인에 대한 훈·포상 이외에 실질적인 지원조항이 모두 삭제된 채 2004년 3월 의결됨. 그리고 직능경제인에 대한 지원은 경제적인 관점에서 접근해야 함에도 동법 제정 당시 직능경제인을 총괄하는 주무부서가 없어 일반적인 단체를 감독하는 행정자치부 소관으로 함에 따라 지금까지 ‘지원법’임에도 ‘지원책’이 없는 유명무실한 상태로 존치해 왔음.
  국가경쟁력 강화와 서민경제 활성화를 위하여 서비스 산업 육성이 절실히 요구되는 상황에서, 서비스 산업을 책임지고 있는 천만 직능인들에 대한 정부의 적극적인 지원대책이 필요함.
  따라서 소관부서를 지난 2005년 8월 ‘서비스경제과’가 신설된 재정경제부로 이관하고, 정부가 직능단체를 실질적으로 지원할 수 있는 근거를 마련하려는 것임.
■ 주요내용
  가. 직능단체의 연합회의 설립인가 주무부처와 지도·감독 기관을 재정경제부로 함(안 제4조제4항 및 제9조).
  나. 직능인종합지원센터에 대한 정부의 지원을 위한 근거를 마련함(안 제6조제2항 및 제3항).","강기정,강창일,김근태,김덕규,김동철,김부겸,김선미",행정자치위원회
김진표,34,170371,028440,특별소비세법중개정법률안,의결,2004-09-02,2004-09-23,수정가결,"■ 제안이유
  국민소득수준의 향상에 따른 소비대중화 추세에 맞춰 특별소비세의 과세목적을 세부담 역진성 완화에서 외부불경제의 시정으로 전환함에 따라 과세대상품목을 합리적으로 조정하는 한편,
  대기오염 저감 및 에너지절약 기술의 개발을 지원하고자 특별소비세 잠정세율 적용대상을 확대하여 환경친화형 자동차 등에 대한 특별소비세를 경감할 수 있도록 하려는 것임.
■ 주요내용
  가. 공기조절기, 골프용품, 레저용품 등을 특별소비세 과세대상에서 제외함(안 제1조제2항제1호가목).
  나. 프로젝션 TV(영상투사방식의 텔레비전수상기와 그 관련제품) 및 PDP TV(플라즈마영상표시방식의 텔레비전수상기와 그 관련제품)를 특별소비세 과세대상에서 제외함(안 제1조제2항제1호나목).
  다. 녹용, 로얄제리 및 방향용 화장품을 특별소비세 과세대상에서 제외함(안 제1조제2항제1호다목).
  라. 보석류·귀금속제품 및 고급사진기 등을 특별소비세 과세대상에서 제외함(안 제1조제2항제2호).
  마. 저공해 및 에너지절약 등 환경친화형 자동차에 대한 특별소비세 잠정세율 적용근거를 마련함(안 제1조의2제1항 및 제2항).","강기정,강봉균,김기석,김종률,김진표,김형주,문석호",재정경제위원회
김진표,34,170198,028205,국채법중개정법률안,의결,2004-07-15,2004-12-29,수정가결,"■ 제안이유
   국채의 원금에 대한 소멸시효는 5년인 반면 이자에 대한 소멸시효는 2년에 불과하여 지급기일부터 2년이 경과한 후에는 국채소지자가 이자를 받지 못하는 피해가 발생하는 사례가 있음. 국채소지자의 입장에서 볼 때 원금과 이자에 관한 권리간에 법률에서 다르게 대우하는 것은 해당 국민에게 크나큰 재산손실을 가져올 우려가 있으므로 국채이자의 소멸시효를 원금과 같이 5년으로 함으로써 국채매입자의 권익을 보호하려는 것임.
■ 주요내용
  국채이자의 상환청구권의 소멸시효를 2년에서 5년으로 연장함(안 제17조).","강봉균,김명자,김정부,김진표,박영선,신국환,신중식",재정경제위원회
